PartyId,CollisionId,PartyNumber,PartyType,IsAtFault,IsOnDutyEmergencyVehicle,IsHitAndRun,AirbagCode,AirbagDescription,SafetyEquipmentCode,SafetyEquipmentDescription,Special Information,Other Associate Factor,Inattention,DirectionOfTravel,StreetOrHighwayName,SpeedLimit,MovementPrecCollCode,MovementPrecCollDescription,SobrietyDrugPhysicalCode1,SobrietyDrugPhysicalDescription1,SobrietyDrugPhysicalCode2,SobrietyDrugPhysicalDescription2,GenderCode,GenderDescription,StatedAge,DriverLicenseClass,DriverLicenseStateCode,RaceCode,RaceDesc,Vehicle1TypeId, Vehicle1TypeDesc, Vehicle1Year,Vehicle1Make,Vehicle1Model,Vehicle1Color,V1IsVehicleTowed,Vehicle2TypeId, Vehicle2TypeDesc, Vehicle2Year,Vehicle2Make,Vehicle2Model,Vehicle2Color,V2IsVehicleTowed,Lane,ThruLanes,TotalLanes,IsDREConducted
296387,157145,1,Driver,,False,False,M,AIR BAG NOT DEPLOYED,G,OCCUPANT LAP SHOULDER HARNESS USED,CELL PHONE NOT IN USE,STOP & GO TRAFFIC,,N,US-101,65.0,H,SLOWING/STOPPING,A,HAD NOT BEEN DRINKING,,,F,FEMALE,41.0,C,CA,A,ASIAN,1.0,PassengerCarStationWagonJeep,2013.0,NISS,LEAF,BLU,,,,,,,,,,,,
296362,157134,2,Driver,,False,False,M,AIR BAG NOT DEPLOYED,G,OCCUPANT LAP SHOULDER HARNESS USED,CELL PHONE NOT IN USE,NONE APPARENT,,N,Camden Ave,35.0,A,STOPPED,A,HAD NOT BEEN DRINKING,,,F,FEMALE,36.0,C,CA,A,ASIAN,1.0,PassengerCarStationWagonJeep,2002.0,VW,Beetle,YEL,,,,,,,,,,,,
296361,157134,1,Driver,True,False,True,B,UNKNOWN,B,OCCUPANT UNKNOWN,CELL PHONE NOT IN USE,NONE APPARENT,,N,Camden Ave,35.0,B,PROCEEDING STRAIGHT,G,IMPAIRMENT_NOT_KNOWN,,,,,,,,,,99.0,OtherUnknownHitAndRunDriver,,,,/BLK,,,,,,,,,,,,
296140,157021,2,Driver,,False,False,M,AIR BAG NOT DEPLOYED,G,OCCUPANT LAP SHOULDER HARNESS USED,CELL PHONE NOT IN USE,ENTERING OR LEAVING RAMP,,N,SR-87,65.0,A,STOPPED,A,HAD NOT BEEN DRINKING,,,F,FEMALE,32.0,C,CA,O,OTHER,1.0,PassengerCarStationWagonJeep,2016.0,NISS,SENTRA,GRY,,,,,,,,,,,,
296139,157021,1,Driver,True,False,False,M,AIR BAG NOT DEPLOYED,G,OCCUPANT LAP SHOULDER HARNESS USED,CELL PHONE NOT IN USE,ENTERING OR LEAVING RAMP,,N,SR-87,65.0,B,PROCEEDING STRAIGHT,A,HAD NOT BEEN DRINKING,,,F,FEMALE,33.0,C,CA,W,WHITE,1.0,PassengerCarStationWagonJeep,2007.0,VOLK,JETTA,BLK,,,,,,,,,,,,
296120,157011,2,Driver,,False,False,M,AIR BAG NOT DEPLOYED,G,OCCUPANT LAP SHOULDER HARNESS USED,CELL PHONE NOT IN USE,NONE APPARENT,,N,US-101 N/B TO I-680 N/B,65.0,B,PROCEEDING STRAIGHT,A,HAD NOT BEEN DRINKING,,,M,MALE,,C,CA,B,BLACK,26.0,TwoAxleTruck,2008.0,ISU,NPR,WHI,,,,,,,,,,,,
296119,157011,1,Driver,,False,False,M,AIR BAG NOT DEPLOYED,G,OCCUPANT LAP SHOULDER HARNESS USED,CELL PHONE NOT IN USE,NONE APPARENT,,N,US-101 N/B TO I-680 N/B,65.0,B,PROCEEDING STRAIGHT,A,HAD NOT BEEN DRINKING,,,M,MALE,51.0,U,CA,H,HISPANIC,22.0,PickupsAndPanels,1997.0,FORD,RANGER,RED,,,,,,,,,,,,
296068,156984,2,Driver,,False,False,M,AIR BAG NOT DEPLOYED,G,OCCUPANT LAP SHOULDER HARNESS USED,CELL PHONE NOT IN USE,NONE APPARENT,,S,SR-87,65.0,A,STOPPED,A,HAD NOT BEEN DRINKING,,,M,MALE,54.0,C,CA,W,WHITE,22.0,PickupsAndPanels,2014.0,NISS,Frontier,BLK,,,,,,,,,,,,
296067,156984,1,Driver,True,False,False,L,AIR BAG DEPLOYED,G,OCCUPANT LAP SHOULDER HARNESS USED,CELL PHONE NOT IN USE,NONE APPARENT,,S,SR-87,65.0,B,PROCEEDING STRAIGHT,A,HAD NOT BEEN DRINKING,,,F,FEMALE,42.0,C,CA,O,OTHER,8.0,MiniVan,2006.0,HOND,Odyssey,GRN,,,,,,,,,,,,
296035,156969,3,Driver,,False,False,M,AIR BAG NOT DEPLOYED,G,OCCUPANT LAP SHOULDER HARNESS USED,CELL PHONE NOT IN USE,VC SECTION VIOLATED - 22350,,S,SR-85,65.0,B,PROCEEDING STRAIGHT,A,HAD NOT BEEN DRINKING,,,M,MALE,66.0,C,CA,H,HISPANIC,22.0,PickupsAndPanels,1996.0,CHEV,Silverado,GRN,,,,,,,,,,,,
296034,156969,2,Driver,,False,False,M,AIR BAG NOT DEPLOYED,G,OCCUPANT LAP SHOULDER HARNESS USED,CELL PHONE NOT IN USE,NONE APPARENT,,S,SR-85,65.0,A,STOPPED,A,HAD NOT BEEN DRINKING,,,M,MALE,27.0,C,CA,W,WHITE,7.0,SportUtilityVehicle,2000.0,JEEP,Cherokee,BLK,,,,,,,,,,,,
296033,156969,1,Driver,True,False,False,L,AIR BAG DEPLOYED,G,OCCUPANT LAP SHOULDER HARNESS USED,CELL PHONE NOT IN USE,NONE APPARENT,,S,SR-85,65.0,B,PROCEEDING STRAIGHT,A,HAD NOT BEEN DRINKING,,,F,FEMALE,49.0,C,CA,W,WHITE,1.0,PassengerCarStationWagonJeep,1997.0,HONDA,ACCORD,WHT,,,,,,,,,,,,
296020,156962,3,Driver,,False,False,M,AIR BAG NOT DEPLOYED,G,OCCUPANT LAP SHOULDER HARNESS USED,CELL PHONE NOT IN USE,NONE APPARENT,,S,I-680,65.0,H,SLOWING/STOPPING,A,HAD NOT BEEN DRINKING,,,M,MALE,66.0,C,CA,O,OTHER,8.0,MiniVan,2001.0,CHRY,Town and Count,RED,,,,,,,,,,,,
296019,156962,2,Driver,,False,False,M,AIR BAG NOT DEPLOYED,G,OCCUPANT LAP SHOULDER HARNESS USED,CELL PHONE NOT IN USE,NONE APPARENT,,S,I-680,65.0,H,SLOWING/STOPPING,A,HAD NOT BEEN DRINKING,,,F,FEMALE,36.0,C,CA,H,HISPANIC,1.0,PassengerCarStationWagonJeep,2013.0,MERB,C250,WHT,,,,,,,,,,,,
296018,156962,1,Driver,True,False,False,M,AIR BAG NOT DEPLOYED,G,OCCUPANT LAP SHOULDER HARNESS USED,CELL PHONE NOT IN USE,NONE APPARENT,,S,I-680,65.0,B,PROCEEDING STRAIGHT,A,HAD NOT BEEN DRINKING,,,M,MALE,54.0,C,CA,W,WHITE,8.0,MiniVan,2013.0,FORD,Transit,WHT,,,,,,,,,,,,
296008,156959,2,Driver,,False,False,M,AIR BAG NOT DEPLOYED,G,OCCUPANT LAP SHOULDER HARNESS USED,CELL PHONE NOT IN USE,NONE APPARENT,,N,SR-85,65.0,B,PROCEEDING STRAIGHT,A,HAD NOT BEEN DRINKING,,,M,MALE,35.0,C,CA,H,HISPANIC,22.0,PickupsAndPanels,2006.0,DODGE,Ram 1500 ,SIL,,,,,,,,,,,,
296007,156959,1,Driver,True,False,False,M,AIR BAG NOT DEPLOYED,G,OCCUPANT LAP SHOULDER HARNESS USED,CELL PHONE NOT IN USE,NONE APPARENT,,N,SR-85,65.0,L,ENTERING TRAFFICD,A,HAD NOT BEEN DRINKING,,,M,MALE,29.0,F,TX,A,ASIAN,1.0,PassengerCarStationWagonJeep,2016.0,BUIC,Lacrosse,WHT,,,,,,,,,,,,
295949,156929,4,Driver,,False,True,B,UNKNOWN,B,OCCUPANT UNKNOWN,CELL PHONE NOT IN USE,NONE APPARENT,,N,US101,65.0,A,STOPPED,G,IMPAIRMENT_NOT_KNOWN,,,,,,,,,,99.0,OtherUnknownHitAndRunDriver,,UNKNOWN,,,,,,,,,,,,,,
295948,156929,3,Driver,,False,False,M,AIR BAG NOT DEPLOYED,G,OCCUPANT LAP SHOULDER HARNESS USED,CELL PHONE NOT IN USE,NONE APPARENT,,N,US101,65.0,A,STOPPED,A,HAD NOT BEEN DRINKING,,,M,MALE,43.0,C,CA,A,ASIAN,1.0,PassengerCarStationWagonJeep,2003.0,INFI,G35,WHI,,,,,,,,,,,,
295947,156929,2,Driver,,False,False,L,AIR BAG DEPLOYED,G,OCCUPANT LAP SHOULDER HARNESS USED,CELL PHONE NOT IN USE,NONE APPARENT,,N,US101,65.0,A,STOPPED,A,HAD NOT BEEN DRINKING,,,F,FEMALE,33.0,C,CA,B,BLACK,1.0,PassengerCarStationWagonJeep,2010.0,MAZD,5,SIL,,,,,,,,,,,,
295946,156929,1,Driver,True,False,False,M,AIR BAG NOT DEPLOYED,G,OCCUPANT LAP SHOULDER HARNESS USED,CELL PHONE NOT IN USE,NONE APPARENT,,N,US101,65.0,B,PROCEEDING STRAIGHT,A,HAD NOT BEEN DRINKING,,,F,FEMALE,29.0,C,CA,B,BLACK,7.0,SportUtilityVehicle,2000.0,NISS,PATH,SIL,,,,,,,,,,,,
295746,156828,1,Driver,True,False,False,L,AIR BAG DEPLOYED,G,OCCUPANT LAP SHOULDER HARNESS USED,CELL PHONE NOT IN USE,NONE APPARENT,,S,US101,65.0,R,OTHER,A,HAD NOT BEEN DRINKING,,,M,MALE,17.0,C,CA,A,ASIAN,1.0,PassengerCarStationWagonJeep,1996.0,TOYOTA,Avalon,WHI,,,,,,,,,,,,
295653,156781,5,Driver,,False,False,M,AIR BAG NOT DEPLOYED,G,OCCUPANT LAP SHOULDER HARNESS USED,CELL PHONE NOT IN USE,STOP & GO TRAFFIC,,N,SR-87,65.0,B,PROCEEDING STRAIGHT,A,HAD NOT BEEN DRINKING,,,F,FEMALE,45.0,C,CA,H,HISPANIC,1.0,PassengerCarStationWagonJeep,2001.0,HOND,Civic,WHI,,,,,,,,,,,,
295652,156781,4,Driver,,False,False,M,AIR BAG NOT DEPLOYED,G,OCCUPANT LAP SHOULDER HARNESS USED,CELL PHONE NOT IN USE,STOP & GO TRAFFIC,,N,SR-87,65.0,B,PROCEEDING STRAIGHT,A,HAD NOT BEEN DRINKING,,,F,FEMALE,45.0,C,CA,H,HISPANIC,1.0,PassengerCarStationWagonJeep,2011.0,FORD,Fusion,SIL,,,,,,,,,,,,
295651,156781,3,Driver,,False,False,M,AIR BAG NOT DEPLOYED,G,OCCUPANT LAP SHOULDER HARNESS USED,CELL PHONE NOT IN USE,STOP & GO TRAFFIC,,N,SR-87,65.0,H,SLOWING/STOPPING,A,HAD NOT BEEN DRINKING,,,M,MALE,36.0,C,CA,W,WHITE,1.0,PassengerCarStationWagonJeep,2012.0,MINI,Cooper,GRY,,,,,,,,,,,,
295650,156781,2,Driver,,False,False,M,AIR BAG NOT DEPLOYED,G,OCCUPANT LAP SHOULDER HARNESS USED,CELL PHONE NOT IN USE,STOP & GO TRAFFIC,,N,SR-87,65.0,H,SLOWING/STOPPING,A,HAD NOT BEEN DRINKING,,,M,MALE,45.0,C,CA,A,ASIAN,1.0,PassengerCarStationWagonJeep,2002.0,MERZ,C230,SIL,,,,,,,,,,,,
295649,156781,1,Driver,True,False,False,L,AIR BAG DEPLOYED,G,OCCUPANT LAP SHOULDER HARNESS USED,CELL PHONE NOT IN USE,VC SECTION VIOLATED - 22350 / STOP & GO TRAFFIC,,N,SR-87,65.0,B,PROCEEDING STRAIGHT,B,HBD-UNDER INFLUENCE,,,F,FEMALE,42.0,C,CA,H,HISPANIC,22.0,PickupsAndPanels,2008.0,TOYOTA,Tundra,GRN,,,,,,,,,,,,
295605,156758,2,Driver,,False,False,M,AIR BAG NOT DEPLOYED,G,OCCUPANT LAP SHOULDER HARNESS USED,CELL PHONE NOT IN USE,NONE APPARENT,,N,I-680 N/B FROM ALUM ROCK,65.0,B,PROCEEDING STRAIGHT,A,HAD NOT BEEN DRINKING,,,F,FEMALE,45.0,C,CA,A,ASIAN,7.0,SportUtilityVehicle,2012.0,TOYT,HI,BLU,,,,,,,,,,,,
295604,156758,1,Driver,True,False,False,L,AIR BAG DEPLOYED,G,OCCUPANT LAP SHOULDER HARNESS USED,CELL PHONE NOT IN USE,NONE APPARENT,,N,I-680 N/B FROM ALUM ROCK,65.0,B,PROCEEDING STRAIGHT,A,HAD NOT BEEN DRINKING,,,M,MALE,29.0,U,CA,H,HISPANIC,22.0,PickupsAndPanels,2003.0,CHEVY,S10,MRN,,,,,,,,,,,,
295576,156743,3,Driver,,False,False,M,AIR BAG NOT DEPLOYED,G,OCCUPANT LAP SHOULDER HARNESS USED,CELL PHONE NOT IN USE,NONE APPARENT,,S,I-280,65.0,A,STOPPED,A,HAD NOT BEEN DRINKING,,,M,MALE,58.0,C,CA,A,ASIAN,1.0,PassengerCarStationWagonJeep,2007.0,HOND,Accord,TAN,,,,,,,,,,,,
295575,156743,2,Driver,,False,False,M,AIR BAG NOT DEPLOYED,G,OCCUPANT LAP SHOULDER HARNESS USED,CELL PHONE NOT IN USE,NONE APPARENT,,S,I-280,65.0,H,SLOWING/STOPPING,A,HAD NOT BEEN DRINKING,,,F,FEMALE,28.0,C,CA,A,ASIAN,7.0,SportUtilityVehicle,2006.0,TOYT,RAV4,SIL,,,,,,,,,,,,
295574,156743,1,Driver,True,False,False,M,AIR BAG NOT DEPLOYED,G,OCCUPANT LAP SHOULDER HARNESS USED,CELL PHONE NOT IN USE,NONE APPARENT,,S,I-280,65.0,B,PROCEEDING STRAIGHT,A,HAD NOT BEEN DRINKING,,,M,MALE,,C,CA,W,WHITE,22.0,PickupsAndPanels,1997.0,FORD,F-250,GRN/WHI,,,,,,,,,,,,
295489,156700,2,Driver,,False,False,M,AIR BAG NOT DEPLOYED,G,OCCUPANT LAP SHOULDER HARNESS USED,CELL PHONE NOT IN USE,NONE APPARENT,,S,US-101,65.0,A,STOPPED,A,HAD NOT BEEN DRINKING,,,M,MALE,46.0,C,CA,O,OTHER,1.0,PassengerCarStationWagonJeep,2008.0,BMW,528i,GRY,,,,,,,,,,,,
295488,156700,1,Driver,True,False,True,B,UNKNOWN,B,OCCUPANT UNKNOWN,CELL PHONE NOT IN USE,NONE APPARENT,,S,US-101,65.0,B,PROCEEDING STRAIGHT,G,IMPAIRMENT_NOT_KNOWN,,,,,,,,,,99.0,OtherUnknownHitAndRunDriver,,,,,,,,,,,,,,,,
295470,156690,2,Driver,,False,False,M,AIR BAG NOT DEPLOYED,G,OCCUPANT LAP SHOULDER HARNESS USED,CELL PHONE NOT IN USE,ENTERING OR LEAVING RAMP,,S,US-101,65.0,B,PROCEEDING STRAIGHT,A,HAD NOT BEEN DRINKING,,,F,FEMALE,27.0,U,CA,H,HISPANIC,1.0,PassengerCarStationWagonJeep,2004.0,NISSAN,Maxima,SIL,,,,,,,,,,,,
295469,156690,1,Driver,True,False,False,M,AIR BAG NOT DEPLOYED,G,OCCUPANT LAP SHOULDER HARNESS USED,CELL PHONE NOT IN USE,ENTERING OR LEAVING RAMP,,S,US-101,65.0,B,PROCEEDING STRAIGHT,A,HAD NOT BEEN DRINKING,,,M,MALE,38.0,C,CA,A,ASIAN,1.0,PassengerCarStationWagonJeep,2005.0,HONDA,Accord,SIL,,,,,,,,,,,,
295410,156657,5,Driver,,False,False,M,AIR BAG NOT DEPLOYED,G,OCCUPANT LAP SHOULDER HARNESS USED,CELL PHONE NOT IN USE,VC SECTION VIOLATED - 22350,,W,SR-237,65.0,B,PROCEEDING STRAIGHT,A,HAD NOT BEEN DRINKING,,,M,MALE,56.0,C,CA,O,OTHER,1.0,PassengerCarStationWagonJeep,2015.0,NISS,Juke,WHI,,,,,,,,,,,,
295409,156657,4,Driver,True,False,False,M,AIR BAG NOT DEPLOYED,G,OCCUPANT LAP SHOULDER HARNESS USED,CELL PHONE NOT IN USE,NONE APPARENT,,W,SR-237,65.0,B,PROCEEDING STRAIGHT,A,HAD NOT BEEN DRINKING,,,M,MALE,29.0,C,CA,O,OTHER,1.0,PassengerCarStationWagonJeep,2014.0,MERB,B-Class,BLK,,,,,,,,,,,,
295408,156657,3,Driver,,False,False,M,AIR BAG NOT DEPLOYED,G,OCCUPANT LAP SHOULDER HARNESS USED,CELL PHONE NOT IN USE,NONE APPARENT,,W,SR-237,65.0,H,SLOWING/STOPPING,A,HAD NOT BEEN DRINKING,,,M,MALE,58.0,C,CA,W,WHITE,22.0,PickupsAndPanels,2002.0,DODG,Dakota,BLU,,,,,,,,,,,,
295407,156657,2,Driver,,False,False,M,AIR BAG NOT DEPLOYED,G,OCCUPANT LAP SHOULDER HARNESS USED,CELL PHONE NOT IN USE,NONE APPARENT,,W,SR-237,65.0,A,STOPPED,A,HAD NOT BEEN DRINKING,,,M,MALE,55.0,C,CA,W,WHITE,22.0,PickupsAndPanels,2001.0,TOYT,Tundra,GOL,,,,,,,,,,,,
295406,156657,1,Driver,,False,False,M,AIR BAG NOT DEPLOYED,G,OCCUPANT LAP SHOULDER HARNESS USED,CELL PHONE NOT IN USE,NONE APPARENT,,W,SR-237,65.0,A,STOPPED,A,HAD NOT BEEN DRINKING,,,M,MALE,22.0,C,CA,A,ASIAN,22.0,PickupsAndPanels,2007.0,CHEV,Silverado,WHI,,,,,,,,,,,,
295299,156602,1,Driver,True,False,False,L,AIR BAG DEPLOYED,G,OCCUPANT LAP SHOULDER HARNESS USED,CELL PHONE NOT IN USE,NONE APPARENT,,S,SR-85 N/B,65.0,C,RAN OFF ROAD,C,HBD-NOT UNDER INFLUENCE,,,F,FEMALE,20.0,C,CA,H,HISPANIC,1.0,PassengerCarStationWagonJeep,2000.0,VOLKS,Beetle,BLU,,,,,,,,,,,,
295244,156576,2,Driver,,False,False,L,AIR BAG DEPLOYED,G,OCCUPANT LAP SHOULDER HARNESS USED,CELL PHONE NOT IN USE,NONE APPARENT,,S, I-880,65.0,B,PROCEEDING STRAIGHT,A,HAD NOT BEEN DRINKING,,,M,MALE,32.0,,,H,HISPANIC,8.0,MiniVan,1998.0,FORD,Van,WHI,,,,,,,,,,,,
295243,156576,1,Driver,True,False,False,M,AIR BAG NOT DEPLOYED,G,OCCUPANT LAP SHOULDER HARNESS USED,CELL PHONE NOT IN USE,ENTERING OR LEAVING RAMP,,S, I-880,65.0,R,OTHER,A,HAD NOT BEEN DRINKING,,,M,MALE,13.0,C,CA,A,ASIAN,1.0,PassengerCarStationWagonJeep,1995.0,BMW,M3,BLK,,,,,,,,,,,,
295232,156571,3,Driver,,False,False,M,AIR BAG NOT DEPLOYED,G,OCCUPANT LAP SHOULDER HARNESS USED,CELL PHONE NOT IN USE,NONE APPARENT,,S,I-280,65.0,B,PROCEEDING STRAIGHT,A,HAD NOT BEEN DRINKING,,,M,MALE,28.0,C,CA,H,HISPANIC,22.0,PickupsAndPanels,2008.0,GMC,Sierra,BLK,,,,,,,,,,,,
295231,156571,2,Driver,,False,False,L,AIR BAG DEPLOYED,G,OCCUPANT LAP SHOULDER HARNESS USED,CELL PHONE NOT IN USE,NONE APPARENT,,S,I-280,65.0,B,PROCEEDING STRAIGHT,A,HAD NOT BEEN DRINKING,,,M,MALE,55.0,C,CA,A,ASIAN,1.0,PassengerCarStationWagonJeep,2005.0,TOYO,TC,BLK,,,,,,,,,,,,
295230,156571,1,Driver,True,False,False,M,AIR BAG NOT DEPLOYED,G,OCCUPANT LAP SHOULDER HARNESS USED,CELL PHONE NOT IN USE,NONE APPARENT,,S,I-280,65.0,J,CHANGING LANES,G,IMPAIRMENT_NOT_KNOWN,,,M,MALE,30.0,C,CA,A,ASIAN,1.0,PassengerCarStationWagonJeep,2014.0,LEXU,350 Series,RED,,,,,,,,,,,,
294643,156268,1,Driver,True,False,False,M,AIR BAG NOT DEPLOYED,G,OCCUPANT LAP SHOULDER HARNESS USED,CELL PHONE NOT IN USE,ENTERING OR LEAVING RAMP,,N,SR-85,65.0,C,RAN OFF ROAD,G,IMPAIRMENT_NOT_KNOWN,,,F,FEMALE,68.0,C,CA,B,BLACK,1.0,PassengerCarStationWagonJeep,2000.0,MERZ,CLK430,GRY,,,,,,,,,,,,
294434,156164,2,Driver,,False,False,M,AIR BAG NOT DEPLOYED,G,OCCUPANT LAP SHOULDER HARNESS USED,CELL PHONE NOT IN USE,NONE APPARENT,,N,I-280,65.0,H,SLOWING/STOPPING,A,HAD NOT BEEN DRINKING,,,M,MALE,24.0,C,CA,H,HISPANIC,8.0,MiniVan,2015.0,NISS,NV2500,WHI,,,,,,,,,,,,
294433,156164,1,Driver,True,False,False,M,AIR BAG NOT DEPLOYED,G,OCCUPANT LAP SHOULDER HARNESS USED,CELL PHONE NOT IN USE,NONE APPARENT,,N,I-280,65.0,B,PROCEEDING STRAIGHT,A,HAD NOT BEEN DRINKING,,,M,MALE,46.0,U,CA,B,BLACK,7.0,SportUtilityVehicle,1998.0,CHEV,Tahoe,GRY,,,,,,,,,,,,
294330,156109,2,Driver,,False,False,M,AIR BAG NOT DEPLOYED,G,OCCUPANT LAP SHOULDER HARNESS USED,CELL PHONE NOT IN USE,NONE APPARENT,,S,US-101,65.0,A,STOPPED,A,HAD NOT BEEN DRINKING,,,M,MALE,37.0,C,CA,A,ASIAN,1.0,PassengerCarStationWagonJeep,2005.0,TOYT,COROLLA,GRN,,,,,,,,,,,,
294329,156109,1,Driver,True,False,False,M,AIR BAG NOT DEPLOYED,G,OCCUPANT LAP SHOULDER HARNESS USED,CELL PHONE NOT IN USE,NONE APPARENT,,S,US-101,65.0,H,SLOWING/STOPPING,A,HAD NOT BEEN DRINKING,,,F,FEMALE,31.0,C,CA,A,ASIAN,1.0,PassengerCarStationWagonJeep,2016.0,MERCEDEZ,CLA250,BLK,,,,,,,,,,,,
294223,156054,1,Driver,True,False,False,L,AIR BAG DEPLOYED,G,OCCUPANT LAP SHOULDER HARNESS USED,CELL PHONE NOT IN USE,NONE APPARENT,,S,I-280,65.0,R,OTHER,A,HAD NOT BEEN DRINKING,,,M,MALE,30.0,C,CA,A,ASIAN,1.0,PassengerCarStationWagonJeep,2014.0,AUDI,A5,WHI,,,,,,,,,,,,
294201,156041,3,Driver,,False,False,M,AIR BAG NOT DEPLOYED,G,OCCUPANT LAP SHOULDER HARNESS USED,CELL PHONE NOT IN USE,NONE APPARENT,,N,SR-85,65.0,A,STOPPED,A,HAD NOT BEEN DRINKING,,,M,MALE,18.0,U,CA,H,HISPANIC,1.0,PassengerCarStationWagonJeep,2005.0,SAAB,9-2X,SIL,,,,,,,,,,,,
294200,156041,2,Driver,,False,False,M,AIR BAG NOT DEPLOYED,G,OCCUPANT LAP SHOULDER HARNESS USED,CELL PHONE NOT IN USE,NONE APPARENT,,N,SR-85,65.0,A,STOPPED,A,HAD NOT BEEN DRINKING,,,M,MALE,22.0,C,CA,W,WHITE,22.0,PickupsAndPanels,1993.0,TOYT,PICKUP,GRY,,,,,,,,,,,,
294199,156041,1,Driver,True,False,False,L,AIR BAG DEPLOYED,G,OCCUPANT LAP SHOULDER HARNESS USED,CELL PHONE NOT IN USE,NONE APPARENT,,N,SR-85,65.0,B,PROCEEDING STRAIGHT,A,HAD NOT BEEN DRINKING,,,F,FEMALE,54.0,F,MO,W,WHITE,1.0,PassengerCarStationWagonJeep,2011.0,NISS,SENTRA,BLK,,,,,,,,,,,,
294178,156029,1,Driver,True,False,False,M,AIR BAG NOT DEPLOYED,G,OCCUPANT LAP SHOULDER HARNESS USED,CELL PHONE NOT IN USE,NONE APPARENT / RUNAWAY VEHICLE,,S,I-280 N/B,65.0,R,OTHER,A,HAD NOT BEEN DRINKING,,,F,FEMALE,56.0,C,CA,A,ASIAN,1.0,PassengerCarStationWagonJeep,2007.0,TOYT,CAMRY,SIL,,,,,,,,,,,,
294161,156021,2,Driver,,False,False,M,AIR BAG NOT DEPLOYED,G,OCCUPANT LAP SHOULDER HARNESS USED,CELL PHONE NOT IN USE,NONE APPARENT,,N,SR-87,65.0,B,PROCEEDING STRAIGHT,A,HAD NOT BEEN DRINKING,,,M,MALE,26.0,C,CA,A,ASIAN,1.0,PassengerCarStationWagonJeep,2000.0,TOYT,COROLLA,BLU,,,,,,,,,,,,
294160,156021,1,Driver,True,False,True,B,UNKNOWN,B,OCCUPANT UNKNOWN,CELL PHONE NOT IN USE,NONE APPARENT,,N,SR-87,65.0,B,PROCEEDING STRAIGHT,A,HAD NOT BEEN DRINKING,,,,,,,,,,99.0,OtherUnknownHitAndRunDriver,,,,,,,,,,,,,,,,
294027,155945,2,Driver,,False,False,M,AIR BAG NOT DEPLOYED,G,OCCUPANT LAP SHOULDER HARNESS USED,CELL PHONE NOT IN USE,STOP & GO TRAFFIC,,W,SR-237,65.0,H,SLOWING/STOPPING,A,HAD NOT BEEN DRINKING,,,M,MALE,19.0,F,WA,H,HISPANIC,1.0,PassengerCarStationWagonJeep,2013.0,CHEVY,Cruze,WHI,,,,,,,,,,,,
294026,155945,1,Driver,True,False,False,L,AIR BAG DEPLOYED,G,OCCUPANT LAP SHOULDER HARNESS USED,CELL PHONE NOT IN USE,STOP & GO TRAFFIC,,W,SR-237,65.0,B,PROCEEDING STRAIGHT,A,HAD NOT BEEN DRINKING,,,M,MALE,55.0,F,TN,W,WHITE,1.0,PassengerCarStationWagonJeep,2016.0,TOYOTA,Camry,SIL,,,,,,,,,,,,
294005,155934,3,Driver,,False,False,M,AIR BAG NOT DEPLOYED,G,OCCUPANT LAP SHOULDER HARNESS USED,CELL PHONE NOT IN USE,NONE APPARENT,,W,SR-237,65.0,A,STOPPED,A,HAD NOT BEEN DRINKING,,,F,FEMALE,56.0,C,CA,A,ASIAN,8.0,MiniVan,1997.0,NISS,Quest,SIL,,,,,,,,,,,,
294004,155934,2,Driver,,False,False,M,AIR BAG NOT DEPLOYED,G,OCCUPANT LAP SHOULDER HARNESS USED,CELL PHONE NOT IN USE,NONE APPARENT,,W,SR-237,65.0,B,PROCEEDING STRAIGHT,A,HAD NOT BEEN DRINKING,,,M,MALE,66.0,C,CA,W,WHITE,1.0,PassengerCarStationWagonJeep,2001.0,ACURA,TL,GLD,,,,,,,,,,,,
294003,155934,1,Driver,True,False,False,L,AIR BAG DEPLOYED,G,OCCUPANT LAP SHOULDER HARNESS USED,CELL PHONE NOT IN USE,NONE APPARENT,,W,SR-237,65.0,B,PROCEEDING STRAIGHT,A,HAD NOT BEEN DRINKING,,,F,FEMALE,48.0,C,CA,A,ASIAN,1.0,PassengerCarStationWagonJeep,1995.0,TOYO,Camry,BLK,,,,,,,,,,,,
293705,155780,2,Driver,,False,False,L,AIR BAG DEPLOYED,G,OCCUPANT LAP SHOULDER HARNESS USED,CELL PHONE NOT IN USE,NONE APPARENT,,S,US101,65.0,B,PROCEEDING STRAIGHT,A,HAD NOT BEEN DRINKING,,,F,FEMALE,52.0,C,CA,A,ASIAN,7.0,SportUtilityVehicle,2008.0,TOYT,RAV 4,WHI,,,,,,,,,,,,
293704,155780,1,Driver,True,False,False,M,AIR BAG NOT DEPLOYED,G,OCCUPANT LAP SHOULDER HARNESS USED,CELL PHONE NOT IN USE,ENTERING OR LEAVING RAMP,,S,US101,65.0,P,MERGING,A,HAD NOT BEEN DRINKING,,,M,MALE,23.0,C,CA,B,BLACK,1.0,PassengerCarStationWagonJeep,2007.0,FORD,CROWN VICTORIA,BLK,,,,,,,,,,,,