PartyId,CollisionId,PartyNumber,PartyType,IsAtFault,IsOnDutyEmergencyVehicle,IsHitAndRun,AirbagCode,AirbagDescription,SafetyEquipmentCode,SafetyEquipmentDescription,Special Information,Other Associate Factor,Inattention,DirectionOfTravel,StreetOrHighwayName,SpeedLimit,MovementPrecCollCode,MovementPrecCollDescription,SobrietyDrugPhysicalCode1,SobrietyDrugPhysicalDescription1,SobrietyDrugPhysicalCode2,SobrietyDrugPhysicalDescription2,GenderCode,GenderDescription,StatedAge,DriverLicenseClass,DriverLicenseStateCode,RaceCode,RaceDesc,Vehicle1TypeId, Vehicle1TypeDesc, Vehicle1Year,Vehicle1Make,Vehicle1Model,Vehicle1Color,V1IsVehicleTowed,Vehicle2TypeId, Vehicle2TypeDesc, Vehicle2Year,Vehicle2Make,Vehicle2Model,Vehicle2Color,V2IsVehicleTowed,Lane,ThruLanes,TotalLanes,IsDREConducted
293589,155714,3,Driver,,False,False,M,AIR BAG NOT DEPLOYED,G,OCCUPANT LAP SHOULDER HARNESS USED,CELL PHONE NOT IN USE,NONE APPARENT,,S,I-680,65.0,H,SLOWING/STOPPING,A,HAD NOT BEEN DRINKING,,,F,FEMALE,20.0,C,CA,H,HISPANIC,1.0,PassengerCarStationWagonJeep,2011.0,HYUN,GENESIS,WHI,,,,,,,,,,,,
293588,155714,2,Driver,,False,False,M,AIR BAG NOT DEPLOYED,G,OCCUPANT LAP SHOULDER HARNESS USED,CELL PHONE NOT IN USE,NONE APPARENT,,S,I-680,65.0,B,PROCEEDING STRAIGHT,A,HAD NOT BEEN DRINKING,,,F,FEMALE,34.0,U,CA,H,HISPANIC,1.0,PassengerCarStationWagonJeep,2000.0,HOND,ACCORD,GRN,,,,,,,,,,,,
293587,155714,1,Driver,True,False,False,M,AIR BAG NOT DEPLOYED,G,OCCUPANT LAP SHOULDER HARNESS USED,CELL PHONE NOT IN USE,NONE APPARENT,,S,I-680,65.0,B,PROCEEDING STRAIGHT,A,HAD NOT BEEN DRINKING,,,M,MALE,51.0,C,CA,A,ASIAN,1.0,PassengerCarStationWagonJeep,1997.0,HOND,ACCORD,GRN,,,,,,,,,,,,
293514,155674,3,Driver,,False,False,M,AIR BAG NOT DEPLOYED,G,OCCUPANT LAP SHOULDER HARNESS USED,CELL PHONE NOT IN USE,NONE APPARENT,,S,I-880,65.0,A,STOPPED,A,HAD NOT BEEN DRINKING,,,M,MALE,31.0,C,CA,H,HISPANIC,1.0,PassengerCarStationWagonJeep,2012.0,SUBAR,Impreza,WHI,,,,,,,,,,,,
293513,155674,2,Driver,,False,False,M,AIR BAG NOT DEPLOYED,G,OCCUPANT LAP SHOULDER HARNESS USED,CELL PHONE NOT IN USE,NONE APPARENT,,S,I-880,65.0,H,SLOWING/STOPPING,A,HAD NOT BEEN DRINKING,,,M,MALE,26.0,C,CA,O,OTHER,1.0,PassengerCarStationWagonJeep,2009.0,TOYO,CAMR,GRN,,,,,,,,,,,,
293512,155674,1,Driver,True,False,False,L,AIR BAG DEPLOYED,G,OCCUPANT LAP SHOULDER HARNESS USED,CELL PHONE NOT IN USE,NONE APPARENT,,S,I-880,65.0,B,PROCEEDING STRAIGHT,A,HAD NOT BEEN DRINKING,,,M,MALE,56.0,C,CA,A,ASIAN,7.0,SportUtilityVehicle,1998.0,TOYT,4RUNNER,GRN,,,,,,,,,,,,
293044,155428,2,Driver,,False,False,M,AIR BAG NOT DEPLOYED,G,OCCUPANT LAP SHOULDER HARNESS USED,CELL PHONE NOT IN USE,NONE APPARENT,,S,SR-85,65.0,H,SLOWING/STOPPING,A,HAD NOT BEEN DRINKING,,,M,MALE,22.0,C,CA,W,WHITE,1.0,PassengerCarStationWagonJeep,2012.0,VOLK,GOLF,BLU,,,,,,,,,,,,
293043,155428,1,Driver,True,False,False,M,AIR BAG NOT DEPLOYED,G,OCCUPANT LAP SHOULDER HARNESS USED,CELL PHONE NOT IN USE,NONE APPARENT,,S,SR-85,65.0,B,PROCEEDING STRAIGHT,A,HAD NOT BEEN DRINKING,,,F,FEMALE,18.0,C,CA,W,WHITE,1.0,PassengerCarStationWagonJeep,1999.0,FORD,TAURUS,GLD,,,,,,,,,,,,
292949,155383,2,Driver,,False,False,M,AIR BAG NOT DEPLOYED,G,OCCUPANT LAP SHOULDER HARNESS USED,CELL PHONE NOT IN USE,NONE APPARENT,,N,US-101,65.0,B,PROCEEDING STRAIGHT,A,HAD NOT BEEN DRINKING,,,M,MALE,18.0,C,CA,W,WHITE,22.0,PickupsAndPanels,2002.0,CHEV,Silverado,WHT,,,,,,,,,,,,
292948,155383,1,Driver,True,False,False,M,AIR BAG NOT DEPLOYED,G,OCCUPANT LAP SHOULDER HARNESS USED,CELL PHONE NOT IN USE,NONE APPARENT,,N,US-101,65.0,R,OTHER,A,HAD NOT BEEN DRINKING,,,M,MALE,21.0,C,CA,W,WHITE,1.0,PassengerCarStationWagonJeep,2010.0,TOYO,TC,BLK,,,,,,,,,,,,
292882,155347,3,Driver,,False,False,M,AIR BAG NOT DEPLOYED,G,OCCUPANT LAP SHOULDER HARNESS USED,CELL PHONE NOT IN USE,NONE APPARENT,,S,I-680,65.0,A,STOPPED,A,HAD NOT BEEN DRINKING,,,F,FEMALE,31.0,C,CA,H,HISPANIC,1.0,PassengerCarStationWagonJeep,2007.0,HONDA,CIVIC,BLU,,,,,,,,,,,,
292881,155347,2,Driver,,False,False,M,AIR BAG NOT DEPLOYED,G,OCCUPANT LAP SHOULDER HARNESS USED,CELL PHONE NOT IN USE,NONE APPARENT,,S,I-680,65.0,A,STOPPED,A,HAD NOT BEEN DRINKING,,,M,MALE,51.0,C,CA,A,ASIAN,8.0,MiniVan,2005.0,TOYOTA,Sienna,GRY,,,,,,,,,,,,
292880,155347,1,Driver,True,False,False,M,AIR BAG NOT DEPLOYED,G,OCCUPANT LAP SHOULDER HARNESS USED,CELL PHONE NOT IN USE,NONE APPARENT,,S,I-680,65.0,B,PROCEEDING STRAIGHT,A,HAD NOT BEEN DRINKING,,,M,MALE,20.0,C,CA,H,HISPANIC,8.0,MiniVan,2012.0,CHEV,VAN,WHT,,,,,,,,,,,,
292872,155343,2,Driver,,False,False,P,NOT REQUIRED,W,MOTOR BICYCLE DRIVER WITH HELMET,CELL PHONE NOT IN USE,NONE APPARENT,,N,I-680,65.0,A,STOPPED,A,HAD NOT BEEN DRINKING,,,M,MALE,26.0,M1,CA,W,WHITE,2.0,Motorcycle,2015.0,BMW,S100RR,RED,,,,,,,,,,,,
292871,155343,1,Driver,True,False,False,M,AIR BAG NOT DEPLOYED,G,OCCUPANT LAP SHOULDER HARNESS USED,CELL PHONE NOT IN USE,NONE APPARENT,,N,I-680,65.0,B,PROCEEDING STRAIGHT,A,HAD NOT BEEN DRINKING,,,F,FEMALE,42.0,C,CA,A,ASIAN,7.0,SportUtilityVehicle,2014.0,VOLK,TIGUAN,WHT,,,,,,,,,,,,
292866,155340,3,Driver,,False,False,M,AIR BAG NOT DEPLOYED,G,OCCUPANT LAP SHOULDER HARNESS USED,CELL PHONE NOT IN USE,NONE APPARENT,,S,US-101,65.0,B,PROCEEDING STRAIGHT,A,HAD NOT BEEN DRINKING,,,M,MALE,26.0,C,CA,H,HISPANIC,22.0,PickupsAndPanels,2004.0,FORD,F-250,WHT,,,,,,,,,,,,
292865,155340,2,Driver,,False,False,M,AIR BAG NOT DEPLOYED,G,OCCUPANT LAP SHOULDER HARNESS USED,CELL PHONE NOT IN USE,NONE APPARENT,,S,US-101,65.0,A,STOPPED,A,HAD NOT BEEN DRINKING,,,F,FEMALE,30.0,C,CA,H,HISPANIC,1.0,PassengerCarStationWagonJeep,2005.0,TOYOTA ,SCION Xa,WHT,,,,,,,,,,,,
292864,155340,1,Driver,True,False,False,M,AIR BAG NOT DEPLOYED,G,OCCUPANT LAP SHOULDER HARNESS USED,CELL PHONE NOT IN USE,INATTENTION / ENTERING OR LEAVING RAMP,,S,US-101,65.0,B,PROCEEDING STRAIGHT,A,HAD NOT BEEN DRINKING,,,M,MALE,38.0,C,CA,H,HISPANIC,1.0,PassengerCarStationWagonJeep,2002.0,HONDA,ACCORD,BRN,,,,,,,,,,,,
292805,155312,3,Driver,,False,False,M,AIR BAG NOT DEPLOYED,G,OCCUPANT LAP SHOULDER HARNESS USED,CELL PHONE NOT IN USE,NONE APPARENT,,N,US101,65.0,B,PROCEEDING STRAIGHT,A,HAD NOT BEEN DRINKING,,,F,FEMALE,22.0,C,CA,A,ASIAN,1.0,PassengerCarStationWagonJeep,2000.0,BMW,528I,BLK,,,,,,,,,,,,
292804,155312,2,Driver,,False,False,M,AIR BAG NOT DEPLOYED,G,OCCUPANT LAP SHOULDER HARNESS USED,CELL PHONE NOT IN USE,NONE APPARENT,,N,US101,65.0,B,PROCEEDING STRAIGHT,A,HAD NOT BEEN DRINKING,,,M,MALE,59.0,C,CA,O,OTHER,1.0,PassengerCarStationWagonJeep,2016.0,TOYT,CAMRY,SIL,,,,,,,,,,,,
292803,155312,1,Driver,True,False,False,M,AIR BAG NOT DEPLOYED,G,OCCUPANT LAP SHOULDER HARNESS USED,CELL PHONE NOT IN USE,NONE APPARENT,,N,US101,65.0,R,OTHER,A,HAD NOT BEEN DRINKING,,,M,MALE,46.0,C,CA,B,BLACK,1.0,PassengerCarStationWagonJeep,1995.0,BMW,525,RED,,,,,,,,,,,,
292790,155305,1,Driver,True,False,False,L,AIR BAG DEPLOYED,G,OCCUPANT LAP SHOULDER HARNESS USED,CELL PHONE NOT IN USE,NONE APPARENT,,S,I-680,65.0,R,OTHER,A,HAD NOT BEEN DRINKING,,,F,FEMALE,34.0,C,CA,A,ASIAN,7.0,SportUtilityVehicle,2004.0,ACURA,MDX,WHT,,,,,,,,,,,,
312842,165572,2,Driver,,False,False,M,AIR BAG NOT DEPLOYED,G,OCCUPANT LAP SHOULDER HARNESS USED,CELL PHONE NOT IN USE,NONE APPARENT,,S,I-280,65.0,H,SLOWING/STOPPING,A,HAD NOT BEEN DRINKING,,,M,MALE,57.0,B,CA,A,ASIAN,27.0,ThreeOrMoreAxleTruck,2011.0,INTE,Flatbed,WHI,,,,,,,,,,,,
312841,165572,1,Driver,True,False,False,M,AIR BAG NOT DEPLOYED,G,OCCUPANT LAP SHOULDER HARNESS USED,CELL PHONE NOT IN USE,NONE APPARENT,,S,I-280,65.0,B,PROCEEDING STRAIGHT,A,HAD NOT BEEN DRINKING,,,M,MALE,47.0,C,CA,H,HISPANIC,26.0,TwoAxleTruck,1987.0,ISUZ,box,WHI,,,,,,,,,,,,
312809,165553,2,Driver,,False,False,M,AIR BAG NOT DEPLOYED,G,OCCUPANT LAP SHOULDER HARNESS USED,CELL PHONE NOT IN USE,NONE APPARENT,,N,SR-85,65.0,A,STOPPED,A,HAD NOT BEEN DRINKING,,,M,MALE,43.0,C,CA,A,ASIAN,7.0,SportUtilityVehicle,2016.0,FORD,Explorer,BLK,,,,,,,,,,,,
312808,165553,1,Driver,True,False,False,M,AIR BAG NOT DEPLOYED,P,NOT REQUIRED,CELL PHONE NOT IN USE,NONE APPARENT,,N,SR-85,65.0,R,OTHER,A,HAD NOT BEEN DRINKING,,,F,FEMALE,26.0,C,CA,W,WHITE,1.0,PassengerCarStationWagonJeep,1999.0,BMW,323,BLK,,,,,,,,,,,,
312795,165546,2,Driver,,False,False,M,AIR BAG NOT DEPLOYED,G,OCCUPANT LAP SHOULDER HARNESS USED,CELL PHONE NOT IN USE,NONE APPARENT,,S,I-680,65.0,B,PROCEEDING STRAIGHT,A,HAD NOT BEEN DRINKING,,,M,MALE,54.0,C,CA,A,ASIAN,1.0,PassengerCarStationWagonJeep,2015.0,TOYT,COROLLA,WHT,,,,,,,,,,,,
312794,165546,1,Driver,True,False,False,L,AIR BAG DEPLOYED,G,OCCUPANT LAP SHOULDER HARNESS USED,CELL PHONE NOT IN USE,NONE APPARENT,,S,I-680,65.0,J,CHANGING LANES,A,HAD NOT BEEN DRINKING,,,M,MALE,40.0,C,CA,H,HISPANIC,7.0,SportUtilityVehicle,2014.0,JEEP,COMPASS,BLK,,,,,,,,,,,,
312705,165497,2,Driver,,False,False,M,AIR BAG NOT DEPLOYED,G,OCCUPANT LAP SHOULDER HARNESS USED,CELL PHONE NOT IN USE,NONE APPARENT,,S,SR-85,65.0,B,PROCEEDING STRAIGHT,A,HAD NOT BEEN DRINKING,,,F,FEMALE,37.0,C,CA,B,BLACK,8.0,MiniVan,2001.0,HONDA,ODYSSEY,GLD,,,,,,,,,,,,
312704,165497,1,Driver,True,False,False,L,AIR BAG DEPLOYED,G,OCCUPANT LAP SHOULDER HARNESS USED,CELL PHONE NOT IN USE,NONE APPARENT,,S,SR-85,65.0,B,PROCEEDING STRAIGHT,A,HAD NOT BEEN DRINKING,,,F,FEMALE,20.0,C,CA,A,ASIAN,1.0,PassengerCarStationWagonJeep,1996.0,HONDA,ACCORD,BLU,,,,,,,,,,,,
312685,165485,2,Driver,True,False,False,M,AIR BAG NOT DEPLOYED,G,OCCUPANT LAP SHOULDER HARNESS USED,CELL PHONE NOT IN USE,NONE APPARENT,,S,I-880,65.0,B,PROCEEDING STRAIGHT,A,HAD NOT BEEN DRINKING,,,F,FEMALE,53.0,C,CA,H,HISPANIC,7.0,SportUtilityVehicle,1998.0,TOYT,4RUNNER,SIL,,,,,,,,,,,,
312684,165485,1,Driver,,False,False,M,AIR BAG NOT DEPLOYED,G,OCCUPANT LAP SHOULDER HARNESS USED,CELL PHONE NOT IN USE,NONE APPARENT,,S,I-880,65.0,H,SLOWING/STOPPING,A,HAD NOT BEEN DRINKING,,,F,FEMALE,24.0,C,CA,H,HISPANIC,1.0,PassengerCarStationWagonJeep,2002.0,VOLK,Jetta,SIL,,,,,,,,,,,,
312625,165454,2,Driver,True,False,False,L,AIR BAG DEPLOYED,G,OCCUPANT LAP SHOULDER HARNESS USED,CELL PHONE NOT IN USE,NONE APPARENT,,N,I-280,65.0,B,PROCEEDING STRAIGHT,A,HAD NOT BEEN DRINKING,,,M,MALE,21.0,C,CA,A,ASIAN,1.0,PassengerCarStationWagonJeep,2015.0,HOND,Civic,BLK,,,,,,,,,,,,
312624,165454,1,Driver,,False,False,M,AIR BAG NOT DEPLOYED,G,OCCUPANT LAP SHOULDER HARNESS USED,CELL PHONE NOT IN USE,NONE APPARENT,,N,I-280,65.0,H,SLOWING/STOPPING,A,HAD NOT BEEN DRINKING,,,F,FEMALE,35.0,C,CA,H,HISPANIC,1.0,PassengerCarStationWagonJeep,2014.0,NISS,Sentra,WHI,,,,,,,,,,,,
312429,165355,2,Driver,,False,False,M,AIR BAG NOT DEPLOYED,G,OCCUPANT LAP SHOULDER HARNESS USED,CELL PHONE NOT IN USE,NONE APPARENT,,W,Montague Expy,45.0,B,PROCEEDING STRAIGHT,A,HAD NOT BEEN DRINKING,,,M,MALE,,C,CA,A,ASIAN,1.0,PassengerCarStationWagonJeep,1993.0,TOYOTA,Paseo,RED,,,,,,,,,,,,
312428,165355,1,Driver,True,False,False,M,AIR BAG NOT DEPLOYED,G,OCCUPANT LAP SHOULDER HARNESS USED,CELL PHONE NOT IN USE,NONE APPARENT,,W,SR-237,65.0,J,CHANGING LANES,A,HAD NOT BEEN DRINKING,,,M,MALE,38.0,C,CA,A,ASIAN,1.0,PassengerCarStationWagonJeep,2012.0,TOYOTA,Sienna,SIL,,,,,,,,,,,,
312402,165342,2,Driver,,False,False,M,AIR BAG NOT DEPLOYED,G,OCCUPANT LAP SHOULDER HARNESS USED,HAZARDOUS MATERIAL / CELL PHONE NOT IN USE,NONE APPARENT,,N,US101 N/B,65.0,B,PROCEEDING STRAIGHT,A,HAD NOT BEEN DRINKING,,,M,MALE,63.0,C,CA,A,ASIAN,22.0,PickupsAndPanels,2014.0,FORD,F-550,WHI,,,,,,,,,,,,
312401,165342,1,Driver,,False,False,M,AIR BAG NOT DEPLOYED,G,OCCUPANT LAP SHOULDER HARNESS USED,CELL PHONE NOT IN USE,NONE APPARENT,,N,US101 N/B,65.0,B,PROCEEDING STRAIGHT,A,HAD NOT BEEN DRINKING,,,M,MALE,20.0,U,CA,H,HISPANIC,7.0,SportUtilityVehicle,2001.0,TOYO,Seq,GRY,,,,,,,,,,,,
312383,165334,2,Driver,,False,False,M,AIR BAG NOT DEPLOYED,G,OCCUPANT LAP SHOULDER HARNESS USED,CELL PHONE NOT IN USE,NONE APPARENT,,S,Meridian Ave,35.0,A,STOPPED,A,HAD NOT BEEN DRINKING,,,M,MALE,30.0,C,CA,W,WHITE,7.0,SportUtilityVehicle,2013.0,CHEVY,Tahoe,BLK,,,,,,,,,,,,
312382,165334,1,Driver,,True,False,P,NOT REQUIRED,W,MOTOR BICYCLE DRIVER WITH HELMET,CELL PHONE NOT IN USE,NONE APPARENT,,S,Meridian Avenue,35.0,B,PROCEEDING STRAIGHT,A,HAD NOT BEEN DRINKING,,,M,MALE,37.0,M,CA,W,WHITE,2.0,Motorcycle,2014.0,HARL,Electra Glide,BLK/WHI,,,,,,,,,,,,
311990,165141,3,Driver,,False,False,M,AIR BAG NOT DEPLOYED,G,OCCUPANT LAP SHOULDER HARNESS USED,CELL PHONE NOT IN USE,NONE APPARENT,,N,SR-85,65.0,A,STOPPED,A,HAD NOT BEEN DRINKING,,,F,FEMALE,47.0,C,CA,W,WHITE,1.0,PassengerCarStationWagonJeep,2016.0,VOLK,golf,WHI,,,,,,,,,,,,
311989,165141,2,Driver,,False,False,M,AIR BAG NOT DEPLOYED,G,OCCUPANT LAP SHOULDER HARNESS USED,CELL PHONE NOT IN USE,NONE APPARENT,,N,SR-85,65.0,A,STOPPED,A,HAD NOT BEEN DRINKING,,,M,MALE,23.0,C,CA,A,ASIAN,1.0,PassengerCarStationWagonJeep,2009.0,HONDA,civic,BLK,,,,,,,,,,,,
311988,165141,1,Driver,True,False,False,M,AIR BAG NOT DEPLOYED,P,NOT REQUIRED,CELL PHONE NOT IN USE,NONE APPARENT,,N,SR-85,65.0,B,PROCEEDING STRAIGHT,A,HAD NOT BEEN DRINKING,,,M,MALE,34.0,C,CA,W,WHITE,22.0,PickupsAndPanels,1996.0,FORD,f250,RED,,,,,,,,,,,,
311985,165139,2,Driver,,False,False,M,AIR BAG NOT DEPLOYED,G,OCCUPANT LAP SHOULDER HARNESS USED,CELL PHONE NOT IN USE,NONE APPARENT,,N,SR-87,65.0,H,SLOWING/STOPPING,A,HAD NOT BEEN DRINKING,,,F,FEMALE,21.0,C,CA,O,OTHER,1.0,PassengerCarStationWagonJeep,2016.0,TOYO,CAMRY,SIL,,,,,,,,,,,,
311984,165139,1,Driver,True,False,False,L,AIR BAG DEPLOYED,G,OCCUPANT LAP SHOULDER HARNESS USED,CELL PHONE NOT IN USE,NONE APPARENT,,N,SR-87,65.0,B,PROCEEDING STRAIGHT,A,HAD NOT BEEN DRINKING,,,F,FEMALE,34.0,C,CA,H,HISPANIC,1.0,PassengerCarStationWagonJeep,1998.0,HOND,CIVIC,BLU,,,,,,,,,,,,
311983,165138,1,Driver,True,False,True,L,AIR BAG DEPLOYED,B,OCCUPANT UNKNOWN,CELL PHONE NOT IN USE,NONE APPARENT,,N,I-280,65.0,R,OTHER,G,IMPAIRMENT_NOT_KNOWN,,,,,,,,,,1.0,PassengerCarStationWagonJeep,2002.0,TOYO,Camry,GRN,,,,,,,,,,,,
311919,165106,2,Driver,,False,False,M,AIR BAG NOT DEPLOYED,G,OCCUPANT LAP SHOULDER HARNESS USED,CELL PHONE NOT IN USE,NONE APPARENT,,N,US-101,65.0,H,SLOWING/STOPPING,A,HAD NOT BEEN DRINKING,,,M,MALE,121.0,C,CA,W,WHITE,1.0,PassengerCarStationWagonJeep,2005.0,NISSAN,aveo,GRY,,,,,,,,,,,,
311918,165106,1,Driver,True,False,False,M,AIR BAG NOT DEPLOYED,G,OCCUPANT LAP SHOULDER HARNESS USED,CELL PHONE NOT IN USE,NONE APPARENT,,N,US-101,65.0,B,PROCEEDING STRAIGHT,A,HAD NOT BEEN DRINKING,,,M,MALE,28.0,F,IT,W,WHITE,1.0,PassengerCarStationWagonJeep,2016.0,AUDI,A3,WHI,,,,,,,,,,,,
311904,165098,2,Driver,,False,False,M,AIR BAG NOT DEPLOYED,G,OCCUPANT LAP SHOULDER HARNESS USED,CELL PHONE NOT IN USE,NONE APPARENT,,W,SR-237,65.0,B,PROCEEDING STRAIGHT,A,HAD NOT BEEN DRINKING,,,M,MALE,25.0,C,CA,O,OTHER,1.0,PassengerCarStationWagonJeep,2015.0,SCION,FR-S,GRY,,,,,,,,,,,,
311903,165098,1,Driver,True,False,False,M,AIR BAG NOT DEPLOYED,G,OCCUPANT LAP SHOULDER HARNESS USED,CELL PHONE NOT IN USE,NONE APPARENT,,W,SR-237,65.0,J,CHANGING LANES,A,HAD NOT BEEN DRINKING,,,M,MALE,57.0,C,CA,W,WHITE,22.0,PickupsAndPanels,2012.0,FORD,F-350,WHI,,,,,,,,,,,,
311723,165006,2,Driver,,False,False,M,AIR BAG NOT DEPLOYED,G,OCCUPANT LAP SHOULDER HARNESS USED,CELL PHONE NOT IN USE,NONE APPARENT,,N,I-880,65.0,A,STOPPED,A,HAD NOT BEEN DRINKING,,,M,MALE,46.0,C,CA,A,ASIAN,1.0,PassengerCarStationWagonJeep,2008.0,BMW,535i,GRY,,,,,,,,,,,,
311722,165006,1,Driver,True,False,False,L,AIR BAG DEPLOYED,G,OCCUPANT LAP SHOULDER HARNESS USED,CELL PHONE NOT IN USE,NONE APPARENT,,N,I-880,65.0,B,PROCEEDING STRAIGHT,A,HAD NOT BEEN DRINKING,,,F,FEMALE,46.0,C,CA,O,OTHER,7.0,SportUtilityVehicle,2012.0,PRIUS,V,WHI,,,,,,,,,,,,
311672,164982,2,Driver,,False,False,M,AIR BAG NOT DEPLOYED,G,OCCUPANT LAP SHOULDER HARNESS USED,CELL PHONE NOT IN USE,NONE APPARENT,,N,SR-17,65.0,B,PROCEEDING STRAIGHT,A,HAD NOT BEEN DRINKING,,,M,MALE,41.0,C,CA,W,WHITE,8.0,MiniVan,2015.0,HONDA,ODYSSEY,BLK,,,,,,,,,,,,
311671,164982,1,Driver,True,False,True,B,UNKNOWN,B,OCCUPANT UNKNOWN,CELL PHONE NOT IN USE,NONE APPARENT,,N,SR-17,65.0,R,OTHER,G,IMPAIRMENT_NOT_KNOWN,,,,,,,,,,99.0,OtherUnknownHitAndRunDriver,,UNKNOWN,,,,,,,,,,,,,,
311557,164916,2,Driver,,False,False,M,AIR BAG NOT DEPLOYED,G,OCCUPANT LAP SHOULDER HARNESS USED,CELL PHONE NOT IN USE,NONE APPARENT,,S,I-280,65.0,B,PROCEEDING STRAIGHT,A,HAD NOT BEEN DRINKING,,,M,MALE,55.0,C,CA,A,ASIAN,1.0,PassengerCarStationWagonJeep,2012.0,TOYO,PRIUS,GRY,,,,,,,,,,,,
311556,164916,1,Driver,True,False,False,M,AIR BAG NOT DEPLOYED,G,OCCUPANT LAP SHOULDER HARNESS USED,CELL PHONE NOT IN USE,VC SECTION VIOLATED - 22107 / NONE APPARENT,,S,I-280,65.0,R,OTHER,B,HBD-UNDER INFLUENCE,,,M,MALE,38.0,U,CA,H,HISPANIC,7.0,SportUtilityVehicle,2002.0,CHEV,BLAZER,TAN,,,,,,,,,,,,
311511,164894,2,Driver,True,False,False,M,AIR BAG NOT DEPLOYED,G,OCCUPANT LAP SHOULDER HARNESS USED,CELL PHONE NOT IN USE,NONE APPARENT,,S,I-880,65.0,B,PROCEEDING STRAIGHT,G,IMPAIRMENT_NOT_KNOWN,,,F,FEMALE,31.0,C,CA,W,WHITE,1.0,PassengerCarStationWagonJeep,2015.0,NISS,Altima,SIL,,,,,,,,,,,,
311510,164894,1,Driver,,True,False,M,AIR BAG NOT DEPLOYED,G,OCCUPANT LAP SHOULDER HARNESS USED,CELL PHONE NOT IN USE,NONE APPARENT,,S,I-880,65.0,B,PROCEEDING STRAIGHT,A,HAD NOT BEEN DRINKING,,,M,MALE,44.0,A,CA,O,OTHER,12.0,NonCommercialBus,1999.0,THOMA,BUS,WHI,,,,,,,,,,,,
311297,164794,2,Driver,,False,False,M,AIR BAG NOT DEPLOYED,G,OCCUPANT LAP SHOULDER HARNESS USED,CELL PHONE NOT IN USE,NONE APPARENT,,S,I-880,65.0,B,PROCEEDING STRAIGHT,A,HAD NOT BEEN DRINKING,,,M,MALE,41.0,A,CA,A,ASIAN,27.0,ThreeOrMoreAxleTruck,2011.0,FREI,Truck Tractor-,WHI,,,,,,,,,,,,
311296,164794,1,Driver,True,False,False,M,AIR BAG NOT DEPLOYED,G,OCCUPANT LAP SHOULDER HARNESS USED,CELL PHONE NOT IN USE,ENTERING OR LEAVING RAMP,,S,I-880,65.0,M,OTHER UNSAFE TURNING,A,HAD NOT BEEN DRINKING,,,M,MALE,40.0,,,H,HISPANIC,1.0,PassengerCarStationWagonJeep,1982.0,HOND,ACCORD,BRN,,,,,,,,,,,,
311287,164788,3,Driver,,False,False,M,AIR BAG NOT DEPLOYED,G,OCCUPANT LAP SHOULDER HARNESS USED,CELL PHONE NOT IN USE,STOP & GO TRAFFIC,,N,US-101,65.0,A,STOPPED,A,HAD NOT BEEN DRINKING,,,M,MALE,56.0,F,NV,W,WHITE,22.0,PickupsAndPanels,2005.0,CHEV,SVC VAN,WHI,,,,,,,,,,,,
311286,164788,2,Driver,,False,False,M,AIR BAG NOT DEPLOYED,G,OCCUPANT LAP SHOULDER HARNESS USED,CELL PHONE NOT IN USE,STOP & GO TRAFFIC,,N,US-101,65.0,H,SLOWING/STOPPING,A,HAD NOT BEEN DRINKING,,,M,MALE,42.0,C,CA,W,WHITE,1.0,PassengerCarStationWagonJeep,2014.0,MAZDA,3,RED,,,,,,,,,,,,
311285,164788,1,Driver,True,False,False,M,AIR BAG NOT DEPLOYED,G,OCCUPANT LAP SHOULDER HARNESS USED,CELL PHONE NOT IN USE,STOP & GO TRAFFIC,,N,US-101,65.0,B,PROCEEDING STRAIGHT,A,HAD NOT BEEN DRINKING,,,M,MALE,21.0,C,CA,W,WHITE,1.0,PassengerCarStationWagonJeep,2014.0,FORD,FOCUS,RED,,,,,,,,,,,,
311281,164786,1,Driver,True,False,False,L,AIR BAG DEPLOYED,G,OCCUPANT LAP SHOULDER HARNESS USED,CELL PHONE NOT IN USE,NONE APPARENT,,S,SR-17,65.0,R,OTHER,A,HAD NOT BEEN DRINKING,,,M,MALE,45.0,C,CA,H,HISPANIC,22.0,PickupsAndPanels,2001.0,FORD,EXPLORER SPORT,SIL,,,,,,,,,,,,
311254,164771,2,Driver,,False,False,M,AIR BAG NOT DEPLOYED,G,OCCUPANT LAP SHOULDER HARNESS USED,CELL PHONE NOT IN USE,NONE APPARENT,,N,I-280,65.0,B,PROCEEDING STRAIGHT,A,HAD NOT BEEN DRINKING,,,M,MALE,48.0,C,CA,H,HISPANIC,22.0,PickupsAndPanels,2001.0,DODG,DAKOTA,MAR,,,,,,,,,,,,
311253,164771,1,Driver,True,False,False,M,AIR BAG NOT DEPLOYED,G,OCCUPANT LAP SHOULDER HARNESS USED,CELL PHONE NOT IN USE,NONE APPARENT,,N,I-280,65.0,J,CHANGING LANES,A,HAD NOT BEEN DRINKING,,,M,MALE,29.0,C,CA,A,ASIAN,1.0,PassengerCarStationWagonJeep,2007.0,TOYT,COROLLA,WHT,,,,,,,,,,,,