PartyId,CollisionId,PartyNumber,PartyType,IsAtFault,IsOnDutyEmergencyVehicle,IsHitAndRun,AirbagCode,AirbagDescription,SafetyEquipmentCode,SafetyEquipmentDescription,Special Information,Other Associate Factor,Inattention,DirectionOfTravel,StreetOrHighwayName,SpeedLimit,MovementPrecCollCode,MovementPrecCollDescription,SobrietyDrugPhysicalCode1,SobrietyDrugPhysicalDescription1,SobrietyDrugPhysicalCode2,SobrietyDrugPhysicalDescription2,GenderCode,GenderDescription,StatedAge,DriverLicenseClass,DriverLicenseStateCode,RaceCode,RaceDesc,Vehicle1TypeId, Vehicle1TypeDesc, Vehicle1Year,Vehicle1Make,Vehicle1Model,Vehicle1Color,V1IsVehicleTowed,Vehicle2TypeId, Vehicle2TypeDesc, Vehicle2Year,Vehicle2Make,Vehicle2Model,Vehicle2Color,V2IsVehicleTowed,Lane,ThruLanes,TotalLanes,IsDREConducted
449292,236778,1,Driver,True,False,False,P,NOT REQUIRED,G,OCCUPANT LAP SHOULDER HARNESS USED,CELL PHONE NOT IN USE,NONE APPARENT,,S,I-280,65.0,B,PROCEEDING STRAIGHT,A,HAD NOT BEEN DRINKING,,,M,MALE,57.0,A,CA,H,HISPANIC,25.0,TruckTractor,2016.0,KW,T880,GRN,,28.0,SemiTankTrailer,2016.0,BEAL,TRAILER,SIL,,,,,
449266,236765,3,Driver,,False,False,M,AIR BAG NOT DEPLOYED,G,OCCUPANT LAP SHOULDER HARNESS USED,CELL PHONE NOT IN USE,NONE APPARENT,,N,I-280,65.0,B,PROCEEDING STRAIGHT,A,HAD NOT BEEN DRINKING,,,F,FEMALE,57.0,C,CA,A,ASIAN,1.0,PassengerCarStationWagonJeep,2002.0,MERZ,S550,BLK,,,,,,,,,,,,
449265,236765,2,Driver,,False,False,M,AIR BAG NOT DEPLOYED,G,OCCUPANT LAP SHOULDER HARNESS USED,CELL PHONE NOT IN USE,NONE APPARENT,,N,I-280,65.0,B,PROCEEDING STRAIGHT,A,HAD NOT BEEN DRINKING,,,M,MALE,32.0,C,CA,A,ASIAN,7.0,SportUtilityVehicle,2014.0,HONDA,PILOT,WHI,,,,,,,,,,,,
449264,236765,1,Driver,True,False,False,M,AIR BAG NOT DEPLOYED,G,OCCUPANT LAP SHOULDER HARNESS USED,CELL PHONE NOT IN USE,NONE APPARENT,,N,I-280,65.0,B,PROCEEDING STRAIGHT,A,HAD NOT BEEN DRINKING,,,M,MALE,50.0,C,CA,A,ASIAN,1.0,PassengerCarStationWagonJeep,1996.0,HONDA,CIV,GRN,,,,,,,,,,,,
449263,236764,2,Driver,,False,False,M,AIR BAG NOT DEPLOYED,G,OCCUPANT LAP SHOULDER HARNESS USED,CELL PHONE NOT IN USE,STOP & GO TRAFFIC,,S,US101,65.0,H,SLOWING/STOPPING,A,HAD NOT BEEN DRINKING,,,M,MALE,21.0,C,CA,H,HISPANIC,22.0,PickupsAndPanels,2005.0,CHEV,colo,SIL,,,,,,,,,,,,
449262,236764,1,Driver,True,True,False,P,NOT REQUIRED,W,MOTOR BICYCLE DRIVER WITH HELMET,CELL PHONE NOT IN USE,STOP & GO TRAFFIC,,S,US101,65.0,B,PROCEEDING STRAIGHT,A,HAD NOT BEEN DRINKING,,,M,MALE,44.0,M,CA,W,WHITE,2.0,Motorcycle,2014.0,HARL,Electra-Glide,BLK/WHT,,,,,,,,,,,,
449257,236761,3,Driver,,False,False,M,AIR BAG NOT DEPLOYED,G,OCCUPANT LAP SHOULDER HARNESS USED,CELL PHONE NOT IN USE,STOP & GO TRAFFIC,,S,I-280,65.0,A,STOPPED,A,HAD NOT BEEN DRINKING,,,F,FEMALE,34.0,C,CA,H,HISPANIC,1.0,PassengerCarStationWagonJeep,2016.0,HYUN,SONA,BLK,,,,,,,,,,,,
449256,236761,2,Driver,,False,False,M,AIR BAG NOT DEPLOYED,G,OCCUPANT LAP SHOULDER HARNESS USED,CELL PHONE NOT IN USE,STOP & GO TRAFFIC,,S,I-280,65.0,H,SLOWING/STOPPING,A,HAD NOT BEEN DRINKING,,,F,FEMALE,40.0,C,CA,W,WHITE,1.0,PassengerCarStationWagonJeep,2008.0,FORD,FOCUS,BLK,,,,,,,,,,,,
449255,236761,1,Driver,True,False,False,M,AIR BAG NOT DEPLOYED,G,OCCUPANT LAP SHOULDER HARNESS USED,CELL PHONE NOT IN USE,STOP & GO TRAFFIC,,S,I-280,65.0,B,PROCEEDING STRAIGHT,A,HAD NOT BEEN DRINKING,,,M,MALE,47.0,C,CA,H,HISPANIC,1.0,PassengerCarStationWagonJeep,2007.0,TOTY,CAMRY,GLD,,,,,,,,,,,,
449213,236742,3,Driver,,False,False,M,AIR BAG NOT DEPLOYED,G,OCCUPANT LAP SHOULDER HARNESS USED,CELL PHONE NOT IN USE,NONE APPARENT,,S,sr 237,65.0,A,STOPPED,G,IMPAIRMENT_NOT_KNOWN,,,F,FEMALE,25.0,C,CA,W,WHITE,7.0,SportUtilityVehicle,2008.0,NISS,Rogue,WHI,,,,,,,,,,,,
449212,236742,2,Driver,,False,False,M,AIR BAG NOT DEPLOYED,G,OCCUPANT LAP SHOULDER HARNESS USED,CELL PHONE NOT IN USE,NONE APPARENT,,S,sr 237,65.0,A,STOPPED,A,HAD NOT BEEN DRINKING,,,M,MALE,37.0,C,CA,O,OTHER,1.0,PassengerCarStationWagonJeep,2001.0,HONDA,Accord,GRN,,,,,,,,,,,,
449211,236742,1,Driver,True,False,False,M,AIR BAG NOT DEPLOYED,G,OCCUPANT LAP SHOULDER HARNESS USED,CELL PHONE NOT IN USE,NONE APPARENT,,S,sr 237,65.0,B,PROCEEDING STRAIGHT,A,HAD NOT BEEN DRINKING,,,M,MALE,42.0,C,CA,A,ASIAN,1.0,PassengerCarStationWagonJeep,2000.0,HONDA,Civic,BLK,,,,,,,,,,,,
449166,236717,2,Driver,,False,False,M,AIR BAG NOT DEPLOYED,G,OCCUPANT LAP SHOULDER HARNESS USED,CELL PHONE NOT IN USE,STOP & GO TRAFFIC,,S,I-280,65.0,H,SLOWING/STOPPING,A,HAD NOT BEEN DRINKING,,,M,MALE,26.0,C,CA,H,HISPANIC,1.0,PassengerCarStationWagonJeep,2003.0,TOYT,CAMRY,SIL,,,,,,,,,,,,
449165,236717,1,Driver,True,False,True,B,UNKNOWN,B,OCCUPANT UNKNOWN,CELL PHONE NOT IN USE,STOP & GO TRAFFIC,,S,I-280,65.0,B,PROCEEDING STRAIGHT,G,IMPAIRMENT_NOT_KNOWN,,,X,NON-BINARY,,,,,,99.0,OtherUnknownHitAndRunDriver,,,,,,,,,,,,,,,,
449135,236700,2,Driver,,False,False,M,AIR BAG NOT DEPLOYED,G,OCCUPANT LAP SHOULDER HARNESS USED,CELL PHONE NOT IN USE,NONE APPARENT,,S,SR-85,65.0,H,SLOWING/STOPPING,A,HAD NOT BEEN DRINKING,,,F,FEMALE,47.0,C,CA,W,WHITE,1.0,PassengerCarStationWagonJeep,2012.0,HOND,civic,GRY,,,,,,,,,,,,
449134,236700,1,Driver,True,False,False,L,AIR BAG DEPLOYED,G,OCCUPANT LAP SHOULDER HARNESS USED,CELL PHONE NOT IN USE,NONE APPARENT,,S,SR-85,65.0,B,PROCEEDING STRAIGHT,A,HAD NOT BEEN DRINKING,,,F,FEMALE,48.0,C,CA,W,WHITE,1.0,PassengerCarStationWagonJeep,2008.0,BMW,328i,BLK,,,,,,,,,,,,
449098,236680,3,Driver,,False,False,M,AIR BAG NOT DEPLOYED,G,OCCUPANT LAP SHOULDER HARNESS USED,CELL PHONE NOT IN USE,STOP & GO TRAFFIC,,W,STATE ROUTE 237,65.0,A,STOPPED,A,HAD NOT BEEN DRINKING,,,M,MALE,46.0,C,CA,A,ASIAN,7.0,SportUtilityVehicle,2011.0,MERZ,X5,SIL,,,,,,,,,,,,
449097,236680,2,Driver,,False,False,M,AIR BAG NOT DEPLOYED,G,OCCUPANT LAP SHOULDER HARNESS USED,CELL PHONE NOT IN USE,STOP & GO TRAFFIC,,W,STATE ROUTE 237,65.0,A,STOPPED,A,HAD NOT BEEN DRINKING,,,M,MALE,42.0,F,IT,O,OTHER,1.0,PassengerCarStationWagonJeep,2016.0,VW,PASSAT,GRY,,,,,,,,,,,,
449096,236680,1,Driver,True,False,False,L,AIR BAG DEPLOYED,G,OCCUPANT LAP SHOULDER HARNESS USED,CELL PHONE NOT IN USE,STOP & GO TRAFFIC,,W,STATE ROUTE 237,65.0,B,PROCEEDING STRAIGHT,A,HAD NOT BEEN DRINKING,,,F,FEMALE,42.0,C,CA,O,OTHER,1.0,PassengerCarStationWagonJeep,2010.0,HYUN,SONATA,BLU,,,,,,,,,,,,
449080,236672,3,Driver,,False,False,M,AIR BAG NOT DEPLOYED,G,OCCUPANT LAP SHOULDER HARNESS USED,CELL PHONE NOT IN USE,NONE APPARENT,,S,I-880,65.0,A,STOPPED,A,HAD NOT BEEN DRINKING,,,F,FEMALE,17.0,C,CA,W,WHITE,7.0,SportUtilityVehicle,2002.0,LEXS,RX300,GRY,,,,,,,,,,,,
449079,236672,2,Driver,,False,False,M,AIR BAG NOT DEPLOYED,G,OCCUPANT LAP SHOULDER HARNESS USED,CELL PHONE NOT IN USE,NONE APPARENT,,S,I-880,65.0,A,STOPPED,A,HAD NOT BEEN DRINKING,,,F,FEMALE,37.0,C,CA,W,WHITE,1.0,PassengerCarStationWagonJeep,2012.0,VOLK,JETTA,BLK,,,,,,,,,,,,
449078,236672,1,Driver,True,False,False,M,AIR BAG NOT DEPLOYED,G,OCCUPANT LAP SHOULDER HARNESS USED,CELL PHONE NOT IN USE,NONE APPARENT,,S,I-880,65.0,H,SLOWING/STOPPING,A,HAD NOT BEEN DRINKING,,,M,MALE,50.0,C,CA,W,WHITE,1.0,PassengerCarStationWagonJeep,1997.0,SUBA,Legacy,GRN,,,,,,,,,,,,
449069,236667,2,Driver,,False,False,M,AIR BAG NOT DEPLOYED,G,OCCUPANT LAP SHOULDER HARNESS USED,CELL PHONE NOT IN USE,STOP & GO TRAFFIC,,S,INTERSTATE 880,65.0,B,PROCEEDING STRAIGHT,A,HAD NOT BEEN DRINKING,,,F,FEMALE,25.0,C,CA,A,ASIAN,1.0,PassengerCarStationWagonJeep,2011.0,TOYO,COROLLA,RED,,,,,,,,,,,,
449068,236667,1,Driver,True,False,True,B,UNKNOWN,B,OCCUPANT UNKNOWN,CELL PHONE NOT IN USE,STOP & GO TRAFFIC,,S,INTERSTATE 880,65.0,B,PROCEEDING STRAIGHT,A,HAD NOT BEEN DRINKING,,,,,,,,,,99.0,OtherUnknownHitAndRunDriver,,,,,,,,,,,,,,,,
449067,236666,2,Driver,,False,False,M,AIR BAG NOT DEPLOYED,G,OCCUPANT LAP SHOULDER HARNESS USED,CELL PHONE NOT IN USE,STOP & GO TRAFFIC,,S,INTERSTATE 880,65.0,A,STOPPED,A,HAD NOT BEEN DRINKING,,,F,FEMALE,32.0,C,CA,A,ASIAN,1.0,PassengerCarStationWagonJeep,2008.0,HONDA,CIVIC,GRY,,,,,,,,,,,,
449066,236666,1,Driver,True,False,False,M,AIR BAG NOT DEPLOYED,G,OCCUPANT LAP SHOULDER HARNESS USED,CELL PHONE NOT IN USE,STOP & GO TRAFFIC,,S,INTERSTATE 880,65.0,B,PROCEEDING STRAIGHT,A,HAD NOT BEEN DRINKING,,,M,MALE,45.0,C,CA,H,HISPANIC,1.0,PassengerCarStationWagonJeep,2012.0,TOYO,PRIUS,WHT,,,,,,,,,,,,
449057,236661,2,Driver,,False,False,M,AIR BAG NOT DEPLOYED,G,OCCUPANT LAP SHOULDER HARNESS USED,CELL PHONE NOT IN USE,NONE APPARENT,,N,SR-87,65.0,B,PROCEEDING STRAIGHT,A,HAD NOT BEEN DRINKING,,,M,MALE,29.0,C,CA,H,HISPANIC,1.0,PassengerCarStationWagonJeep,2013.0,MAZDA,3,WHI,,,,,,,,,,,,
449056,236661,1,Driver,True,False,False,M,AIR BAG NOT DEPLOYED,G,OCCUPANT LAP SHOULDER HARNESS USED,CELL PHONE NOT IN USE,NONE APPARENT,,N,SR-87,65.0,J,CHANGING LANES,A,HAD NOT BEEN DRINKING,,,M,MALE,48.0,,,H,HISPANIC,22.0,PickupsAndPanels,1994.0,DODGE,Ram3500,WHI,,,,,,,,,,,,
449033,236649,2,Driver,,False,False,M,AIR BAG NOT DEPLOYED,G,OCCUPANT LAP SHOULDER HARNESS USED,CELL PHONE NOT IN USE,NONE APPARENT,,N,SR-85,65.0,A,STOPPED,A,HAD NOT BEEN DRINKING,,,F,FEMALE,28.0,C,CA,A,ASIAN,1.0,PassengerCarStationWagonJeep,2005.0,BMW,325i,SIL,,,,,,,,,,,,
449032,236649,1,Driver,True,False,False,M,AIR BAG NOT DEPLOYED,G,OCCUPANT LAP SHOULDER HARNESS USED,CELL PHONE NOT IN USE,NONE APPARENT,,N,SR-85,65.0,B,PROCEEDING STRAIGHT,A,HAD NOT BEEN DRINKING,,,F,FEMALE,41.0,C,CA,O,OTHER,1.0,PassengerCarStationWagonJeep,2002.0,BUIC,Park Avenue,GRN,,,,,,,,,,,,
449025,236645,2,Driver,,False,False,M,AIR BAG NOT DEPLOYED,G,OCCUPANT LAP SHOULDER HARNESS USED,CELL PHONE NOT IN USE,NONE APPARENT,,S,I-280,65.0,B,PROCEEDING STRAIGHT,A,HAD NOT BEEN DRINKING,,,M,MALE,47.0,B,CA,B,BLACK,9.0,Paratransit,2003.0,ORION,Mark V,BLU,,,,,,,,,,,,
449024,236645,1,Driver,True,False,False,M,AIR BAG NOT DEPLOYED,G,OCCUPANT LAP SHOULDER HARNESS USED,CELL PHONE NOT IN USE,NONE APPARENT,,S,I-280,65.0,J,CHANGING LANES,A,HAD NOT BEEN DRINKING,,,F,FEMALE,25.0,C,CA,A,ASIAN,1.0,PassengerCarStationWagonJeep,2016.0,HOND,HRV,SIL,,,,,,,,,,,,
448991,236629,2,Driver,,False,False,M,AIR BAG NOT DEPLOYED,G,OCCUPANT LAP SHOULDER HARNESS USED,CELL PHONE NOT IN USE,NONE APPARENT,,S,I-680,65.0,A,STOPPED,A,HAD NOT BEEN DRINKING,,,F,FEMALE,31.0,C,CA,W,WHITE,1.0,PassengerCarStationWagonJeep,2014.0,HYUN,VELOSTER,WHI,,,,,,,,,,,,
448990,236629,1,Driver,True,False,False,M,AIR BAG NOT DEPLOYED,G,OCCUPANT LAP SHOULDER HARNESS USED,CELL PHONE NOT IN USE,NONE APPARENT,,S,I-680,65.0,H,SLOWING/STOPPING,A,HAD NOT BEEN DRINKING,,,M,MALE,69.0,C,CA,H,HISPANIC,22.0,PickupsAndPanels,2003.0,FORD,RANGER,WHI,,,,,,,,,,,,
448803,236539,2,Driver,True,False,False,M,AIR BAG NOT DEPLOYED,G,OCCUPANT LAP SHOULDER HARNESS USED,CELL PHONE NOT IN USE,NONE APPARENT,,S,I-880,65.0,B,PROCEEDING STRAIGHT,A,HAD NOT BEEN DRINKING,,,M,MALE,22.0,C,CA,H,HISPANIC,26.0,TwoAxleTruck,2016.0,FORD,e450,WHI,,,,,,,,,,,,
448802,236539,1,Driver,,False,False,M,AIR BAG NOT DEPLOYED,G,OCCUPANT LAP SHOULDER HARNESS USED,CELL PHONE NOT IN USE,NONE APPARENT,,S,I-880,65.0,B,PROCEEDING STRAIGHT,A,HAD NOT BEEN DRINKING,,,F,FEMALE,49.0,C,CA,W,WHITE,7.0,SportUtilityVehicle,2016.0,TOYT,rav4,GRY,,,,,,,,,,,,
448637,236457,4,Driver,,False,False,M,AIR BAG NOT DEPLOYED,G,OCCUPANT LAP SHOULDER HARNESS USED,CELL PHONE NOT IN USE,STOP & GO TRAFFIC,,N,US-101,65.0,A,STOPPED,A,HAD NOT BEEN DRINKING,,,M,MALE,48.0,C,CA,H,HISPANIC,1.0,PassengerCarStationWagonJeep,2003.0,TOYO,COROLLA,SIL,,,,,,,,,,,,
448636,236457,3,Driver,,False,False,M,AIR BAG NOT DEPLOYED,G,OCCUPANT LAP SHOULDER HARNESS USED,CELL PHONE NOT IN USE,STOP & GO TRAFFIC,,N,US-101,65.0,A,STOPPED,A,HAD NOT BEEN DRINKING,,,M,MALE,47.0,C,CA,W,WHITE,1.0,PassengerCarStationWagonJeep,2010.0,CHEVY,HHR,BLK,,,,,,,,,,,,
448635,236457,2,Driver,,False,False,M,AIR BAG NOT DEPLOYED,G,OCCUPANT LAP SHOULDER HARNESS USED,CELL PHONE NOT IN USE,STOP & GO TRAFFIC,,N,US-101,65.0,A,STOPPED,A,HAD NOT BEEN DRINKING,,,M,MALE,43.0,C,CA,H,HISPANIC,1.0,PassengerCarStationWagonJeep,1999.0,BMW,323I,WHT,,,,,,,,,,,,
448634,236457,1,Driver,True,False,False,L,AIR BAG DEPLOYED,G,OCCUPANT LAP SHOULDER HARNESS USED,CELL PHONE NOT IN USE,STOP & GO TRAFFIC,,N,US-101,65.0,B,PROCEEDING STRAIGHT,A,HAD NOT BEEN DRINKING,,,M,MALE,25.0,C,CA,A,ASIAN,1.0,PassengerCarStationWagonJeep,1997.0,TOYO,Avalon,GRN,,,,,,,,,,,,
448620,236449,2,Driver,,False,False,M,AIR BAG NOT DEPLOYED,G,OCCUPANT LAP SHOULDER HARNESS USED,CELL PHONE NOT IN USE,STOP & GO TRAFFIC,,N,I-280,65.0,B,PROCEEDING STRAIGHT,A,HAD NOT BEEN DRINKING,,,F,FEMALE,52.0,C,CA,A,ASIAN,1.0,PassengerCarStationWagonJeep,2003.0,TOYT,Camry,TAN,,,,,,,,,,,,
448619,236449,1,Driver,True,False,False,P,NOT REQUIRED,G,OCCUPANT LAP SHOULDER HARNESS USED,CELL PHONE NOT IN USE,STOP & GO TRAFFIC,,N,I-280,65.0,J,CHANGING LANES,A,HAD NOT BEEN DRINKING,,,M,MALE,49.0,B,CA,B,BLACK,26.0,TwoAxleTruck,2012.0,INTE,DURASTAR,YEL,,,,,,,,,,,,
448570,236422,2,Driver,,False,False,M,AIR BAG NOT DEPLOYED,G,OCCUPANT LAP SHOULDER HARNESS USED,CELL PHONE NOT IN USE,NONE APPARENT,,N,11th St,30.0,B,PROCEEDING STRAIGHT,A,HAD NOT BEEN DRINKING,,,F,FEMALE,31.0,,,H,HISPANIC,7.0,SportUtilityVehicle,2014.0,NISS,pathfinder,BLU,,,,,,,,,,,,
448569,236422,1,Driver,True,False,False,L,AIR BAG DEPLOYED,G,OCCUPANT LAP SHOULDER HARNESS USED,CELL PHONE NOT IN USE,NONE APPARENT,,E,William St,30.0,B,PROCEEDING STRAIGHT,E,UNDER_DRUG_INFLUENCE,,,M,MALE,44.0,C,CA,W,WHITE,7.0,SportUtilityVehicle,2000.0,FORD,Expedition,BLK,,,,,,,,,,,,
448544,236407,1,Driver,True,False,False,L,AIR BAG DEPLOYED,G,OCCUPANT LAP SHOULDER HARNESS USED,CELL PHONE NOT IN USE,NONE APPARENT,,N,US-101,65.0,R,OTHER,A,HAD NOT BEEN DRINKING,,,M,MALE,19.0,C,CA,A,ASIAN,1.0,PassengerCarStationWagonJeep,1996.0,TOYT,CAMRY,SIL/SIL,,,,,,,,,,,,
448538,236404,2,Driver,,False,False,M,AIR BAG NOT DEPLOYED,G,OCCUPANT LAP SHOULDER HARNESS USED,CELL PHONE NOT IN USE,NONE APPARENT,,S,US-101,65.0,A,STOPPED,A,HAD NOT BEEN DRINKING,,,M,MALE,24.0,C,CA,H,HISPANIC,7.0,SportUtilityVehicle,2010.0,GMC,terrain,WHT,,,,,,,,,,,,
448537,236404,1,Driver,True,False,True,B,UNKNOWN,B,OCCUPANT UNKNOWN,CELL PHONE NOT IN USE,NONE APPARENT,,S,US-101,65.0,B,PROCEEDING STRAIGHT,G,IMPAIRMENT_NOT_KNOWN,,,,,,,,,,99.0,OtherUnknownHitAndRunDriver,,,UNKNOWN,,,,,,,,,,,,,
448531,236400,4,Driver,,False,False,M,AIR BAG NOT DEPLOYED,G,OCCUPANT LAP SHOULDER HARNESS USED,CELL PHONE NOT IN USE,NONE APPARENT,,S,I-880,65.0,A,STOPPED,A,HAD NOT BEEN DRINKING,,,M,MALE,30.0,C,CA,W,WHITE,7.0,SportUtilityVehicle,2013.0,SUBA,crosstrek,ORG,,,,,,,,,,,,
448530,236400,3,Driver,,False,False,M,AIR BAG NOT DEPLOYED,G,OCCUPANT LAP SHOULDER HARNESS USED,CELL PHONE NOT IN USE,NONE APPARENT,,S,I-880,65.0,A,STOPPED,A,HAD NOT BEEN DRINKING,,,M,MALE,63.0,C,CA,H,HISPANIC,7.0,SportUtilityVehicle,2014.0,HOND,crv,BLU,,,,,,,,,,,,
448529,236400,2,Driver,,False,False,M,AIR BAG NOT DEPLOYED,G,OCCUPANT LAP SHOULDER HARNESS USED,CELL PHONE NOT IN USE,NONE APPARENT,,S,I-880,65.0,A,STOPPED,A,HAD NOT BEEN DRINKING,,,M,MALE,,C,CA,H,HISPANIC,1.0,PassengerCarStationWagonJeep,2016.0,TOYT,camry,SIL,,,,,,,,,,,,
448528,236400,1,Driver,True,False,False,L,AIR BAG DEPLOYED,G,OCCUPANT LAP SHOULDER HARNESS USED,CELL PHONE NOT IN USE,NONE APPARENT,,S,I-880,65.0,B,PROCEEDING STRAIGHT,A,HAD NOT BEEN DRINKING,,,M,MALE,46.0,F,ID,H,HISPANIC,1.0,PassengerCarStationWagonJeep,2006.0,HYUN,Sonata,SIL,,,,,,,,,,,,
448473,236371,2,Driver,,False,False,M,AIR BAG NOT DEPLOYED,G,OCCUPANT LAP SHOULDER HARNESS USED,CELL PHONE NOT IN USE,NONE APPARENT,,S,I-880,65.0,B,PROCEEDING STRAIGHT,A,HAD NOT BEEN DRINKING,,,F,FEMALE,50.0,C,CA,W,WHITE,1.0,PassengerCarStationWagonJeep,2010.0,HYUN,SONTA,SIL,,,,,,,,,,,,
448472,236371,1,Driver,True,False,False,L,AIR BAG DEPLOYED,G,OCCUPANT LAP SHOULDER HARNESS USED,CELL PHONE NOT IN USE,NONE APPARENT,,S,I-880,65.0,B,PROCEEDING STRAIGHT,A,HAD NOT BEEN DRINKING,,,F,FEMALE,22.0,C,CA,H,HISPANIC,1.0,PassengerCarStationWagonJeep,2016.0,TOYT,COROLLA,GRY,,,,,,,,,,,,
448457,236362,1,Driver,True,False,True,M,AIR BAG NOT DEPLOYED,B,OCCUPANT UNKNOWN,CELL PHONE NOT IN USE,NONE APPARENT,,S,I-880,65.0,R,OTHER,D,HBD-IMPAIRMENT UNKNOWN,,,,,,,,,,8.0,MiniVan,2000.0,FORD,WINDSTAR,GRY,,,,,,,,,,,,
447918,236088,2,Driver,,False,False,M,AIR BAG NOT DEPLOYED,G,OCCUPANT LAP SHOULDER HARNESS USED,CELL PHONE NOT IN USE,NONE APPARENT,,S,I-280,65.0,R,OTHER,A,HAD NOT BEEN DRINKING,,,F,FEMALE,53.0,C,CA,A,ASIAN,1.0,PassengerCarStationWagonJeep,1999.0,TOYT,CAMRY,BGE,,,,,,,,,,,,
447917,236088,1,Driver,,False,False,M,AIR BAG NOT DEPLOYED,G,OCCUPANT LAP SHOULDER HARNESS USED,CELL PHONE NOT IN USE,NONE APPARENT,,S,I-280,65.0,R,OTHER,A,HAD NOT BEEN DRINKING,,,F,FEMALE,66.0,C,CA,W,WHITE,1.0,PassengerCarStationWagonJeep,1995.0,FORD,ESCO,BGE,,,,,,,,,,,,
447907,236082,1,Driver,True,False,True,M,AIR BAG NOT DEPLOYED,B,OCCUPANT UNKNOWN,CELL PHONE NOT IN USE,NONE APPARENT,,N,SR-85,65.0,R,OTHER,G,IMPAIRMENT_NOT_KNOWN,,,,,,,,,,1.0,PassengerCarStationWagonJeep,1998.0,BMW,318ti,RED,,,,,,,,,,,,
447714,235977,2,Driver,,False,False,M,AIR BAG NOT DEPLOYED,G,OCCUPANT LAP SHOULDER HARNESS USED,CELL PHONE NOT IN USE,NONE APPARENT,,N,US-101,65.0,A,STOPPED,A,HAD NOT BEEN DRINKING,,,F,FEMALE,45.0,U,CA,H,HISPANIC,1.0,PassengerCarStationWagonJeep,2014.0,CHRY,300,WHI,,,,,,,,,,,,
447713,235977,1,Driver,True,False,False,L,AIR BAG DEPLOYED,H,OCCUPANT LAP SHOULDER HARNESS NOT USED,CELL PHONE NOT IN USE,NONE APPARENT,,N,US-101,65.0,B,PROCEEDING STRAIGHT,A,HAD NOT BEEN DRINKING,,,M,MALE,42.0,C,CA,W,WHITE,1.0,PassengerCarStationWagonJeep,2015.0,TOYT,Prius,GRY,,,,,,,,,,,,
447680,235958,3,Driver,,False,False,M,AIR BAG NOT DEPLOYED,G,OCCUPANT LAP SHOULDER HARNESS USED,CELL PHONE NOT IN USE,STOP & GO TRAFFIC,,S,I-280,65.0,B,PROCEEDING STRAIGHT,A,HAD NOT BEEN DRINKING,,,F,FEMALE,22.0,C,CA,W,WHITE,1.0,PassengerCarStationWagonJeep,2011.0,LEXU,LS460,BLK,,,,,,,,,,,,
447679,235958,2,Driver,,False,False,M,AIR BAG NOT DEPLOYED,G,OCCUPANT LAP SHOULDER HARNESS USED,CELL PHONE NOT IN USE,STOP & GO TRAFFIC,,S,I-280,65.0,B,PROCEEDING STRAIGHT,A,HAD NOT BEEN DRINKING,,,M,MALE,61.0,C,CA,H,HISPANIC,1.0,PassengerCarStationWagonJeep,2000.0,MERC,COUGAR,RED,,,,,,,,,,,,
447678,235958,1,Driver,True,False,False,M,AIR BAG NOT DEPLOYED,G,OCCUPANT LAP SHOULDER HARNESS USED,CELL PHONE NOT IN USE,STOP & GO TRAFFIC,,S,I-280,65.0,J,CHANGING LANES,A,HAD NOT BEEN DRINKING,,,M,MALE,26.0,C,CA,H,HISPANIC,1.0,PassengerCarStationWagonJeep,2010.0,CHEV,Express Cargo,WHT,,,,,,,,,,,,
447607,235920,2,Driver,,False,False,M,AIR BAG NOT DEPLOYED,G,OCCUPANT LAP SHOULDER HARNESS USED,CELL PHONE NOT IN USE,NONE APPARENT,,N,I-280,65.0,J,CHANGING LANES,A,HAD NOT BEEN DRINKING,,,M,MALE,21.0,C,CA,H,HISPANIC,1.0,PassengerCarStationWagonJeep,2013.0,TOYT,CAMRY,GRY,,,,,,,,,,,,
447606,235920,1,Driver,,False,False,M,AIR BAG NOT DEPLOYED,G,OCCUPANT LAP SHOULDER HARNESS USED,CELL PHONE NOT IN USE,NONE APPARENT,,N,I-280,65.0,M,OTHER UNSAFE TURNING,A,HAD NOT BEEN DRINKING,,,M,MALE,86.0,C,CA,A,ASIAN,1.0,PassengerCarStationWagonJeep,2015.0,FORD,FUSION,SIL,,,,,,,,,,,,
447591,235911,2,Driver,,False,False,P,NOT REQUIRED,W,MOTOR BICYCLE DRIVER WITH HELMET,CELL PHONE NOT IN USE,VC SECTION VIOLATED - 22350,,W,SR-237,65.0,B,PROCEEDING STRAIGHT,A,HAD NOT BEEN DRINKING,,,M,MALE,35.0,M1,CA,O,OTHER,2.0,Motorcycle,2013.0,SUZI,V Strom,BLK/BLU,,,,,,,,,,,,
447590,235911,1,Driver,True,False,False,M,AIR BAG NOT DEPLOYED,G,OCCUPANT LAP SHOULDER HARNESS USED,CELL PHONE NOT IN USE,NONE APPARENT,,W,SR-237,65.0,J,CHANGING LANES,A,HAD NOT BEEN DRINKING,,,F,FEMALE,24.0,C,CA,A,ASIAN,1.0,PassengerCarStationWagonJeep,2011.0,BMW,528i,BLK,,,,,,,,,,,,