PartyId,CollisionId,PartyNumber,PartyType,IsAtFault,IsOnDutyEmergencyVehicle,IsHitAndRun,AirbagCode,AirbagDescription,SafetyEquipmentCode,SafetyEquipmentDescription,Special Information,Other Associate Factor,Inattention,DirectionOfTravel,StreetOrHighwayName,SpeedLimit,MovementPrecCollCode,MovementPrecCollDescription,SobrietyDrugPhysicalCode1,SobrietyDrugPhysicalDescription1,SobrietyDrugPhysicalCode2,SobrietyDrugPhysicalDescription2,GenderCode,GenderDescription,StatedAge,DriverLicenseClass,DriverLicenseStateCode,RaceCode,RaceDesc,Vehicle1TypeId, Vehicle1TypeDesc, Vehicle1Year,Vehicle1Make,Vehicle1Model,Vehicle1Color,V1IsVehicleTowed,Vehicle2TypeId, Vehicle2TypeDesc, Vehicle2Year,Vehicle2Make,Vehicle2Model,Vehicle2Color,V2IsVehicleTowed,Lane,ThruLanes,TotalLanes,IsDREConducted
489403,257616,2,Driver,,False,False,M,AIR BAG NOT DEPLOYED,G,OCCUPANT LAP SHOULDER HARNESS USED,CELL PHONE NOT IN USE,NONE APPARENT,,N,I-280 N/B TO SARATOGA AVE S/B,65.0,A,STOPPED,A,HAD NOT BEEN DRINKING,,,F,FEMALE,21.0,C,CA,W,WHITE,1.0,PassengerCarStationWagonJeep,2009.0,BMW,328I,WHI,,,,,,,,,,,,
489402,257616,1,Driver,True,False,False,L,AIR BAG DEPLOYED,G,OCCUPANT LAP SHOULDER HARNESS USED,CELL PHONE NOT IN USE,NONE APPARENT,,N, I-280 N/B TO SARATOGA AVE S/B,65.0,B,PROCEEDING STRAIGHT,A,HAD NOT BEEN DRINKING,,,M,MALE,26.0,C,CA,O,OTHER,1.0,PassengerCarStationWagonJeep,2014.0,TOYO,YARIS,SIL,,,,,,,,,,,,
489385,257607,2,Driver,,False,False,M,AIR BAG NOT DEPLOYED,G,OCCUPANT LAP SHOULDER HARNESS USED,CELL PHONE NOT IN USE,NONE APPARENT,,S,I-880,65.0,A,STOPPED,A,HAD NOT BEEN DRINKING,,,M,MALE,42.0,C,CA,W,WHITE,1.0,PassengerCarStationWagonJeep,2014.0,VOLK,TIGUAN,GRY,,,,,,,,,,,,
489384,257607,1,Driver,,False,False,M,AIR BAG NOT DEPLOYED,G,OCCUPANT LAP SHOULDER HARNESS USED,CELL PHONE NOT IN USE,NONE APPARENT,,S,I-880,65.0,B,PROCEEDING STRAIGHT,A,HAD NOT BEEN DRINKING,,,F,FEMALE,51.0,A,CA,W,WHITE,25.0,TruckTractor,2014.0,FRHT,CASCADIA,WHT,,31.0,SemiTrailer,2014.0,WABASH,TRLR,WHT,,,,,
488638,257241,2,Driver,,False,False,M,AIR BAG NOT DEPLOYED,G,OCCUPANT LAP SHOULDER HARNESS USED,CELL PHONE NOT IN USE,NONE APPARENT,,N,I-280,65.0,H,SLOWING/STOPPING,A,HAD NOT BEEN DRINKING,,,F,FEMALE,20.0,C,CA,O,OTHER,1.0,PassengerCarStationWagonJeep,2016.0,TOYT,CAMRY,GLD,,,,,,,,,,,,
488637,257241,1,Driver,True,False,False,L,AIR BAG DEPLOYED,G,OCCUPANT LAP SHOULDER HARNESS USED,CELL PHONE NOT IN USE,NONE APPARENT,,N,I-280,65.0,B,PROCEEDING STRAIGHT,A,HAD NOT BEEN DRINKING,,,M,MALE,25.0,C,CA,H,HISPANIC,1.0,PassengerCarStationWagonJeep,2000.0,FORD,MUSTANG,BLU,,,,,,,,,,,,
488612,257231,2,Driver,,False,False,P,NOT REQUIRED,W,MOTOR BICYCLE DRIVER WITH HELMET,CELL PHONE NOT IN USE,NONE APPARENT,,N,SR-85,65.0,B,PROCEEDING STRAIGHT,A,HAD NOT BEEN DRINKING,,,M,MALE,19.0,M1,CA,H,HISPANIC,2.0,Motorcycle,2008.0,HARL,Road King,BLK,,,,,,,,,,,,
488611,257231,1,Driver,True,False,False,M,AIR BAG NOT DEPLOYED,G,OCCUPANT LAP SHOULDER HARNESS USED,CELL PHONE NOT IN USE,NONE APPARENT,,N,SR-85,65.0,J,CHANGING LANES,A,HAD NOT BEEN DRINKING,,,F,FEMALE,46.0,C,CA,H,HISPANIC,1.0,PassengerCarStationWagonJeep,2003.0,LINC,LS,SIL,,,,,,,,,,,,
488503,257170,2,Driver,True,False,False,M,AIR BAG NOT DEPLOYED,G,OCCUPANT LAP SHOULDER HARNESS USED,CELL PHONE NOT IN USE,NONE APPARENT,,N,I-680,65.0,R,OTHER,A,HAD NOT BEEN DRINKING,,,F,FEMALE,23.0,C,CA,W,WHITE,1.0,PassengerCarStationWagonJeep,1993.0,HOND,Accord,BLK,,,,,,,,,,,,
488502,257170,1,Driver,,False,False,M,AIR BAG NOT DEPLOYED,G,OCCUPANT LAP SHOULDER HARNESS USED,CELL PHONE NOT IN USE,NONE APPARENT,,N,I-680,65.0,B,PROCEEDING STRAIGHT,A,HAD NOT BEEN DRINKING,,,M,MALE,27.0,C,CA,A,ASIAN,7.0,SportUtilityVehicle,2013.0,NISS,Rogue,WHI,,,,,,,,,,,,
488414,257127,2,Driver,,False,False,M,AIR BAG NOT DEPLOYED,G,OCCUPANT LAP SHOULDER HARNESS USED,CELL PHONE NOT IN USE,NONE APPARENT,,N,US101,65.0,B,PROCEEDING STRAIGHT,A,HAD NOT BEEN DRINKING,,,F,FEMALE,29.0,C,CA,H,HISPANIC,1.0,PassengerCarStationWagonJeep,2009.0,TOYOTA,matrix,RED,,,,,,,,,,,,
488413,257127,1,Driver,True,False,False,M,AIR BAG NOT DEPLOYED,G,OCCUPANT LAP SHOULDER HARNESS USED,CELL PHONE NOT IN USE,NONE APPARENT,,N,US101,65.0,B,PROCEEDING STRAIGHT,A,HAD NOT BEEN DRINKING,,,M,MALE,21.0,C,CA,W,WHITE,7.0,SportUtilityVehicle,2003.0,CHRYS,town & country,SIL,,,,,,,,,,,,
488410,257124,2,Driver,,False,False,M,AIR BAG NOT DEPLOYED,G,OCCUPANT LAP SHOULDER HARNESS USED,CELL PHONE NOT IN USE,NONE APPARENT,,N,I-280 N/B,65.0,B,PROCEEDING STRAIGHT,A,HAD NOT BEEN DRINKING,,,F,FEMALE,50.0,C,CA,O,OTHER,1.0,PassengerCarStationWagonJeep,2008.0,CHEVR,COBALT,GRY,,,,,,,,,,,,
488409,257124,1,Driver,,False,False,M,AIR BAG NOT DEPLOYED,G,OCCUPANT LAP SHOULDER HARNESS USED,CELL PHONE NOT IN USE,NONE APPARENT,,N,I-280 N/B,65.0,B,PROCEEDING STRAIGHT,A,HAD NOT BEEN DRINKING,,,M,MALE,18.0,C,CA,O,OTHER,1.0,PassengerCarStationWagonJeep,1997.0,HOND,CIVIC,WHI,,,,,,,,,,,,
488375,257108,2,Driver,,False,False,M,AIR BAG NOT DEPLOYED,G,OCCUPANT LAP SHOULDER HARNESS USED,CELL PHONE NOT IN USE,NONE APPARENT,,E,Central Expy,45.0,A,STOPPED,A,HAD NOT BEEN DRINKING,,,M,MALE,30.0,A,CA,O,OTHER,9.0,Paratransit,2002.0,GILL,Bus ,WHT,,,,,,,,,,,,
488374,257108,1,Driver,True,False,False,M,AIR BAG NOT DEPLOYED,G,OCCUPANT LAP SHOULDER HARNESS USED,CELL PHONE NOT IN USE,NONE APPARENT,,E,Central Expy,45.0,A,STOPPED,A,HAD NOT BEEN DRINKING,,,M,MALE,24.0,C,CA,O,OTHER,7.0,SportUtilityVehicle,2006.0,LEXU,RX400h,GRN,,,,,,,,,,,,
488369,257105,2,Driver,,False,False,M,AIR BAG NOT DEPLOYED,G,OCCUPANT LAP SHOULDER HARNESS USED,CELL PHONE NOT IN USE,NONE APPARENT,,S,I-280 S/B,65.0,A,STOPPED,A,HAD NOT BEEN DRINKING,,,F,FEMALE,29.0,C,CA,A,ASIAN,1.0,PassengerCarStationWagonJeep,2014.0,LEXU,ES350,BLU,,,,,,,,,,,,
488368,257105,1,Driver,True,False,True,,,,,CELL PHONE NOT IN USE,NONE APPARENT,,S,I-280 S/B,65.0,B,PROCEEDING STRAIGHT,G,IMPAIRMENT_NOT_KNOWN,,,,,,,,,,99.0,OtherUnknownHitAndRunDriver,,,,,,,,,,,,,,,,
488351,257096,1,Driver,True,False,False,L,AIR BAG DEPLOYED,G,OCCUPANT LAP SHOULDER HARNESS USED,CELL PHONE NOT IN USE,VC SECTION VIOLATED - 22107 / ENTERING OR LEAVING RAMP,,S,SR-87 S/B FROM JULIAN ST,65.0,M,OTHER UNSAFE TURNING,B,HBD-UNDER INFLUENCE,,,M,MALE,32.0,C,CA,H,HISPANIC,1.0,PassengerCarStationWagonJeep,1999.0,PONT,TRAN,WHI,,,,,,,,,,,,
488291,257066,2,Driver,,False,False,M,AIR BAG NOT DEPLOYED,G,OCCUPANT LAP SHOULDER HARNESS USED,CELL PHONE NOT IN USE,STOP & GO TRAFFIC,,N,SR-87,65.0,A,STOPPED,A,HAD NOT BEEN DRINKING,,,F,FEMALE,31.0,C,CA,H,HISPANIC,1.0,PassengerCarStationWagonJeep,2000.0,BMW,528i,BLK,,,,,,,,,,,,
488290,257066,1,Driver,True,False,False,M,AIR BAG NOT DEPLOYED,G,OCCUPANT LAP SHOULDER HARNESS USED,CELL PHONE NOT IN USE,STOP & GO TRAFFIC,,N,SR-87,65.0,B,PROCEEDING STRAIGHT,A,HAD NOT BEEN DRINKING,,,M,MALE,31.0,U,CA,H,HISPANIC,1.0,PassengerCarStationWagonJeep,2011.0,VOLKS,PASSAT,SIL,,,,,,,,,,,,
488263,257051,2,Driver,,False,False,M,AIR BAG NOT DEPLOYED,G,OCCUPANT LAP SHOULDER HARNESS USED,CELL PHONE NOT IN USE,NONE APPARENT,,E,Oakland Road,35.0,B,PROCEEDING STRAIGHT,A,HAD NOT BEEN DRINKING,,,F,FEMALE,46.0,F,CT,O,OTHER,1.0,PassengerCarStationWagonJeep,2016.0,HYUN,sonata,BLU,,,,,,,,,,,,
488262,257051,1,Driver,,False,False,M,AIR BAG NOT DEPLOYED,G,OCCUPANT LAP SHOULDER HARNESS USED,CELL PHONE NOT IN USE,NONE APPARENT,,E,Oakland Road,35.0,B,PROCEEDING STRAIGHT,A,HAD NOT BEEN DRINKING,,,M,MALE,47.0,A,CA,W,WHITE,25.0,TruckTractor,2011.0,FREI,tractor,WHI,,35.0,UtilityTrailer,2016.0,MACLT,Tanker,SIL,,,,,
488189,257013,3,Driver,,False,False,M,AIR BAG NOT DEPLOYED,G,OCCUPANT LAP SHOULDER HARNESS USED,CELL PHONE NOT IN USE,NONE APPARENT,,N,I-280,65.0,A,STOPPED,A,HAD NOT BEEN DRINKING,,,M,MALE,27.0,C,CA,W,WHITE,1.0,PassengerCarStationWagonJeep,2005.0,MAZD,6,BLK,,,,,,,,,,,,
488188,257013,2,Driver,,False,False,M,AIR BAG NOT DEPLOYED,G,OCCUPANT LAP SHOULDER HARNESS USED,CELL PHONE NOT IN USE,NONE APPARENT,,N,I-280,65.0,A,STOPPED,A,HAD NOT BEEN DRINKING,,,M,MALE,31.0,C,CA,O,OTHER,7.0,SportUtilityVehicle,2008.0,ACUR,MDX,SIL,,,,,,,,,,,,
488187,257013,1,Driver,True,False,False,L,AIR BAG DEPLOYED,G,OCCUPANT LAP SHOULDER HARNESS USED,CELL PHONE NOT IN USE,NONE APPARENT,,N,I-280,65.0,B,PROCEEDING STRAIGHT,A,HAD NOT BEEN DRINKING,,,M,MALE,51.0,C,CA,O,OTHER,7.0,SportUtilityVehicle,2007.0,MERB,GL450,BLK,,,,,,,,,,,,
488172,257005,2,Driver,,False,False,M,AIR BAG NOT DEPLOYED,G,OCCUPANT LAP SHOULDER HARNESS USED,CELL PHONE NOT IN USE,NONE APPARENT,,S,I-880,65.0,H,SLOWING/STOPPING,A,HAD NOT BEEN DRINKING,,,M,MALE,61.0,C,CA,W,WHITE,8.0,MiniVan,2005.0,CHRY,Town & Country,BLU,,,,,,,,,,,,
488171,257005,1,Driver,True,False,False,L,AIR BAG DEPLOYED,G,OCCUPANT LAP SHOULDER HARNESS USED,CELL PHONE NOT IN USE,NONE APPARENT,,S,I-880,65.0,B,PROCEEDING STRAIGHT,A,HAD NOT BEEN DRINKING,,,M,MALE,25.0,C,CA,O,OTHER,1.0,PassengerCarStationWagonJeep,2015.0,TOYOTA,Corolla,BLK,,,,,,,,,,,,
488072,256958,3,Driver,,False,False,M,AIR BAG NOT DEPLOYED,G,OCCUPANT LAP SHOULDER HARNESS USED,CELL PHONE NOT IN USE,NONE APPARENT,,S,I-280,65.0,H,SLOWING/STOPPING,A,HAD NOT BEEN DRINKING,,,M,MALE,31.0,C,CA,O,OTHER,1.0,PassengerCarStationWagonJeep,2007.0,TOYO,PRIUS,GLD,,,,,,,,,,,,
488071,256958,2,Driver,,False,False,M,AIR BAG NOT DEPLOYED,G,OCCUPANT LAP SHOULDER HARNESS USED,CELL PHONE NOT IN USE,NONE APPARENT,,S,I-280,65.0,H,SLOWING/STOPPING,A,HAD NOT BEEN DRINKING,,,M,MALE,42.0,C,CA,H,HISPANIC,22.0,PickupsAndPanels,1997.0,NISSAN ,Pickup,SIL,,,,,,,,,,,,
488070,256958,1,Driver,True,False,False,L,AIR BAG DEPLOYED,G,OCCUPANT LAP SHOULDER HARNESS USED,CELL PHONE NOT IN USE,NONE APPARENT,,S,I-280,65.0,B,PROCEEDING STRAIGHT,A,HAD NOT BEEN DRINKING,,,M,MALE,20.0,C,CA,W,WHITE,1.0,PassengerCarStationWagonJeep,2000.0,FORD,MUSTANG,WHI,,,,,,,,,,,,
487795,256830,2,Driver,,False,False,M,AIR BAG NOT DEPLOYED,G,OCCUPANT LAP SHOULDER HARNESS USED,CELL PHONE NOT IN USE,NONE APPARENT,,S,I-280,65.0,A,STOPPED,A,HAD NOT BEEN DRINKING,,,F,FEMALE,38.0,C,CA,A,ASIAN,1.0,PassengerCarStationWagonJeep,2012.0,HONDA,CIVIC ,BLU,,,,,,,,,,,,
487794,256830,1,Driver,True,False,False,M,AIR BAG NOT DEPLOYED,G,OCCUPANT LAP SHOULDER HARNESS USED,CELL PHONE NOT IN USE,NONE APPARENT,,S,I-280,65.0,B,PROCEEDING STRAIGHT,A,HAD NOT BEEN DRINKING,,,M,MALE,18.0,C,CA,W,WHITE,1.0,PassengerCarStationWagonJeep,1997.0,VOLVO,850 ,SIL,,,,,,,,,,,,
487786,256826,2,Driver,,False,False,M,AIR BAG NOT DEPLOYED,G,OCCUPANT LAP SHOULDER HARNESS USED,CELL PHONE NOT IN USE,STOP & GO TRAFFIC,,N,US101,65.0,H,SLOWING/STOPPING,A,HAD NOT BEEN DRINKING,,,F,FEMALE,28.0,C,CA,O,OTHER,22.0,PickupsAndPanels,2016.0,NISS,Frontier,WHI,,,,,,,,,,,,
487785,256826,1,Driver,True,False,False,M,AIR BAG NOT DEPLOYED,G,OCCUPANT LAP SHOULDER HARNESS USED,CELL PHONE NOT IN USE,STOP & GO TRAFFIC,,N,US101,65.0,B,PROCEEDING STRAIGHT,A,HAD NOT BEEN DRINKING,,,M,MALE,32.0,C,CA,H,HISPANIC,55.0,TwoAxleTowTruck,2013.0,MITSU,Canter,WHI,,,,,,,,,,,,
487771,256818,2,Driver,,False,False,M,AIR BAG NOT DEPLOYED,G,OCCUPANT LAP SHOULDER HARNESS USED,CELL PHONE NOT IN USE,ENTERING OR LEAVING RAMP,,S,US-101,65.0,A,STOPPED,A,HAD NOT BEEN DRINKING,,,M,MALE,62.0,C,CA,A,ASIAN,1.0,PassengerCarStationWagonJeep,2011.0,HONDA,Civic,BLU,,,,,,,,,,,,
487770,256818,1,Driver,True,False,False,M,AIR BAG NOT DEPLOYED,G,OCCUPANT LAP SHOULDER HARNESS USED,CELL PHONE NOT IN USE,ENTERING OR LEAVING RAMP,,S,US-101,65.0,B,PROCEEDING STRAIGHT,A,HAD NOT BEEN DRINKING,,,M,MALE,21.0,U,CA,H,HISPANIC,1.0,PassengerCarStationWagonJeep,1993.0,TOYOTA,Corolla,BLU,,,,,,,,,,,,
487745,256804,3,Driver,,False,False,M,AIR BAG NOT DEPLOYED,G,OCCUPANT LAP SHOULDER HARNESS USED,CELL PHONE NOT IN USE,NONE APPARENT,,S,SR-85,65.0,H,SLOWING/STOPPING,A,HAD NOT BEEN DRINKING,,,M,MALE,61.0,C,CA,W,WHITE,7.0,SportUtilityVehicle,2015.0,INFI,QX60,SIL,,,,,,,,,,,,
487744,256804,2,Driver,,False,False,M,AIR BAG NOT DEPLOYED,G,OCCUPANT LAP SHOULDER HARNESS USED,CELL PHONE NOT IN USE,NONE APPARENT,,S,SR-85,65.0,H,SLOWING/STOPPING,A,HAD NOT BEEN DRINKING,,,F,FEMALE,55.0,C,CA,A,ASIAN,7.0,SportUtilityVehicle,2011.0,JEEP,COMPASS,RED,,,,,,,,,,,,
487743,256804,1,Driver,True,False,False,L,AIR BAG DEPLOYED,G,OCCUPANT LAP SHOULDER HARNESS USED,CELL PHONE NOT IN USE,NONE APPARENT,,S,SR-85,65.0,B,PROCEEDING STRAIGHT,A,HAD NOT BEEN DRINKING,,,M,MALE,69.0,C,CA,A,ASIAN,1.0,PassengerCarStationWagonJeep,1998.0,TOYO,AVALON,SIL,,,,,,,,,,,,
487740,256802,2,Driver,,False,False,M,AIR BAG NOT DEPLOYED,G,OCCUPANT LAP SHOULDER HARNESS USED,CELL PHONE NOT IN USE,STOP & GO TRAFFIC,,N,US101,65.0,A,STOPPED,A,HAD NOT BEEN DRINKING,,,F,FEMALE,21.0,C,CA,O,OTHER,1.0,PassengerCarStationWagonJeep,2008.0,HONDA,Accord,RED,,,,,,,,,,,,
487739,256802,1,Driver,True,False,False,M,AIR BAG NOT DEPLOYED,G,OCCUPANT LAP SHOULDER HARNESS USED,CELL PHONE NOT IN USE,STOP & GO TRAFFIC,,N,US101,65.0,B,PROCEEDING STRAIGHT,A,HAD NOT BEEN DRINKING,,,F,FEMALE,21.0,C,CA,H,HISPANIC,7.0,SportUtilityVehicle,2014.0,JEEP,Latitude,GRY,,,,,,,,,,,,
487707,256783,2,Driver,,False,False,M,AIR BAG NOT DEPLOYED,G,OCCUPANT LAP SHOULDER HARNESS USED,CELL PHONE NOT IN USE,NONE APPARENT,,N,US101,65.0,H,SLOWING/STOPPING,A,HAD NOT BEEN DRINKING,,,F,FEMALE,27.0,C,CA,A,ASIAN,1.0,PassengerCarStationWagonJeep,2014.0,LEXU,IS350,GRY,,,,,,,,,,,,
487706,256783,1,Driver,True,False,False,M,AIR BAG NOT DEPLOYED,G,OCCUPANT LAP SHOULDER HARNESS USED,CELL PHONE NOT IN USE,NONE APPARENT,,N,US101,65.0,B,PROCEEDING STRAIGHT,A,HAD NOT BEEN DRINKING,,,F,FEMALE,20.0,C,CA,W,WHITE,1.0,PassengerCarStationWagonJeep,1996.0,HONDA,ACCORD,MAR,,,,,,,,,,,,
487691,256775,2,Driver,,False,False,M,AIR BAG NOT DEPLOYED,G,OCCUPANT LAP SHOULDER HARNESS USED,CELL PHONE NOT IN USE,NONE APPARENT,,S,I-880,65.0,A,STOPPED,A,HAD NOT BEEN DRINKING,,,M,MALE,51.0,C,CA,A,ASIAN,1.0,PassengerCarStationWagonJeep,1999.0,LEXU,GS400,SIL,,,,,,,,,,,,
487690,256775,1,Driver,True,False,False,M,AIR BAG NOT DEPLOYED,G,OCCUPANT LAP SHOULDER HARNESS USED,CELL PHONE NOT IN USE,NONE APPARENT,,S,I-880,65.0,B,PROCEEDING STRAIGHT,A,HAD NOT BEEN DRINKING,,,F,FEMALE,45.0,C,CA,H,HISPANIC,1.0,PassengerCarStationWagonJeep,2003.0,HONDA,Accord,RED,,,,,,,,,,,,
487688,256773,3,Driver,,False,False,M,AIR BAG NOT DEPLOYED,G,OCCUPANT LAP SHOULDER HARNESS USED,CELL PHONE NOT IN USE,NONE APPARENT,,S,I-880,65.0,A,STOPPED,A,HAD NOT BEEN DRINKING,,,M,MALE,35.0,C,CA,W,WHITE,1.0,PassengerCarStationWagonJeep,2005.0,HONDA,Accord,BLU,,,,,,,,,,,,
487687,256773,2,Driver,,False,False,M,AIR BAG NOT DEPLOYED,G,OCCUPANT LAP SHOULDER HARNESS USED,CELL PHONE NOT IN USE,NONE APPARENT,,S,I-880,65.0,A,STOPPED,A,HAD NOT BEEN DRINKING,,,M,MALE,27.0,C,CA,W,WHITE,1.0,PassengerCarStationWagonJeep,2009.0,SUBA,Impreza,GLD,,,,,,,,,,,,
487686,256773,1,Driver,True,False,False,M,AIR BAG NOT DEPLOYED,G,OCCUPANT LAP SHOULDER HARNESS USED,CELL PHONE NOT IN USE,NONE APPARENT,,S,I-880,65.0,B,PROCEEDING STRAIGHT,A,HAD NOT BEEN DRINKING,,,M,MALE,62.0,C,CA,W,WHITE,8.0,MiniVan,2008.0,DODGE,Caravan,SIL,,,,,,,,,,,,
487671,256765,4,Driver,,False,False,M,AIR BAG NOT DEPLOYED,G,OCCUPANT LAP SHOULDER HARNESS USED,CELL PHONE NOT IN USE,NONE APPARENT,,S,I-880,65.0,A,STOPPED,A,HAD NOT BEEN DRINKING,,,M,MALE,35.0,C,CA,W,WHITE,1.0,PassengerCarStationWagonJeep,2005.0,HONDA,Accord,BLU,,,,,,,,,,,,
487670,256765,3,Driver,,False,False,M,AIR BAG NOT DEPLOYED,G,OCCUPANT LAP SHOULDER HARNESS USED,CELL PHONE NOT IN USE,NONE APPARENT,,S,I-880,65.0,A,STOPPED,A,HAD NOT BEEN DRINKING,,,M,MALE,27.0,C,CA,W,WHITE,1.0,PassengerCarStationWagonJeep,2009.0,SUBA,Impreza,GLD,,,,,,,,,,,,
487669,256765,2,Driver,,False,False,M,AIR BAG NOT DEPLOYED,G,OCCUPANT LAP SHOULDER HARNESS USED,CELL PHONE NOT IN USE,PREVIOUS COLLISION,,S,I-880,65.0,A,STOPPED,A,HAD NOT BEEN DRINKING,,,M,MALE,62.0,C,CA,W,WHITE,8.0,MiniVan,2008.0,DODGE,Caravan,SIL,,,,,,,,,,,,
487668,256765,1,Driver,True,False,False,M,AIR BAG NOT DEPLOYED,G,OCCUPANT LAP SHOULDER HARNESS USED,CELL PHONE NOT IN USE,NONE APPARENT,,S,I-880,65.0,B,PROCEEDING STRAIGHT,A,HAD NOT BEEN DRINKING,,,F,FEMALE,66.0,C,CA,W,WHITE,1.0,PassengerCarStationWagonJeep,2006.0,TOYOTA,Solara,WHI,,,,,,,,,,,,
487556,256709,2,Driver,,False,False,M,AIR BAG NOT DEPLOYED,G,OCCUPANT LAP SHOULDER HARNESS USED,CELL PHONE NOT IN USE,NONE APPARENT,,N,SR-87,65.0,H,SLOWING/STOPPING,A,HAD NOT BEEN DRINKING,,,F,FEMALE,50.0,C,CA,A,ASIAN,1.0,PassengerCarStationWagonJeep,2004.0,HOND,ACCORD,GRN,,,,,,,,,,,,
487555,256709,1,Driver,True,False,False,M,AIR BAG NOT DEPLOYED,G,OCCUPANT LAP SHOULDER HARNESS USED,CELL PHONE NOT IN USE,NONE APPARENT,,N,SR-87,65.0,B,PROCEEDING STRAIGHT,A,HAD NOT BEEN DRINKING,,,M,MALE,19.0,C,CA,H,HISPANIC,1.0,PassengerCarStationWagonJeep,2015.0,CHRY,200,RED,,,,,,,,,,,,
487465,256665,4,Driver,,False,False,M,AIR BAG NOT DEPLOYED,G,OCCUPANT LAP SHOULDER HARNESS USED,CELL PHONE NOT IN USE,STOP & GO TRAFFIC,,N,State Route 85,65.0,A,STOPPED,A,HAD NOT BEEN DRINKING,,,M,MALE,50.0,C,CA,A,ASIAN,1.0,PassengerCarStationWagonJeep,1992.0,TOYOTA,Previa,MAR,,,,,,,,,,,,
487464,256665,3,Driver,,False,False,M,AIR BAG NOT DEPLOYED,G,OCCUPANT LAP SHOULDER HARNESS USED,CELL PHONE NOT IN USE,STOP & GO TRAFFIC,,N,State Route 85,65.0,A,STOPPED,A,HAD NOT BEEN DRINKING,,,M,MALE,27.0,U,CA,W,WHITE,1.0,PassengerCarStationWagonJeep,2005.0,TOYOTA,Camry,BLK,,,,,,,,,,,,
487463,256665,2,Driver,,False,False,M,AIR BAG NOT DEPLOYED,G,OCCUPANT LAP SHOULDER HARNESS USED,CELL PHONE NOT IN USE,STOP & GO TRAFFIC,,N,State Route 85,65.0,A,STOPPED,A,HAD NOT BEEN DRINKING,,,M,MALE,51.0,U,CA,W,WHITE,1.0,PassengerCarStationWagonJeep,2013.0,HONDA,Civic,WHT,,,,,,,,,,,,
487462,256665,1,Driver,True,False,False,M,AIR BAG NOT DEPLOYED,G,OCCUPANT LAP SHOULDER HARNESS USED,CELL PHONE NOT IN USE,INATTENTION / STOP & GO TRAFFIC,,N,State Route 85,65.0,B,PROCEEDING STRAIGHT,A,HAD NOT BEEN DRINKING,,,M,MALE,27.0,C,CA,W,WHITE,1.0,PassengerCarStationWagonJeep,2001.0,BUICK,REGAL,BLK,,,,,,,,,,,,
487447,256657,2,Driver,,False,False,M,AIR BAG NOT DEPLOYED,G,OCCUPANT LAP SHOULDER HARNESS USED,CELL PHONE NOT IN USE,NONE APPARENT,,N,I-280,65.0,H,SLOWING/STOPPING,A,HAD NOT BEEN DRINKING,,,F,FEMALE,26.0,C,CA,W,WHITE,1.0,PassengerCarStationWagonJeep,2002.0,BMW,325CI,BLU,,,,,,,,,,,,
487446,256657,1,Driver,True,False,True,B,UNKNOWN,B,OCCUPANT UNKNOWN,CELL PHONE NOT IN USE,NONE APPARENT,,N,I-280,65.0,B,PROCEEDING STRAIGHT,A,HAD NOT BEEN DRINKING,,,,,,,,,,99.0,OtherUnknownHitAndRunDriver,,UNKNOWN,,,,,,,,,,,,,,
487306,256588,3,Driver,,False,False,M,AIR BAG NOT DEPLOYED,G,OCCUPANT LAP SHOULDER HARNESS USED,CELL PHONE NOT IN USE,STOP & GO TRAFFIC,,N,SR-87,65.0,H,SLOWING/STOPPING,A,HAD NOT BEEN DRINKING,,,M,MALE,29.0,C,CA,H,HISPANIC,7.0,SportUtilityVehicle,2001.0,MITS,Montero,SIL,,,,,,,,,,,,
487305,256588,2,Driver,,False,False,L,AIR BAG DEPLOYED,G,OCCUPANT LAP SHOULDER HARNESS USED,CELL PHONE NOT IN USE,STOP & GO TRAFFIC,,N,SR-87,65.0,H,SLOWING/STOPPING,A,HAD NOT BEEN DRINKING,,,M,MALE,29.0,C,CA,B,BLACK,1.0,PassengerCarStationWagonJeep,1995.0,LEXS,SC400,GLD,,,,,,,,,,,,
487304,256588,1,Driver,True,False,False,M,AIR BAG NOT DEPLOYED,G,OCCUPANT LAP SHOULDER HARNESS USED,CELL PHONE NOT IN USE,STOP & GO TRAFFIC,,N,SR-87,65.0,B,PROCEEDING STRAIGHT,A,HAD NOT BEEN DRINKING,,,M,MALE,54.0,C,CA,O,OTHER,22.0,PickupsAndPanels,2014.0,GMC,Sierra,WHI,,,,,,,,,,,,