PartyId,CollisionId,PartyNumber,PartyType,IsAtFault,IsOnDutyEmergencyVehicle,IsHitAndRun,AirbagCode,AirbagDescription,SafetyEquipmentCode,SafetyEquipmentDescription,Special Information,Other Associate Factor,Inattention,DirectionOfTravel,StreetOrHighwayName,SpeedLimit,MovementPrecCollCode,MovementPrecCollDescription,SobrietyDrugPhysicalCode1,SobrietyDrugPhysicalDescription1,SobrietyDrugPhysicalCode2,SobrietyDrugPhysicalDescription2,GenderCode,GenderDescription,StatedAge,DriverLicenseClass,DriverLicenseStateCode,RaceCode,RaceDesc,Vehicle1TypeId, Vehicle1TypeDesc, Vehicle1Year,Vehicle1Make,Vehicle1Model,Vehicle1Color,V1IsVehicleTowed,Vehicle2TypeId, Vehicle2TypeDesc, Vehicle2Year,Vehicle2Make,Vehicle2Model,Vehicle2Color,V2IsVehicleTowed,Lane,ThruLanes,TotalLanes,IsDREConducted
501560,263767,2,Driver,,False,False,M,AIR BAG NOT DEPLOYED,G,OCCUPANT LAP SHOULDER HARNESS USED,CELL PHONE NOT IN USE,NONE APPARENT,,N,US 101,65.0,B,PROCEEDING STRAIGHT,A,HAD NOT BEEN DRINKING,,,M,MALE,63.0,C,CA,W,WHITE,22.0,PickupsAndPanels,1997.0,FORD,Ranger,GLD,,,,,,,,,,,,
501559,263767,1,Driver,True,False,False,M,AIR BAG NOT DEPLOYED,G,OCCUPANT LAP SHOULDER HARNESS USED,CELL PHONE NOT IN USE,NONE APPARENT,,N,US 101,65.0,B,PROCEEDING STRAIGHT,A,HAD NOT BEEN DRINKING,,,M,MALE,56.0,C,CA,W,WHITE,1.0,PassengerCarStationWagonJeep,2013.0,CHEV,Volt,SIL,,,,,,,,,,,,
501530,263748,3,Driver,,False,False,M,AIR BAG NOT DEPLOYED,G,OCCUPANT LAP SHOULDER HARNESS USED,CELL PHONE NOT IN USE,NONE APPARENT,,N,I-880,65.0,B,PROCEEDING STRAIGHT,A,HAD NOT BEEN DRINKING,,,M,MALE,47.0,C,CA,O,OTHER,7.0,SportUtilityVehicle,2003.0,TOYT,4RUNNER,GRY,,,,,,,,,,,,
501529,263748,2,Driver,,False,False,M,AIR BAG NOT DEPLOYED,G,OCCUPANT LAP SHOULDER HARNESS USED,CELL PHONE NOT IN USE,NONE APPARENT,,N,I-880,65.0,H,SLOWING/STOPPING,A,HAD NOT BEEN DRINKING,,,M,MALE,,C,CA,A,ASIAN,1.0,PassengerCarStationWagonJeep,2004.0,MAZD,6,SIL,,,,,,,,,,,,
501528,263748,1,Driver,True,False,False,L,AIR BAG DEPLOYED,G,OCCUPANT LAP SHOULDER HARNESS USED,CELL PHONE NOT IN USE,NONE APPARENT,,N,I-880,65.0,B,PROCEEDING STRAIGHT,A,HAD NOT BEEN DRINKING,,,M,MALE,24.0,C,CA,W,WHITE,1.0,PassengerCarStationWagonJeep,2011.0,VW,Jetta,GRY,,,,,,,,,,,,
501461,263710,1,Driver,True,False,False,P,NOT REQUIRED,W,MOTOR BICYCLE DRIVER WITH HELMET,CELL PHONE NOT IN USE,NONE APPARENT,,S,I-880,65.0,H,SLOWING/STOPPING,A,HAD NOT BEEN DRINKING,,,M,MALE,29.0,F,IL,W,WHITE,2.0,Motorcycle,2006.0,DUCAT,999,RED,,,,,,,,,,,,
501393,263673,1,Driver,True,False,False,M,AIR BAG NOT DEPLOYED,H,OCCUPANT LAP SHOULDER HARNESS NOT USED,CELL PHONE NOT IN USE,VC SECTION VIOLATED - 22107,,S,SR-85,65.0,R,OTHER,B,HBD-UNDER INFLUENCE,,,F,FEMALE,25.0,C,CA,H,HISPANIC,1.0,PassengerCarStationWagonJeep,2000.0,HONDA,CIVIC,SIL,,,,,,,,,,,,
501183,263567,2,Driver,,False,True,B,UNKNOWN,B,OCCUPANT UNKNOWN,CELL PHONE NOT IN USE,NONE APPARENT,,N,I-280,65.0,B,PROCEEDING STRAIGHT,A,HAD NOT BEEN DRINKING,,,,,,,,,,99.0,OtherUnknownHitAndRunDriver,,UNKNOWN,,,,,,,,,,,,,,
501182,263567,1,Driver,True,False,False,M,AIR BAG NOT DEPLOYED,G,OCCUPANT LAP SHOULDER HARNESS USED,CELL PHONE NOT IN USE,NONE APPARENT,,N,I-280,65.0,J,CHANGING LANES,G,IMPAIRMENT_NOT_KNOWN,,,F,FEMALE,38.0,C,CA,H,HISPANIC,1.0,PassengerCarStationWagonJeep,2000.0,BMW,323I,GRY,,,,,,,,,,,,
501175,263564,4,Driver,,False,False,M,AIR BAG NOT DEPLOYED,G,OCCUPANT LAP SHOULDER HARNESS USED,CELL PHONE NOT IN USE,VC SECTION VIOLATED - 22350 / STOP & GO TRAFFIC,,E,SR-237 (E/B),65.0,B,PROCEEDING STRAIGHT,A,HAD NOT BEEN DRINKING,,,M,MALE,47.0,C,CA,H,HISPANIC,8.0,MiniVan,2002.0,FORD,Windstar,SIL,,,,,,,,,,,,
501174,263564,3,Driver,,False,False,B,UNKNOWN,B,OCCUPANT UNKNOWN,CELL PHONE NOT IN USE,STOP & GO TRAFFIC,,E,SR-237 (E/B),65.0,B,PROCEEDING STRAIGHT,A,HAD NOT BEEN DRINKING,,,M,MALE,46.0,C,CA,,,1.0,PassengerCarStationWagonJeep,1998.0,HOND,civi,GRN,,,,,,,,,,,,
501173,263564,2,Driver,True,False,False,M,AIR BAG NOT DEPLOYED,G,OCCUPANT LAP SHOULDER HARNESS USED,CELL PHONE NOT IN USE,STOP & GO TRAFFIC,,E,SR-237 (E/B),65.0,B,PROCEEDING STRAIGHT,A,HAD NOT BEEN DRINKING,,,F,FEMALE,57.0,C,CA,A,ASIAN,1.0,PassengerCarStationWagonJeep,2003.0,LEXU,es3,SIL,,,,,,,,,,,,
501172,263564,1,Driver,,False,False,M,AIR BAG NOT DEPLOYED,G,OCCUPANT LAP SHOULDER HARNESS USED,CELL PHONE NOT IN USE,STOP & GO TRAFFIC,,E,SR-237 (E/B),65.0,A,STOPPED,A,HAD NOT BEEN DRINKING,,,M,MALE,44.0,C,CA,O,OTHER,7.0,SportUtilityVehicle,2015.0,NISS,Rogue,WHI,,,,,,,,,,,,
501159,263558,3,Driver,,False,False,M,AIR BAG NOT DEPLOYED,G,OCCUPANT LAP SHOULDER HARNESS USED,CELL PHONE NOT IN USE,STOP & GO TRAFFIC,,S,I-280,65.0,H,SLOWING/STOPPING,A,HAD NOT BEEN DRINKING,,,F,FEMALE,33.0,C,CA,O,OTHER,1.0,PassengerCarStationWagonJeep,2014.0,TOYT,Prius,WHI,,,,,,,,,,,,
501158,263558,2,Driver,,False,False,M,AIR BAG NOT DEPLOYED,G,OCCUPANT LAP SHOULDER HARNESS USED,CELL PHONE NOT IN USE,STOP & GO TRAFFIC,,S,I-280,65.0,H,SLOWING/STOPPING,A,HAD NOT BEEN DRINKING,,,M,MALE,24.0,C,CA,A,ASIAN,1.0,PassengerCarStationWagonJeep,2015.0,TOYT,Camry,BLK,,,,,,,,,,,,
501157,263558,1,Driver,True,False,False,L,AIR BAG DEPLOYED,G,OCCUPANT LAP SHOULDER HARNESS USED,CELL PHONE NOT IN USE,STOP & GO TRAFFIC,,S,I-280,65.0,B,PROCEEDING STRAIGHT,A,HAD NOT BEEN DRINKING,,,M,MALE,21.0,C,CA,A,ASIAN,1.0,PassengerCarStationWagonJeep,2015.0,LEXS,IS250,WHI,,,,,,,,,,,,
500131,263047,4,Driver,,False,False,M,AIR BAG NOT DEPLOYED,G,OCCUPANT LAP SHOULDER HARNESS USED,CELL PHONE NOT IN USE,NONE APPARENT,,N,SR-17,65.0,A,STOPPED,A,HAD NOT BEEN DRINKING,,,F,FEMALE,34.0,C,CA,W,WHITE,1.0,PassengerCarStationWagonJeep,2014.0,BMW,320I,GRY,,,,,,,,,,,,
500130,263047,3,Driver,,False,False,M,AIR BAG NOT DEPLOYED,G,OCCUPANT LAP SHOULDER HARNESS USED,CELL PHONE NOT IN USE,NONE APPARENT,,N,SR-17,65.0,A,STOPPED,A,HAD NOT BEEN DRINKING,,,F,FEMALE,24.0,C,CA,H,HISPANIC,1.0,PassengerCarStationWagonJeep,2012.0,NISS,VERSA,BLU,,,,,,,,,,,,
500129,263047,2,Driver,,False,False,M,AIR BAG NOT DEPLOYED,G,OCCUPANT LAP SHOULDER HARNESS USED,CELL PHONE NOT IN USE,NONE APPARENT,,N,SR-17,65.0,A,STOPPED,A,HAD NOT BEEN DRINKING,,,M,MALE,44.0,C,CA,O,OTHER,1.0,PassengerCarStationWagonJeep,1999.0,LEXU,ES300,GRN,,,,,,,,,,,,
500128,263047,1,Driver,True,False,False,M,AIR BAG NOT DEPLOYED,G,OCCUPANT LAP SHOULDER HARNESS USED,CELL PHONE NOT IN USE,NONE APPARENT,,N,SR-17,65.0,B,PROCEEDING STRAIGHT,A,HAD NOT BEEN DRINKING,,,M,MALE,25.0,C,CA,W,WHITE,7.0,SportUtilityVehicle,2016.0,JEEP,CHEROKEE,BLK,,,,,,,,,,,,
500017,262995,1,Driver,True,False,False,P,NOT REQUIRED,Q,CHILD IN VEHICLE USED,CELL PHONE NOT IN USE,NONE APPARENT,,S,I-880,65.0,J,CHANGING LANES,A,HAD NOT BEEN DRINKING,,,F,FEMALE,4.0,C,CA,W,WHITE,1.0,PassengerCarStationWagonJeep,2007.0,DODGE,Caliber,SIL,,,,,,,,,,,,
499738,262850,2,Driver,,False,False,M,AIR BAG NOT DEPLOYED,G,OCCUPANT LAP SHOULDER HARNESS USED,CELL PHONE NOT IN USE,NONE APPARENT,,N,US-101,65.0,B,PROCEEDING STRAIGHT,A,HAD NOT BEEN DRINKING,,,F,FEMALE,34.0,U,CA,H,HISPANIC,22.0,PickupsAndPanels,2003.0,CHEV,Sil,BLK,,,,,,,,,,,,
499737,262850,1,Driver,True,False,False,M,AIR BAG NOT DEPLOYED,G,OCCUPANT LAP SHOULDER HARNESS USED,CELL PHONE NOT IN USE,NONE APPARENT,,N,US-101,65.0,J,CHANGING LANES,A,HAD NOT BEEN DRINKING,,,M,MALE,24.0,C,CA,H,HISPANIC,1.0,PassengerCarStationWagonJeep,2002.0,BMW,525i,GRY,,,,,,,,,,,,
499519,262737,2,Driver,,False,False,M,AIR BAG NOT DEPLOYED,G,OCCUPANT LAP SHOULDER HARNESS USED,CELL PHONE NOT IN USE,NONE APPARENT,,S,US 101 S/B FROM TULLY RD,65.0,A,STOPPED,A,HAD NOT BEEN DRINKING,,,M,MALE,53.0,C,CA,A,ASIAN,1.0,PassengerCarStationWagonJeep,2009.0,MERB,C300,BLK,,,,,,,,,,,,
499518,262737,1,Driver,True,False,False,M,AIR BAG NOT DEPLOYED,G,OCCUPANT LAP SHOULDER HARNESS USED,CELL PHONE NOT IN USE,NONE APPARENT,,S, US 101 S/B FROM TULLY RD,65.0,B,PROCEEDING STRAIGHT,A,HAD NOT BEEN DRINKING,,,M,MALE,27.0,C,CA,O,OTHER,1.0,PassengerCarStationWagonJeep,2000.0,BMW,323,BLK,,,,,,,,,,,,
499466,262708,2,Driver,,False,False,M,AIR BAG NOT DEPLOYED,G,OCCUPANT LAP SHOULDER HARNESS USED,CELL PHONE NOT IN USE,NONE APPARENT,,S,I-280,65.0,B,PROCEEDING STRAIGHT,A,HAD NOT BEEN DRINKING,,,M,MALE,52.0,B,CA,W,WHITE,87.0,HmwThreeOrMoreAxleTruck,2016.0,PETE,348,WHI,,,,,,,,,,,,
499465,262708,1,Driver,True,False,False,M,AIR BAG NOT DEPLOYED,G,OCCUPANT LAP SHOULDER HARNESS USED,CELL PHONE NOT IN USE,NONE APPARENT,,S,I-280,65.0,P,MERGING,A,HAD NOT BEEN DRINKING,,,M,MALE,36.0,U,CA,H,HISPANIC,1.0,PassengerCarStationWagonJeep,2001.0,CHEV,CAMARO,BLU,,,,,,,,,,,,
499387,262669,2,Driver,,False,False,M,AIR BAG NOT DEPLOYED,G,OCCUPANT LAP SHOULDER HARNESS USED,CELL PHONE NOT IN USE,NONE APPARENT,,N,I-680,65.0,A,STOPPED,A,HAD NOT BEEN DRINKING,,,M,MALE,51.0,C,CA,W,WHITE,1.0,PassengerCarStationWagonJeep,2014.0,LEXUS,ES350,BLK,,,,,,,,,,,,
499386,262669,1,Driver,True,False,False,L,AIR BAG DEPLOYED,G,OCCUPANT LAP SHOULDER HARNESS USED,CELL PHONE NOT IN USE,NONE APPARENT,,N,I-680,65.0,B,PROCEEDING STRAIGHT,A,HAD NOT BEEN DRINKING,,,M,MALE,28.0,C,CA,A,ASIAN,7.0,SportUtilityVehicle,2015.0,NISSAN,ROGUE,BLK,,,,,,,,,,,,
499380,262665,3,Driver,,False,False,M,AIR BAG NOT DEPLOYED,G,OCCUPANT LAP SHOULDER HARNESS USED,CELL PHONE NOT IN USE,NONE APPARENT,,S,I-280,65.0,B,PROCEEDING STRAIGHT,A,HAD NOT BEEN DRINKING,,,F,FEMALE,17.0,C,CA,H,HISPANIC,22.0,PickupsAndPanels,1997.0,TOYO,Tacoma,BRN,,,,,,,,,,,,
499379,262665,2,Driver,,False,False,M,AIR BAG NOT DEPLOYED,G,OCCUPANT LAP SHOULDER HARNESS USED,CELL PHONE NOT IN USE,NONE APPARENT,,S,I-280,65.0,B,PROCEEDING STRAIGHT,A,HAD NOT BEEN DRINKING,,,M,MALE,28.0,C,CA,H,HISPANIC,1.0,PassengerCarStationWagonJeep,2001.0,HOND,ACCORD,WHI,,,,,,,,,,,,
499378,262665,1,Driver,True,False,False,M,AIR BAG NOT DEPLOYED,G,OCCUPANT LAP SHOULDER HARNESS USED,CELL PHONE NOT IN USE,NONE APPARENT,,S,I-280,65.0,B,PROCEEDING STRAIGHT,A,HAD NOT BEEN DRINKING,,,M,MALE,32.0,C,CA,A,ASIAN,1.0,PassengerCarStationWagonJeep,2010.0,FORD,FUSION,BLK,,,,,,,,,,,,
499320,262633,2,Driver,,False,False,M,AIR BAG NOT DEPLOYED,G,OCCUPANT LAP SHOULDER HARNESS USED,CELL PHONE NOT IN USE,NONE APPARENT,,S,I-280,65.0,B,PROCEEDING STRAIGHT,A,HAD NOT BEEN DRINKING,,,M,MALE,25.0,C,CA,A,ASIAN,1.0,PassengerCarStationWagonJeep,2009.0,TOYT,PRIUS,SIL,,,,,,,,,,,,
499319,262633,1,Driver,True,False,False,L,AIR BAG DEPLOYED,G,OCCUPANT LAP SHOULDER HARNESS USED,CELL PHONE NOT IN USE,NONE APPARENT,,S,I-280,65.0,J,CHANGING LANES,A,HAD NOT BEEN DRINKING,,,F,FEMALE,33.0,C,CA,A,ASIAN,1.0,PassengerCarStationWagonJeep,2014.0,TOYT,Corolla,GRY,,,,,,,,,,,,
499300,262623,2,Driver,,False,False,M,AIR BAG NOT DEPLOYED,G,OCCUPANT LAP SHOULDER HARNESS USED,CELL PHONE NOT IN USE,STOP & GO TRAFFIC,,S,I-280,65.0,A,STOPPED,A,HAD NOT BEEN DRINKING,,,F,FEMALE,32.0,C,CA,A,ASIAN,1.0,PassengerCarStationWagonJeep,2007.0,ACUR,TSX,LBL,,,,,,,,,,,,
499299,262623,1,Driver,True,False,False,M,AIR BAG NOT DEPLOYED,G,OCCUPANT LAP SHOULDER HARNESS USED,CELL PHONE NOT IN USE,STOP & GO TRAFFIC,,S,I-280,65.0,B,PROCEEDING STRAIGHT,A,HAD NOT BEEN DRINKING,,,M,MALE,,C,CA,H,HISPANIC,22.0,PickupsAndPanels,2001.0,DODG,Dakota,WHI,,,,,,,,,,,,
499080,262509,3,Driver,,False,False,M,AIR BAG NOT DEPLOYED,G,OCCUPANT LAP SHOULDER HARNESS USED,CELL PHONE NOT IN USE,STOP & GO TRAFFIC,,N,US101 N/B,65.0,A,STOPPED,A,HAD NOT BEEN DRINKING,,,M,MALE,65.0,C,CA,W,WHITE,1.0,PassengerCarStationWagonJeep,2014.0,HOND,CR-V,BRN,,,,,,,,,,,,
499079,262509,2,Driver,,False,False,M,AIR BAG NOT DEPLOYED,G,OCCUPANT LAP SHOULDER HARNESS USED,CELL PHONE NOT IN USE,STOP & GO TRAFFIC,,N,US101 N/B,65.0,A,STOPPED,A,HAD NOT BEEN DRINKING,,,M,MALE,52.0,C,CA,W,WHITE,1.0,PassengerCarStationWagonJeep,2013.0,FORD,Edge,WHI,,,,,,,,,,,,
499078,262509,1,Driver,True,False,False,M,AIR BAG NOT DEPLOYED,G,OCCUPANT LAP SHOULDER HARNESS USED,CELL PHONE NOT IN USE,STOP & GO TRAFFIC,,N,US101 N/B,65.0,B,PROCEEDING STRAIGHT,A,HAD NOT BEEN DRINKING,,,M,MALE,24.0,C,CA,O,OTHER,1.0,PassengerCarStationWagonJeep,2005.0,HOND,Accord,BLK,,,,,,,,,,,,
499025,262485,1,Driver,,False,False,M,AIR BAG NOT DEPLOYED,G,OCCUPANT LAP SHOULDER HARNESS USED,CELL PHONE NOT IN USE,NONE APPARENT,,N,I-880,65.0,B,PROCEEDING STRAIGHT,A,HAD NOT BEEN DRINKING,,,M,MALE,53.0,B,CA,H,HISPANIC,10.0,TourBus,2002.0,VANHOOL,C-coach 2145,WHI,,,,,,,,,,,,
498489,262226,1,Driver,True,False,True,L,AIR BAG DEPLOYED,B,OCCUPANT UNKNOWN,CELL PHONE NOT IN USE,NONE APPARENT,,E,SR-237,65.0,R,OTHER,G,IMPAIRMENT_NOT_KNOWN,,,,,,,,,,1.0,PassengerCarStationWagonJeep,2016.0,HYUN,Elantra,GRY,,,,,,,,,,,,
498482,262222,2,Driver,,False,False,M,AIR BAG NOT DEPLOYED,G,OCCUPANT LAP SHOULDER HARNESS USED,CELL PHONE NOT IN USE,NONE APPARENT,,N,SR-85,65.0,B,PROCEEDING STRAIGHT,A,HAD NOT BEEN DRINKING,,,F,FEMALE,25.0,C,CA,W,WHITE,1.0,PassengerCarStationWagonJeep,2010.0,KIA,SOUL,WHI,,,,,,,,,,,,
498481,262222,1,Driver,True,False,False,M,AIR BAG NOT DEPLOYED,G,OCCUPANT LAP SHOULDER HARNESS USED,CELL PHONE NOT IN USE,NONE APPARENT,,N,SR-85,65.0,J,CHANGING LANES,A,HAD NOT BEEN DRINKING,,,M,MALE,18.0,C,CA,H,HISPANIC,7.0,SportUtilityVehicle,2001.0,HOND,CRV,PUR,,,,,,,,,,,,
498465,262213,1,Driver,True,False,False,M,AIR BAG NOT DEPLOYED,G,OCCUPANT LAP SHOULDER HARNESS USED,CELL PHONE NOT IN USE,NONE APPARENT,,S,I-280,65.0,C,RAN OFF ROAD,A,HAD NOT BEEN DRINKING,,,M,MALE,63.0,C,CA,A,ASIAN,22.0,PickupsAndPanels,1993.0,TOYT,T100,GRY,,,,,,,,,,,,
498375,262164,3,Driver,,False,False,M,AIR BAG NOT DEPLOYED,G,OCCUPANT LAP SHOULDER HARNESS USED,CELL PHONE NOT IN USE,ENTERING OR LEAVING RAMP,,N,SR-87 FROM I280,65.0,H,SLOWING/STOPPING,A,HAD NOT BEEN DRINKING,,,F,FEMALE,56.0,C,CA,W,WHITE,1.0,PassengerCarStationWagonJeep,2012.0,NISSAN,ROGUE,WHI,,,,,,,,,,,,
498374,262164,2,Driver,,False,False,M,AIR BAG NOT DEPLOYED,G,OCCUPANT LAP SHOULDER HARNESS USED,CELL PHONE NOT IN USE,ENTERING OR LEAVING RAMP,,N,SR-87 RAMP FROM 280,65.0,H,SLOWING/STOPPING,A,HAD NOT BEEN DRINKING,,,F,FEMALE,52.0,C,CA,O,OTHER,1.0,PassengerCarStationWagonJeep,2005.0,HONDA,ACCORD,GRY,,,,,,,,,,,,
498373,262164,1,Driver,True,False,False,M,AIR BAG NOT DEPLOYED,G,OCCUPANT LAP SHOULDER HARNESS USED,CELL PHONE NOT IN USE,ENTERING OR LEAVING RAMP,,N,SR-87 RAMP FROM 280,65.0,B,PROCEEDING STRAIGHT,A,HAD NOT BEEN DRINKING,,,F,FEMALE,36.0,C,CA,H,HISPANIC,1.0,PassengerCarStationWagonJeep,2014.0,CHEVY,CAMARO,RED,,,,,,,,,,,,
498339,262146,2,Driver,,False,False,M,AIR BAG NOT DEPLOYED,G,OCCUPANT LAP SHOULDER HARNESS USED,CELL PHONE NOT IN USE,NONE APPARENT,,S,I- 280 Ramp,65.0,A,STOPPED,A,HAD NOT BEEN DRINKING,,,M,MALE,22.0,C,CA,A,ASIAN,1.0,PassengerCarStationWagonJeep,2005.0,TOYO,CORO,WHT,,,,,,,,,,,,
498338,262146,1,Driver,True,False,False,M,AIR BAG NOT DEPLOYED,G,OCCUPANT LAP SHOULDER HARNESS USED,CELL PHONE NOT IN USE,NONE APPARENT,,S,I- 280 Ramp,65.0,B,PROCEEDING STRAIGHT,C,HBD-NOT UNDER INFLUENCE,,,M,MALE,45.0,,,H,HISPANIC,7.0,SportUtilityVehicle,2003.0,CHRY,Town & Country,SIL,,,,,,,,,,,,
498315,262133,2,Driver,,False,False,M,AIR BAG NOT DEPLOYED,G,OCCUPANT LAP SHOULDER HARNESS USED,CELL PHONE NOT IN USE,ENTERING OR LEAVING RAMP,,S,US-101,65.0,A,STOPPED,A,HAD NOT BEEN DRINKING,,,M,MALE,48.0,C,CA,O,OTHER,1.0,PassengerCarStationWagonJeep,2007.0,HONDA,ACCORD,GRY,,,,,,,,,,,,
498314,262133,1,Driver,True,False,False,M,AIR BAG NOT DEPLOYED,G,OCCUPANT LAP SHOULDER HARNESS USED,CELL PHONE NOT IN USE,ENTERING OR LEAVING RAMP,,S,US-101 RAMP,65.0,B,PROCEEDING STRAIGHT,A,HAD NOT BEEN DRINKING,,,M,MALE,63.0,C,CA,H,HISPANIC,1.0,PassengerCarStationWagonJeep,1994.0,BUICK,REGAL,GRY,,,,,,,,,,,,
498154,262045,2,Driver,,False,False,M,AIR BAG NOT DEPLOYED,G,OCCUPANT LAP SHOULDER HARNESS USED,CELL PHONE NOT IN USE,STOP & GO TRAFFIC,,S,US-101,65.0,H,SLOWING/STOPPING,A,HAD NOT BEEN DRINKING,,,F,FEMALE,39.0,C,CA,H,HISPANIC,22.0,PickupsAndPanels,2010.0,CHEV,SILVERADO,WHI,,,,,,,,,,,,
498153,262045,1,Driver,True,False,False,L,AIR BAG DEPLOYED,G,OCCUPANT LAP SHOULDER HARNESS USED,CELL PHONE NOT IN USE,STOP & GO TRAFFIC,,S,US-101,65.0,H,SLOWING/STOPPING,A,HAD NOT BEEN DRINKING,,,F,FEMALE,23.0,U,CA,W,WHITE,7.0,SportUtilityVehicle,2012.0,FORD,EDGE,WHI,,,,,,,,,,,,
498041,261984,2,Driver,,False,False,M,AIR BAG NOT DEPLOYED,G,OCCUPANT LAP SHOULDER HARNESS USED,CELL PHONE NOT IN USE,STOP & GO TRAFFIC,,N,I-280,65.0,H,SLOWING/STOPPING,A,HAD NOT BEEN DRINKING,,,F,FEMALE,30.0,C,CA,A,ASIAN,1.0,PassengerCarStationWagonJeep,2013.0,MAZD,3,GRY,,,,,,,,,,,,
498040,261984,1,Driver,True,False,False,M,AIR BAG NOT DEPLOYED,G,OCCUPANT LAP SHOULDER HARNESS USED,CELL PHONE NOT IN USE,STOP & GO TRAFFIC,,N,I-280,65.0,B,PROCEEDING STRAIGHT,A,HAD NOT BEEN DRINKING,,,M,MALE,22.0,C,CA,B,BLACK,1.0,PassengerCarStationWagonJeep,1998.0,TOYO,CAMR,WHT,,,,,,,,,,,,
497946,261937,3,Driver,,False,False,M,AIR BAG NOT DEPLOYED,G,OCCUPANT LAP SHOULDER HARNESS USED,CELL PHONE NOT IN USE,STOP & GO TRAFFIC,,S,I-880,65.0,B,PROCEEDING STRAIGHT,A,HAD NOT BEEN DRINKING,,,M,MALE,45.0,C,CA,W,WHITE,7.0,SportUtilityVehicle,2010.0,CHEV,TRAI,BLK,,,,,,,,,,,,
497945,261937,2,Driver,,False,False,M,AIR BAG NOT DEPLOYED,G,OCCUPANT LAP SHOULDER HARNESS USED,CELL PHONE NOT IN USE,STOP & GO TRAFFIC,,S,I-880,65.0,B,PROCEEDING STRAIGHT,A,HAD NOT BEEN DRINKING,,,M,MALE,74.0,C,CA,O,OTHER,1.0,PassengerCarStationWagonJeep,2007.0,MERZ,C300,GRY,,,,,,,,,,,,
497944,261937,1,Driver,,False,False,M,AIR BAG NOT DEPLOYED,G,OCCUPANT LAP SHOULDER HARNESS USED,CELL PHONE NOT IN USE,STOP & GO TRAFFIC,,S,I-880,65.0,B,PROCEEDING STRAIGHT,A,HAD NOT BEEN DRINKING,,,F,FEMALE,56.0,C,CA,A,ASIAN,1.0,PassengerCarStationWagonJeep,2016.0,TOYO,PRIUS,SIL,,,,,,,,,,,,
497930,261930,1,Driver,True,False,False,L,AIR BAG DEPLOYED,G,OCCUPANT LAP SHOULDER HARNESS USED,CELL PHONE NOT IN USE,NONE APPARENT,,N,SR-87,65.0,R,OTHER,A,HAD NOT BEEN DRINKING,,,F,FEMALE,50.0,C,CA,W,WHITE,1.0,PassengerCarStationWagonJeep,2000.0,TOYO,ECHO,SIL,,,,,,,,,,,,
497792,261861,2,ParkedVehicle,,False,,,,,,CELL PHONE NOT IN USE,NONE APPARENT,,S,US101,65.0,O,PARKED,H,NOT APPLICABLE,,,,,,,,,,55.0,TwoAxleTowTruck,2013.0,MITS,TOW TRUCK,WHI,,,,,,,,,,,,
497791,261861,1,Driver,True,False,False,M,AIR BAG NOT DEPLOYED,G,OCCUPANT LAP SHOULDER HARNESS USED,CELL PHONE NOT IN USE,NONE APPARENT,,S,US101,65.0,R,OTHER,A,HAD NOT BEEN DRINKING,,,M,MALE,31.0,C,CA,H,HISPANIC,22.0,PickupsAndPanels,2013.0,FORD,F-250,WHI,,,,,,,,,,,,
497559,261744,2,Driver,,False,False,M,AIR BAG NOT DEPLOYED,G,OCCUPANT LAP SHOULDER HARNESS USED,CELL PHONE NOT IN USE,NONE APPARENT,,N,I-880,65.0,B,PROCEEDING STRAIGHT,A,HAD NOT BEEN DRINKING,,,M,MALE,28.0,A,CA,W,WHITE,26.0,TwoAxleTruck,2011.0,KW,TH-023,WHT,,29.0,PullTankTrailer,2000.0,SAF-T-TO,TH-023,RED,,,,,
497558,261744,1,Driver,True,False,False,M,AIR BAG NOT DEPLOYED,G,OCCUPANT LAP SHOULDER HARNESS USED,CELL PHONE NOT IN USE,NONE APPARENT,,N,I-880,65.0,J,CHANGING LANES,A,HAD NOT BEEN DRINKING,,,M,MALE,28.0,C,CA,W,WHITE,1.0,PassengerCarStationWagonJeep,2017.0,FORD,FUSION,WHT,,,,,,,,,,,,
497538,261731,2,Driver,,False,False,L,AIR BAG DEPLOYED,G,OCCUPANT LAP SHOULDER HARNESS USED,CELL PHONE NOT IN USE,NONE APPARENT,,N,SR-87,65.0,B,PROCEEDING STRAIGHT,A,HAD NOT BEEN DRINKING,,,M,MALE,23.0,C,CA,W,WHITE,1.0,PassengerCarStationWagonJeep,2014.0,CHEVY,CRUZE,BLK,,,,,,,,,,,,
497537,261731,1,Driver,True,False,False,L,AIR BAG DEPLOYED,G,OCCUPANT LAP SHOULDER HARNESS USED,CELL PHONE NOT IN USE,VC SECTION VIOLATED - 22350,,N,SR-87,65.0,R,OTHER,A,HAD NOT BEEN DRINKING,,,M,MALE,22.0,C,CA,O,OTHER,1.0,PassengerCarStationWagonJeep,2011.0,TOYO,COROLLA,WHI,,,,,,,,,,,,