PartyId,CollisionId,PartyNumber,PartyType,IsAtFault,IsOnDutyEmergencyVehicle,IsHitAndRun,AirbagCode,AirbagDescription,SafetyEquipmentCode,SafetyEquipmentDescription,Special Information,Other Associate Factor,Inattention,DirectionOfTravel,StreetOrHighwayName,SpeedLimit,MovementPrecCollCode,MovementPrecCollDescription,SobrietyDrugPhysicalCode1,SobrietyDrugPhysicalDescription1,SobrietyDrugPhysicalCode2,SobrietyDrugPhysicalDescription2,GenderCode,GenderDescription,StatedAge,DriverLicenseClass,DriverLicenseStateCode,RaceCode,RaceDesc,Vehicle1TypeId, Vehicle1TypeDesc, Vehicle1Year,Vehicle1Make,Vehicle1Model,Vehicle1Color,V1IsVehicleTowed,Vehicle2TypeId, Vehicle2TypeDesc, Vehicle2Year,Vehicle2Make,Vehicle2Model,Vehicle2Color,V2IsVehicleTowed,Lane,ThruLanes,TotalLanes,IsDREConducted
512051,269152,2,Driver,,False,False,M,AIR BAG NOT DEPLOYED,G,OCCUPANT LAP SHOULDER HARNESS USED,CELL PHONE NOT IN USE,NONE APPARENT,,S,I-880,65.0,A,STOPPED,A,HAD NOT BEEN DRINKING,,,M,MALE,,C,CA,O,OTHER,1.0,PassengerCarStationWagonJeep,2012.0,HOND,Accord,GRY,,,,,,,,,,,,
512050,269152,1,Driver,True,False,False,M,AIR BAG NOT DEPLOYED,G,OCCUPANT LAP SHOULDER HARNESS USED,CELL PHONE NOT IN USE,NONE APPARENT,,S,I-880,65.0,B,PROCEEDING STRAIGHT,A,HAD NOT BEEN DRINKING,,,M,MALE,20.0,C,CA,H,HISPANIC,1.0,PassengerCarStationWagonJeep,2016.0,NISS,Altima,SIL,,,,,,,,,,,,
511933,269095,2,Driver,,False,False,M,AIR BAG NOT DEPLOYED,G,OCCUPANT LAP SHOULDER HARNESS USED,CELL PHONE NOT IN USE,NONE APPARENT,,N,US 101 NB (FROM 13TH ST),65.0,B,PROCEEDING STRAIGHT,A,HAD NOT BEEN DRINKING,,,F,FEMALE,32.0,C,CA,O,OTHER,8.0,MiniVan,2015.0,CHRY,TOWN,WHI,,,,,,,,,,,,
511932,269095,1,Driver,True,False,False,P,NOT REQUIRED,W,MOTOR BICYCLE DRIVER WITH HELMET,CELL PHONE NOT IN USE,NONE APPARENT,,N,US 101 NB (FROM 13TH ST),65.0,B,PROCEEDING STRAIGHT,A,HAD NOT BEEN DRINKING,,,M,MALE,44.0,C,CA,W,WHITE,2.0,Motorcycle,2008.0,HD,SOFT TAIL,MAR,,,,,,,,,,,,
511923,269090,11,Pedestrian,,False,False,P,NOT REQUIRED,P,NOT REQUIRED,CELL PHONE NOT IN USE,PREVIOUS COLLISION,,S,SR-85,65.0,,,A,HAD NOT BEEN DRINKING,,,M,MALE,79.0,,,W,WHITE,60.0,Pedestrian,,,,,,,,,,,,,,,,
511922,269090,10,Pedestrian,,False,False,P,NOT REQUIRED,P,NOT REQUIRED,CELL PHONE NOT IN USE,PREVIOUS COLLISION,,S,SR-85,65.0,,,A,HAD NOT BEEN DRINKING,,,M,MALE,,,,W,WHITE,60.0,Pedestrian,,,,,,,,,,,,,,,,
511921,269090,9,Pedestrian,,False,False,P,NOT REQUIRED,P,NOT REQUIRED,CELL PHONE NOT IN USE,PREVIOUS COLLISION,,S,SR-85,65.0,,,A,HAD NOT BEEN DRINKING,,,M,MALE,,,,W,WHITE,60.0,Pedestrian,,,,,,,,,,,,,,,,
511920,269090,8,ParkedVehicle,,False,,,,,,CELL PHONE NOT IN USE,PREVIOUS COLLISION,,S,SR-85,65.0,O,PARKED,A,HAD NOT BEEN DRINKING,,,,,,,,,,1.0,PassengerCarStationWagonJeep,2013.0,DODGE,Challenger,WHI,,,,,,,,,,,,
511919,269090,7,ParkedVehicle,,False,,,,,,CELL PHONE NOT IN USE,PREVIOUS COLLISION,,S,SR-85,65.0,O,PARKED,A,HAD NOT BEEN DRINKING,,,,,,,,,,1.0,PassengerCarStationWagonJeep,2015.0,TOYO,Corolla,BLK,,,,,,,,,,,,
511918,269090,6,Driver,,False,False,M,AIR BAG NOT DEPLOYED,G,OCCUPANT LAP SHOULDER HARNESS USED,CELL PHONE NOT IN USE,PREVIOUS COLLISION,,S,SR-85,65.0,B,PROCEEDING STRAIGHT,A,HAD NOT BEEN DRINKING,,,M,MALE,35.0,C,CA,H,HISPANIC,22.0,PickupsAndPanels,2001.0,FORD,RANGER,RED,,,,,,,,,,,,
511917,269090,5,ParkedVehicle,,False,False,,,,,CELL PHONE NOT IN USE,PREVIOUS COLLISION,,S,SR-85,65.0,O,PARKED,A,HAD NOT BEEN DRINKING,,,,,,,,,,1.0,PassengerCarStationWagonJeep,2005.0,TOYO,SOLARA,SIL,,,,,,,,,,,,
511916,269090,4,Driver,,False,False,M,AIR BAG NOT DEPLOYED,G,OCCUPANT LAP SHOULDER HARNESS USED,CELL PHONE NOT IN USE,PREVIOUS COLLISION,,S,SR-85,65.0,B,PROCEEDING STRAIGHT,A,HAD NOT BEEN DRINKING,,,M,MALE,50.0,C,CA,A,ASIAN,7.0,SportUtilityVehicle,2015.0,TOYO,Highlander,SIL,,,,,,,,,,,,
511915,269090,3,Driver,,False,False,L,AIR BAG DEPLOYED,G,OCCUPANT LAP SHOULDER HARNESS USED,CELL PHONE NOT IN USE,PREVIOUS COLLISION,,S,SR-85,65.0,B,PROCEEDING STRAIGHT,A,HAD NOT BEEN DRINKING,,,F,FEMALE,60.0,C,CA,O,OTHER,7.0,SportUtilityVehicle,2000.0,HONDA,CRV,RED,,,,,,,,,,,,
511914,269090,2,Driver,,False,False,N,OTHER,G,OCCUPANT LAP SHOULDER HARNESS USED,CELL PHONE NOT IN USE,PREVIOUS COLLISION,,S,SR-85,65.0,B,PROCEEDING STRAIGHT,A,HAD NOT BEEN DRINKING,,,M,MALE,22.0,C,CA,H,HISPANIC,1.0,PassengerCarStationWagonJeep,2001.0,BMW,330Ci,BLU,,,,,,,,,,,,
511913,269090,1,Driver,True,False,False,L,AIR BAG DEPLOYED,G,OCCUPANT LAP SHOULDER HARNESS USED,CELL PHONE NOT IN USE,VC SECTION VIOLATED - 22107 / PREVIOUS COLLISION,,S,SR-85,65.0,R,OTHER,B,HBD-UNDER INFLUENCE,,,F,FEMALE,26.0,C,CA,H,HISPANIC,7.0,SportUtilityVehicle,1998.0,FORD,EXPLORER,GRN,,,,,,,,,,,,
511825,269043,2,Driver,,False,False,M,AIR BAG NOT DEPLOYED,G,OCCUPANT LAP SHOULDER HARNESS USED,CELL PHONE NOT IN USE,NONE APPARENT,,N,I-280,65.0,H,SLOWING/STOPPING,A,HAD NOT BEEN DRINKING,,,F,FEMALE,24.0,C,CA,W,WHITE,1.0,PassengerCarStationWagonJeep,2015.0,MAZD,Mazda3,BLU,,,,,,,,,,,,
511824,269043,1,Driver,True,False,False,M,AIR BAG NOT DEPLOYED,G,OCCUPANT LAP SHOULDER HARNESS USED,CELL PHONE NOT IN USE,NONE APPARENT,,N,I-280,65.0,B,PROCEEDING STRAIGHT,A,HAD NOT BEEN DRINKING,,,M,MALE,57.0,C,CA,B,BLACK,22.0,PickupsAndPanels,2007.0,CHEV,2500,WHI,,,,,,,,,,,,
511727,268997,2,Driver,,False,False,M,AIR BAG NOT DEPLOYED,G,OCCUPANT LAP SHOULDER HARNESS USED,CELL PHONE NOT IN USE,NONE APPARENT,,S,US 101,65.0,B,PROCEEDING STRAIGHT,A,HAD NOT BEEN DRINKING,,,M,MALE,34.0,C,CA,O,OTHER,1.0,PassengerCarStationWagonJeep,2006.0,CHEV,COBALT,YEL,,,,,,,,,,,,
511726,268997,1,Driver,True,False,False,L,AIR BAG DEPLOYED,G,OCCUPANT LAP SHOULDER HARNESS USED,CELL PHONE NOT IN USE,NONE APPARENT,,S,US 101,65.0,J,CHANGING LANES,A,HAD NOT BEEN DRINKING,,,M,MALE,30.0,C,CA,A,ASIAN,1.0,PassengerCarStationWagonJeep,2009.0,HOND,FIT,ORG,,,,,,,,,,,,
511664,268964,2,Driver,,False,False,M,AIR BAG NOT DEPLOYED,G,OCCUPANT LAP SHOULDER HARNESS USED,CELL PHONE NOT IN USE,NONE APPARENT,,N,I-680,65.0,B,PROCEEDING STRAIGHT,A,HAD NOT BEEN DRINKING,,,M,MALE,52.0,C,CA,W,WHITE,55.0,TwoAxleTowTruck,2015.0,DODG,Ram 5500,WHI,,,,,,,,,,,,
511663,268964,1,Driver,True,False,False,M,AIR BAG NOT DEPLOYED,G,OCCUPANT LAP SHOULDER HARNESS USED,CELL PHONE NOT IN USE,NONE APPARENT,,N,I-680,65.0,J,CHANGING LANES,A,HAD NOT BEEN DRINKING,,,F,FEMALE,33.0,C,CA,H,HISPANIC,1.0,PassengerCarStationWagonJeep,2008.0,FORD,fus,SIL,,,,,,,,,,,,
511527,268894,6,Driver,,False,False,M,AIR BAG NOT DEPLOYED,G,OCCUPANT LAP SHOULDER HARNESS USED,CELL PHONE NOT IN USE,STOP & GO TRAFFIC,,N,US-101,65.0,A,STOPPED,A,HAD NOT BEEN DRINKING,,,F,FEMALE,54.0,C,CA,W,WHITE,7.0,SportUtilityVehicle,2016.0,FORD,EXPLORER,BLK,,,,,,,,,,,,
511526,268894,5,Driver,,False,False,M,AIR BAG NOT DEPLOYED,G,OCCUPANT LAP SHOULDER HARNESS USED,CELL PHONE NOT IN USE,STOP & GO TRAFFIC,,N,US-101,65.0,A,STOPPED,A,HAD NOT BEEN DRINKING,,,F,FEMALE,50.0,C,CA,W,WHITE,1.0,PassengerCarStationWagonJeep,2005.0,MERB,C320,GOL,,,,,,,,,,,,
511525,268894,4,Driver,,False,False,M,AIR BAG NOT DEPLOYED,G,OCCUPANT LAP SHOULDER HARNESS USED,CELL PHONE NOT IN USE,STOP & GO TRAFFIC,,N,US 101,65.0,A,STOPPED,A,HAD NOT BEEN DRINKING,,,F,FEMALE,61.0,C,CA,W,WHITE,7.0,SportUtilityVehicle,2016.0,SUBA,OUTBACK,WHI,,,,,,,,,,,,
511524,268894,3,Driver,,False,False,L,AIR BAG DEPLOYED,G,OCCUPANT LAP SHOULDER HARNESS USED,CELL PHONE NOT IN USE,STOP & GO TRAFFIC,,N,US 101,65.0,A,STOPPED,A,HAD NOT BEEN DRINKING,,,M,MALE,33.0,C,CA,W,WHITE,1.0,PassengerCarStationWagonJeep,1993.0,TOYOTA,Celica,BLU,,,,,,,,,,,,
511523,268894,2,Driver,,False,False,L,AIR BAG DEPLOYED,G,OCCUPANT LAP SHOULDER HARNESS USED,CELL PHONE NOT IN USE,STOP & GO TRAFFIC,,N,US-101,65.0,A,STOPPED,A,HAD NOT BEEN DRINKING,,,M,MALE,52.0,C,CA,O,OTHER,1.0,PassengerCarStationWagonJeep,2015.0,HYUN,GENESIS,BLK,,,,,,,,,,,,
511522,268894,1,Driver,True,False,False,L,AIR BAG DEPLOYED,G,OCCUPANT LAP SHOULDER HARNESS USED,CELL PHONE NOT IN USE,NONE APPARENT,,N,US-101,65.0,B,PROCEEDING STRAIGHT,A,HAD NOT BEEN DRINKING,,,M,MALE,23.0,C,CA,H,HISPANIC,22.0,PickupsAndPanels,2006.0,FORD,F150,WHI,,,,,,,,,,,,
511181,268721,2,Driver,,False,False,M,AIR BAG NOT DEPLOYED,G,OCCUPANT LAP SHOULDER HARNESS USED,CELL PHONE NOT IN USE,STOP & GO TRAFFIC,,S,I-680,65.0,H,SLOWING/STOPPING,G,IMPAIRMENT_NOT_KNOWN,,,F,FEMALE,25.0,C,CA,O,OTHER,1.0,PassengerCarStationWagonJeep,2002.0,SUBAR,OUTBACK,RED,,,,,,,,,,,,
511180,268721,1,Driver,True,False,True,B,UNKNOWN,B,OCCUPANT UNKNOWN,CELL PHONE NOT IN USE,STOP & GO TRAFFIC,,S,I-680,65.0,B,PROCEEDING STRAIGHT,A,HAD NOT BEEN DRINKING,,,,,,,,,,99.0,OtherUnknownHitAndRunDriver,,,,,,,,,,,,,,,,
511169,268714,2,Driver,,False,False,M,AIR BAG NOT DEPLOYED,G,OCCUPANT LAP SHOULDER HARNESS USED,CELL PHONE NOT IN USE,NONE APPARENT,,E,Montague Expy,45.0,A,STOPPED,A,HAD NOT BEEN DRINKING,,,M,MALE,46.0,C,CA,O,OTHER,1.0,PassengerCarStationWagonJeep,2009.0,NISS,Altima,SIL,,,,,,,,,,,,
511168,268714,1,Driver,True,False,False,M,AIR BAG NOT DEPLOYED,G,OCCUPANT LAP SHOULDER HARNESS USED,CELL PHONE NOT IN USE,NONE APPARENT,,E,Montague Expy,45.0,B,PROCEEDING STRAIGHT,A,HAD NOT BEEN DRINKING,,,F,FEMALE,34.0,C,CA,A,ASIAN,1.0,PassengerCarStationWagonJeep,1998.0,HOND,Accord,GLD,,,,,,,,,,,,
511056,268658,2,Driver,,False,False,M,AIR BAG NOT DEPLOYED,G,OCCUPANT LAP SHOULDER HARNESS USED,CELL PHONE NOT IN USE,NONE APPARENT,,S,I-880,65.0,B,PROCEEDING STRAIGHT,A,HAD NOT BEEN DRINKING,,,F,FEMALE,17.0,C,CA,O,OTHER,1.0,PassengerCarStationWagonJeep,2014.0,HONDA,ACCORD,WHI,,,,,,,,,,,,
511055,268658,1,Driver,True,False,True,B,UNKNOWN,B,OCCUPANT UNKNOWN,CELL PHONE NOT IN USE,NONE APPARENT,,S,I-880,65.0,J,CHANGING LANES,G,IMPAIRMENT_NOT_KNOWN,,,,,,,,,,99.0,OtherUnknownHitAndRunDriver,,,,,,,,,,,,,,,,
511003,268631,2,Driver,,False,False,M,AIR BAG NOT DEPLOYED,G,OCCUPANT LAP SHOULDER HARNESS USED,CELL PHONE NOT IN USE,NONE APPARENT,,W,MONTAGUE EXPY,45.0,H,SLOWING/STOPPING,A,HAD NOT BEEN DRINKING,,,M,MALE,30.0,C,CA,O,OTHER,1.0,PassengerCarStationWagonJeep,2016.0,TOYT,PRIUS,SIL,,,,,,,,,,,,
511002,268631,1,Driver,True,False,False,M,AIR BAG NOT DEPLOYED,G,OCCUPANT LAP SHOULDER HARNESS USED,CELL PHONE NOT IN USE,NONE APPARENT,,W,MONTAGUE EXPY,45.0,B,PROCEEDING STRAIGHT,A,HAD NOT BEEN DRINKING,,,M,MALE,36.0,C,CA,H,HISPANIC,1.0,PassengerCarStationWagonJeep,2013.0,SUBA,LEGA,GRA,,,,,,,,,,,,
510990,268624,2,Driver,,True,False,M,AIR BAG NOT DEPLOYED,G,OCCUPANT LAP SHOULDER HARNESS USED,CELL PHONE NOT IN USE,NONE APPARENT,,N,I-280,65.0,B,PROCEEDING STRAIGHT,A,HAD NOT BEEN DRINKING,,,F,FEMALE,24.0,C,CA,W,WHITE,41.0,Ambulance,2016.0,FORD,LEADER,WHI,,,,,,,,,,,,
510989,268624,1,Driver,True,False,False,M,AIR BAG NOT DEPLOYED,G,OCCUPANT LAP SHOULDER HARNESS USED,CELL PHONE NOT IN USE,NONE APPARENT,,N,I-280,65.0,J,CHANGING LANES,A,HAD NOT BEEN DRINKING,,,M,MALE,20.0,,,H,HISPANIC,1.0,PassengerCarStationWagonJeep,2005.0,MAZDA,Mazda 6,SIL,,,,,,,,,,,,
510976,268616,1,Driver,True,False,True,,,,,CELL PHONE NOT IN USE,NONE APPARENT,,S,PIERCY ROAD,25.0,R,OTHER,G,IMPAIRMENT_NOT_KNOWN,,,,,,,,,,7.0,SportUtilityVehicle,2003.0,HUMM,H2,UNK,,,,,,,,,,,,
510879,268565,2,Driver,,False,False,P,NOT REQUIRED,W,MOTOR BICYCLE DRIVER WITH HELMET,CELL PHONE NOT IN USE,NONE APPARENT,,N,US101,65.0,J,CHANGING LANES,A,HAD NOT BEEN DRINKING,,,F,FEMALE,22.0,C,CA,A,ASIAN,2.0,Motorcycle,2016.0,KAWASKI,NINJA,RED,,,,,,,,,,,,
510878,268565,1,Driver,True,False,False,M,AIR BAG NOT DEPLOYED,G,OCCUPANT LAP SHOULDER HARNESS USED,CELL PHONE NOT IN USE,NONE APPARENT,,N,US101,65.0,B,PROCEEDING STRAIGHT,A,HAD NOT BEEN DRINKING,,,F,FEMALE,57.0,C,CA,H,HISPANIC,1.0,PassengerCarStationWagonJeep,2014.0,FORD,FOCUS,SIL,,,,,,,,,,,,
510828,268539,3,Driver,,False,False,M,AIR BAG NOT DEPLOYED,G,OCCUPANT LAP SHOULDER HARNESS USED,CELL PHONE NOT IN USE,STOP & GO TRAFFIC,,N,I-680,65.0,A,STOPPED,A,HAD NOT BEEN DRINKING,,,F,FEMALE,31.0,C,CA,B,BLACK,8.0,MiniVan,2017.0,CHRY,PACI,GRY,,,,,,,,,,,,
510827,268539,2,Driver,,False,False,M,AIR BAG NOT DEPLOYED,G,OCCUPANT LAP SHOULDER HARNESS USED,CELL PHONE NOT IN USE,STOP & GO TRAFFIC,,N,I-680,65.0,A,STOPPED,A,HAD NOT BEEN DRINKING,,,F,FEMALE,49.0,C,CA,A,ASIAN,1.0,PassengerCarStationWagonJeep,2010.0,TOYT,PRIUS,RED,,,,,,,,,,,,
510826,268539,1,Driver,True,False,False,M,AIR BAG NOT DEPLOYED,G,OCCUPANT LAP SHOULDER HARNESS USED,CELL PHONE NOT IN USE,STOP & GO TRAFFIC,,N,I-680,65.0,B,PROCEEDING STRAIGHT,A,HAD NOT BEEN DRINKING,,,M,MALE,28.0,C,CA,A,ASIAN,1.0,PassengerCarStationWagonJeep,2011.0,TOYT,SCION,GRY,,,,,,,,,,,,
510811,268528,2,Driver,,False,False,M,AIR BAG NOT DEPLOYED,G,OCCUPANT LAP SHOULDER HARNESS USED,CELL PHONE NOT IN USE,NONE APPARENT,,S,SR-17,65.0,B,PROCEEDING STRAIGHT,A,HAD NOT BEEN DRINKING,,,F,FEMALE,31.0,C,CA,H,HISPANIC,1.0,PassengerCarStationWagonJeep,2005.0,TOYT,CAMR,SIL,,,,,,,,,,,,
510810,268528,1,Driver,True,False,True,B,UNKNOWN,B,OCCUPANT UNKNOWN,CELL PHONE NOT IN USE,NONE APPARENT,,S,SR-17,65.0,J,CHANGING LANES,G,IMPAIRMENT_NOT_KNOWN,,,,,,,,,,99.0,OtherUnknownHitAndRunDriver,,,,,,,,,,,,,,,,
510765,268508,3,Driver,,False,False,M,AIR BAG NOT DEPLOYED,G,OCCUPANT LAP SHOULDER HARNESS USED,CELL PHONE NOT IN USE,NONE APPARENT,,S,SR-87,65.0,A,STOPPED,A,HAD NOT BEEN DRINKING,,,F,FEMALE,30.0,C,CA,W,WHITE,1.0,PassengerCarStationWagonJeep,2015.0,MAZD,6,WHI,,,,,,,,,,,,
510764,268508,2,Driver,,False,False,M,AIR BAG NOT DEPLOYED,G,OCCUPANT LAP SHOULDER HARNESS USED,CELL PHONE NOT IN USE,NONE APPARENT,,S,SR-87,65.0,A,STOPPED,A,HAD NOT BEEN DRINKING,,,M,MALE,64.0,C,CA,W,WHITE,1.0,PassengerCarStationWagonJeep,2014.0,BUIC,Verona,BLK,,,,,,,,,,,,
510763,268508,1,Driver,True,False,False,L,AIR BAG DEPLOYED,G,OCCUPANT LAP SHOULDER HARNESS USED,CELL PHONE NOT IN USE,NONE APPARENT,,S,SR-87,65.0,B,PROCEEDING STRAIGHT,A,HAD NOT BEEN DRINKING,,,M,MALE,24.0,C,CA,W,WHITE,1.0,PassengerCarStationWagonJeep,2012.0,NISS,Sentra,GRY,,,,,,,,,,,,
510664,268462,1,Driver,True,False,False,L,AIR BAG DEPLOYED,G,OCCUPANT LAP SHOULDER HARNESS USED,CELL PHONE NOT IN USE,VC SECTION VIOLATED - 22107,,S,I-680,65.0,R,OTHER,B,HBD-UNDER INFLUENCE,,,M,MALE,28.0,,,H,HISPANIC,1.0,PassengerCarStationWagonJeep,2003.0,TOYT,CAMRY,SIL,,,,,,,,,,,,
510572,268412,2,Driver,,False,False,M,AIR BAG NOT DEPLOYED,G,OCCUPANT LAP SHOULDER HARNESS USED,CELL PHONE NOT IN USE,STOP & GO TRAFFIC,,N,SR-85,65.0,A,STOPPED,A,HAD NOT BEEN DRINKING,,,F,FEMALE,57.0,C,CA,W,WHITE,1.0,PassengerCarStationWagonJeep,2015.0,SUBA,OUTBACK,RED,,,,,,,,,,,,
510571,268412,1,Driver,True,False,False,M,AIR BAG NOT DEPLOYED,G,OCCUPANT LAP SHOULDER HARNESS USED,CELL PHONE NOT IN USE,STOP & GO TRAFFIC,,N,SR-85,65.0,B,PROCEEDING STRAIGHT,A,HAD NOT BEEN DRINKING,,,F,FEMALE,42.0,C,CA,O,OTHER,1.0,PassengerCarStationWagonJeep,2014.0,FORD,FOCUS,WHT,,,,,,,,,,,,
510548,268401,2,Driver,,False,False,M,AIR BAG NOT DEPLOYED,G,OCCUPANT LAP SHOULDER HARNESS USED,CELL PHONE NOT IN USE,STOP & GO TRAFFIC,,N,US-101,65.0,A,STOPPED,A,HAD NOT BEEN DRINKING,,,F,FEMALE,21.0,C,CA,O,OTHER,1.0,PassengerCarStationWagonJeep,2015.0,TOYOTA,PRIUS,BLU,,,,,,,,,,,,
510547,268401,1,Driver,True,False,False,M,AIR BAG NOT DEPLOYED,G,OCCUPANT LAP SHOULDER HARNESS USED,CELL PHONE NOT IN USE,STOP & GO TRAFFIC,,N,US-101,65.0,B,PROCEEDING STRAIGHT,A,HAD NOT BEEN DRINKING,,,M,MALE,48.0,U,CA,H,HISPANIC,22.0,PickupsAndPanels,2001.0,FORD,F-150,WHT,,,,,,,,,,,,
510406,268332,2,Driver,,False,False,M,AIR BAG NOT DEPLOYED,G,OCCUPANT LAP SHOULDER HARNESS USED,CELL PHONE NOT IN USE,NONE APPARENT,,N,US101,65.0,B,PROCEEDING STRAIGHT,A,HAD NOT BEEN DRINKING,,,M,MALE,39.0,C,CA,H,HISPANIC,22.0,PickupsAndPanels,2006.0,MITS,RAIDER,BLU,,,,,,,,,,,,
510405,268332,1,Driver,True,False,False,M,AIR BAG NOT DEPLOYED,G,OCCUPANT LAP SHOULDER HARNESS USED,CELL PHONE NOT IN USE,NONE APPARENT,,N,US101,65.0,B,PROCEEDING STRAIGHT,A,HAD NOT BEEN DRINKING,,,M,MALE,39.0,C,CA,H,HISPANIC,7.0,SportUtilityVehicle,2001.0,GMC,JIMMY,GLD,,,,,,,,,,,,
510395,268326,2,Driver,,False,False,M,AIR BAG NOT DEPLOYED,G,OCCUPANT LAP SHOULDER HARNESS USED,CELL PHONE NOT IN USE,NONE APPARENT,,S,I-280,65.0,B,PROCEEDING STRAIGHT,A,HAD NOT BEEN DRINKING,,,M,MALE,32.0,C,CA,H,HISPANIC,1.0,PassengerCarStationWagonJeep,1995.0,TOYT,Camry,BLU,,,,,,,,,,,,
510394,268326,1,Driver,True,False,False,M,AIR BAG NOT DEPLOYED,G,OCCUPANT LAP SHOULDER HARNESS USED,CELL PHONE NOT IN USE,NONE APPARENT,,S,I-280,65.0,J,CHANGING LANES,A,HAD NOT BEEN DRINKING,,,M,MALE,31.0,C,CA,O,OTHER,7.0,SportUtilityVehicle,2015.0,NISS,Murano,SIL,,,,,,,,,,,,
510379,268317,2,Driver,,False,False,M,AIR BAG NOT DEPLOYED,G,OCCUPANT LAP SHOULDER HARNESS USED,CELL PHONE NOT IN USE,NONE APPARENT,,S,SR-17,65.0,B,PROCEEDING STRAIGHT,A,HAD NOT BEEN DRINKING,,,M,MALE,21.0,C,CA,W,WHITE,22.0,PickupsAndPanels,2013.0,HOND,Ridgeline,GRY,,,,,,,,,,,,
510378,268317,1,Driver,True,False,False,B,UNKNOWN,B,OCCUPANT UNKNOWN,CELL PHONE NOT IN USE,NONE APPARENT,,S,SR-17 S/B,65.0,B,PROCEEDING STRAIGHT,G,IMPAIRMENT_NOT_KNOWN,,,M,MALE,24.0,C,CA,H,HISPANIC,1.0,PassengerCarStationWagonJeep,2008.0,TOYO,PRIUS,GRN,,,,,,,,,,,,
510372,268313,2,Driver,,False,False,M,AIR BAG NOT DEPLOYED,G,OCCUPANT LAP SHOULDER HARNESS USED,CELL PHONE NOT IN USE,NONE APPARENT,,S,I-280,65.0,B,PROCEEDING STRAIGHT,A,HAD NOT BEEN DRINKING,,,M,MALE,32.0,C,CA,W,WHITE,1.0,PassengerCarStationWagonJeep,2004.0,TOYOTA,PRIUS,BLA,,,,,,,,,,,,
510371,268313,1,Driver,True,False,True,B,UNKNOWN,B,OCCUPANT UNKNOWN,CELL PHONE NOT IN USE,NONE APPARENT,,S,I-280,65.0,J,CHANGING LANES,G,IMPAIRMENT_NOT_KNOWN,,,,,,,,,,99.0,OtherUnknownHitAndRunDriver,,,,,,,,,,,,,,,,
510350,268303,2,Driver,,False,False,M,AIR BAG NOT DEPLOYED,G,OCCUPANT LAP SHOULDER HARNESS USED,CELL PHONE NOT IN USE,NONE APPARENT,,S,I-880,65.0,B,PROCEEDING STRAIGHT,A,HAD NOT BEEN DRINKING,,,M,MALE,35.0,C,CA,O,OTHER,1.0,PassengerCarStationWagonJeep,2011.0,FORD,TAURUS,GRY,,,,,,,,,,,,
510349,268303,1,Driver,True,False,False,M,AIR BAG NOT DEPLOYED,G,OCCUPANT LAP SHOULDER HARNESS USED,CELL PHONE NOT IN USE,NONE APPARENT,,S,I-880,65.0,R,OTHER,A,HAD NOT BEEN DRINKING,,,F,FEMALE,,C,CA,O,OTHER,1.0,PassengerCarStationWagonJeep,1998.0,PONT,Grand AM,TAN,,,,,,,,,,,,
510268,268263,1,Driver,True,False,False,M,AIR BAG NOT DEPLOYED,G,OCCUPANT LAP SHOULDER HARNESS USED,CELL PHONE NOT IN USE,NONE APPARENT,,N,SR-87,65.0,R,OTHER,B,HBD-UNDER INFLUENCE,,,F,FEMALE,25.0,C,CA,H,HISPANIC,1.0,PassengerCarStationWagonJeep,2002.0,FORD,Escape,BLU,,,,,,,,,,,,
510121,268190,2,Driver,,False,False,M,AIR BAG NOT DEPLOYED,G,OCCUPANT LAP SHOULDER HARNESS USED,CELL PHONE NOT IN USE,NONE APPARENT,,S,US-101,65.0,B,PROCEEDING STRAIGHT,A,HAD NOT BEEN DRINKING,,,M,MALE,29.0,C,CA,H,HISPANIC,1.0,PassengerCarStationWagonJeep,2001.0,CHEVY,Camaro,BLK,,,,,,,,,,,,
510120,268190,1,Driver,True,False,False,M,AIR BAG NOT DEPLOYED,G,OCCUPANT LAP SHOULDER HARNESS USED,CELL PHONE NOT IN USE,NONE APPARENT,,S,US-101,65.0,J,CHANGING LANES,C,HBD-NOT UNDER INFLUENCE,,,F,FEMALE,47.0,U,CA,H,HISPANIC,1.0,PassengerCarStationWagonJeep,2008.0,FORD,TAURUS,WHI,,,,,,,,,,,,
510024,268141,3,Driver,,False,False,M,AIR BAG NOT DEPLOYED,G,OCCUPANT LAP SHOULDER HARNESS USED,CELL PHONE NOT IN USE,NONE APPARENT,,N,US-101N/B to I-680N/B/I-280N/B,65.0,H,SLOWING/STOPPING,A,HAD NOT BEEN DRINKING,,,F,FEMALE,17.0,C,CA,H,HISPANIC,7.0,SportUtilityVehicle,2005.0,GMC,Yukon,TAN,,,,,,,,,,,,
510023,268141,2,Driver,,False,False,M,AIR BAG NOT DEPLOYED,G,OCCUPANT LAP SHOULDER HARNESS USED,CELL PHONE NOT IN USE,NONE APPARENT,,N,US-101N/B to I-680N/B/I-280N/B,65.0,H,SLOWING/STOPPING,A,HAD NOT BEEN DRINKING,,,M,MALE,62.0,C,CA,W,WHITE,7.0,SportUtilityVehicle,2007.0,TOYOTA,4R,WHI,,,,,,,,,,,,