PartyId,CollisionId,PartyNumber,PartyType,IsAtFault,IsOnDutyEmergencyVehicle,IsHitAndRun,AirbagCode,AirbagDescription,SafetyEquipmentCode,SafetyEquipmentDescription,Special Information,Other Associate Factor,Inattention,DirectionOfTravel,StreetOrHighwayName,SpeedLimit,MovementPrecCollCode,MovementPrecCollDescription,SobrietyDrugPhysicalCode1,SobrietyDrugPhysicalDescription1,SobrietyDrugPhysicalCode2,SobrietyDrugPhysicalDescription2,GenderCode,GenderDescription,StatedAge,DriverLicenseClass,DriverLicenseStateCode,RaceCode,RaceDesc,Vehicle1TypeId, Vehicle1TypeDesc, Vehicle1Year,Vehicle1Make,Vehicle1Model,Vehicle1Color,V1IsVehicleTowed,Vehicle2TypeId, Vehicle2TypeDesc, Vehicle2Year,Vehicle2Make,Vehicle2Model,Vehicle2Color,V2IsVehicleTowed,Lane,ThruLanes,TotalLanes,IsDREConducted
510022,268141,1,Driver,True,False,False,L,AIR BAG DEPLOYED,G,OCCUPANT LAP SHOULDER HARNESS USED,CELL PHONE NOT IN USE,NONE APPARENT,,N,US-101N/B to I-680N/B/I-280N/B,65.0,B,PROCEEDING STRAIGHT,A,HAD NOT BEEN DRINKING,,,M,MALE,40.0,C,CA,H,HISPANIC,22.0,PickupsAndPanels,2014.0,NISSAN,Frontier,GRY,,,,,,,,,,,,
509968,268112,4,Driver,,False,False,M,AIR BAG NOT DEPLOYED,G,OCCUPANT LAP SHOULDER HARNESS USED,CELL PHONE NOT IN USE,STOP & GO TRAFFIC,,S,US-101,65.0,A,STOPPED,A,HAD NOT BEEN DRINKING,,,F,FEMALE,47.0,C,CA,A,ASIAN,1.0,PassengerCarStationWagonJeep,2006.0,HONDA,civic,SIL,,,,,,,,,,,,
509967,268112,3,Driver,,False,False,M,AIR BAG NOT DEPLOYED,G,OCCUPANT LAP SHOULDER HARNESS USED,CELL PHONE NOT IN USE,ENTERING OR LEAVING RAMP,,S,US-101,65.0,A,STOPPED,A,HAD NOT BEEN DRINKING,,,F,FEMALE,43.0,C,CA,H,HISPANIC,1.0,PassengerCarStationWagonJeep,2007.0,TOYOTA,Corolla,GRN,,,,,,,,,,,,
509966,268112,2,Driver,,False,False,M,AIR BAG NOT DEPLOYED,G,OCCUPANT LAP SHOULDER HARNESS USED,CELL PHONE NOT IN USE,ENTERING OR LEAVING RAMP,,S,US-101,65.0,H,SLOWING/STOPPING,A,HAD NOT BEEN DRINKING,,,F,FEMALE,43.0,C,CA,B,BLACK,1.0,PassengerCarStationWagonJeep,2013.0,FORD,fusion,BLK,,,,,,,,,,,,
509965,268112,1,Driver,True,False,False,M,AIR BAG NOT DEPLOYED,G,OCCUPANT LAP SHOULDER HARNESS USED,CELL PHONE NOT IN USE,ENTERING OR LEAVING RAMP,,S,US-101,65.0,B,PROCEEDING STRAIGHT,A,HAD NOT BEEN DRINKING,,,F,FEMALE,52.0,C,CA,A,ASIAN,7.0,SportUtilityVehicle,2004.0,BMW,x5,GRY,,,,,,,,,,,,
509763,268012,1,Driver,True,False,False,M,AIR BAG NOT DEPLOYED,G,OCCUPANT LAP SHOULDER HARNESS USED,CELL PHONE NOT IN USE,VC SECTION VIOLATED - 22107,,S,US-101,65.0,B,PROCEEDING STRAIGHT,B,HBD-UNDER INFLUENCE,,,F,FEMALE,27.0,C,CA,H,HISPANIC,1.0,PassengerCarStationWagonJeep,2009.0,TOYO,Camry,BLK,,,,,,,,,,,,
509706,267986,2,Driver,,False,False,M,AIR BAG NOT DEPLOYED,G,OCCUPANT LAP SHOULDER HARNESS USED,CELL PHONE NOT IN USE,NONE APPARENT,,S,SR-85,65.0,A,STOPPED,A,HAD NOT BEEN DRINKING,,,M,MALE,44.0,C,CA,H,HISPANIC,1.0,PassengerCarStationWagonJeep,2005.0,CHEV,IMPALA,GLD,,,,,,,,,,,,
509705,267986,1,Driver,True,False,False,M,AIR BAG NOT DEPLOYED,G,OCCUPANT LAP SHOULDER HARNESS USED,CELL PHONE NOT IN USE,NONE APPARENT,,S,SR-85,65.0,B,PROCEEDING STRAIGHT,A,HAD NOT BEEN DRINKING,,,F,FEMALE,21.0,C,CA,W,WHITE,7.0,SportUtilityVehicle,2009.0,LNDR,Range Rover,BLK,,,,,,,,,,,,
509700,267983,2,Driver,,False,False,M,AIR BAG NOT DEPLOYED,G,OCCUPANT LAP SHOULDER HARNESS USED,CELL PHONE NOT IN USE,NONE APPARENT,,S,US-101,65.0,B,PROCEEDING STRAIGHT,A,HAD NOT BEEN DRINKING,,,M,MALE,20.0,C,CA,W,WHITE,1.0,PassengerCarStationWagonJeep,2001.0,BMW,325,SIL,,,,,,,,,,,,
509699,267983,1,Driver,True,False,False,M,AIR BAG NOT DEPLOYED,G,OCCUPANT LAP SHOULDER HARNESS USED,CELL PHONE NOT IN USE,NONE APPARENT,,S,US-101,65.0,J,CHANGING LANES,D,HBD-IMPAIRMENT UNKNOWN,,,M,MALE,42.0,U,CA,H,HISPANIC,7.0,SportUtilityVehicle,2001.0,HONDA,ODYSSEY,SIL,,,,,,,,,,,,
509104,267675,3,Driver,,False,False,M,AIR BAG NOT DEPLOYED,G,OCCUPANT LAP SHOULDER HARNESS USED,CELL PHONE NOT IN USE,NONE APPARENT,,S,US101,65.0,A,STOPPED,A,HAD NOT BEEN DRINKING,,,F,FEMALE,39.0,C,CA,A,ASIAN,1.0,PassengerCarStationWagonJeep,2014.0,AUDI,s4,RED,,,,,,,,,,,,
509103,267675,2,Driver,,False,False,M,AIR BAG NOT DEPLOYED,G,OCCUPANT LAP SHOULDER HARNESS USED,CELL PHONE NOT IN USE,NONE APPARENT,,S,US101,65.0,H,SLOWING/STOPPING,A,HAD NOT BEEN DRINKING,,,M,MALE,33.0,C,CA,O,OTHER,1.0,PassengerCarStationWagonJeep,2002.0,ACURA,tl,BLK,,,,,,,,,,,,
509102,267675,1,Driver,True,False,False,L,AIR BAG DEPLOYED,G,OCCUPANT LAP SHOULDER HARNESS USED,CELL PHONE NOT IN USE,NONE APPARENT,,S,US101,65.0,B,PROCEEDING STRAIGHT,A,HAD NOT BEEN DRINKING,,,F,FEMALE,22.0,C,CA,A,ASIAN,1.0,PassengerCarStationWagonJeep,2015.0,ACURA,ilx,WHI,,,,,,,,,,,,
509093,267670,2,Driver,True,False,False,M,AIR BAG NOT DEPLOYED,G,OCCUPANT LAP SHOULDER HARNESS USED,CELL PHONE NOT IN USE,NONE APPARENT,,E,STATE ROUTE 237,65.0,B,PROCEEDING STRAIGHT,A,HAD NOT BEEN DRINKING,,,F,FEMALE,55.0,C,CA,W,WHITE,1.0,PassengerCarStationWagonJeep,2006.0,CHEVY,MALIBU,RED,,,,,,,,,,,,
509092,267670,1,Driver,,False,False,M,AIR BAG NOT DEPLOYED,G,OCCUPANT LAP SHOULDER HARNESS USED,CELL PHONE NOT IN USE,NONE APPARENT,,E,STATE ROUTE 237,65.0,H,SLOWING/STOPPING,A,HAD NOT BEEN DRINKING,,,M,MALE,37.0,C,CA,A,ASIAN,20.0,PublicTransitAuthority,2013.0,FORD,F150,SIL,,,,,,,,,,,,
509068,267657,2,Driver,,False,False,M,AIR BAG NOT DEPLOYED,G,OCCUPANT LAP SHOULDER HARNESS USED,CELL PHONE NOT IN USE,NONE APPARENT,,N,US101,65.0,B,PROCEEDING STRAIGHT,A,HAD NOT BEEN DRINKING,,,F,FEMALE,75.0,C,CA,W,WHITE,1.0,PassengerCarStationWagonJeep,2012.0,TOY,priu,BLK,,,,,,,,,,,,
509067,267657,1,Driver,True,False,True,B,UNKNOWN,B,OCCUPANT UNKNOWN,CELL PHONE NOT IN USE,NONE APPARENT,,N,US101,65.0,J,CHANGING LANES,A,HAD NOT BEEN DRINKING,,,,,,,,,,99.0,OtherUnknownHitAndRunDriver,,,,,,,,,,,,,,,,
509058,267652,2,Driver,,False,False,M,AIR BAG NOT DEPLOYED,G,OCCUPANT LAP SHOULDER HARNESS USED,CELL PHONE NOT IN USE,NONE APPARENT,,S,US-101,65.0,H,SLOWING/STOPPING,A,HAD NOT BEEN DRINKING,,,F,FEMALE,31.0,C,CA,O,OTHER,1.0,PassengerCarStationWagonJeep,2010.0,HOND,ACCORD,GRY,,,,,,,,,,,,
509057,267652,1,Driver,True,False,False,P,NOT REQUIRED,W,MOTOR BICYCLE DRIVER WITH HELMET,CELL PHONE NOT IN USE,NONE APPARENT,,S,US-101,65.0,B,PROCEEDING STRAIGHT,A,HAD NOT BEEN DRINKING,,,M,MALE,23.0,M1,CA,W,WHITE,2.0,Motorcycle,1993.0,BMW,K75,RED,,,,,,,,,,,,
509050,267648,3,Driver,,False,False,M,AIR BAG NOT DEPLOYED,G,OCCUPANT LAP SHOULDER HARNESS USED,CELL PHONE NOT IN USE,STOP & GO TRAFFIC,,S,I-680,65.0,A,STOPPED,A,HAD NOT BEEN DRINKING,,,F,FEMALE,28.0,C,CA,H,HISPANIC,7.0,SportUtilityVehicle,2001.0,HONDA,CRV,RED,,,,,,,,,,,,
509049,267648,2,Driver,,False,False,M,AIR BAG NOT DEPLOYED,G,OCCUPANT LAP SHOULDER HARNESS USED,CELL PHONE NOT IN USE,STOP & GO TRAFFIC,,S,I-680,65.0,B,PROCEEDING STRAIGHT,A,HAD NOT BEEN DRINKING,,,M,MALE,42.0,C,CA,A,ASIAN,1.0,PassengerCarStationWagonJeep,2011.0,HONDA,ACCORD,GRY,,,,,,,,,,,,
509048,267648,1,Driver,True,False,True,B,UNKNOWN,B,OCCUPANT UNKNOWN,CELL PHONE NOT IN USE,STOP & GO TRAFFIC,,S,I-680,65.0,J,CHANGING LANES,A,HAD NOT BEEN DRINKING,,,,,,,,,,99.0,OtherUnknownHitAndRunDriver,,,,,,,,,,,,,,,,
509041,267644,2,Driver,,False,False,M,AIR BAG NOT DEPLOYED,G,OCCUPANT LAP SHOULDER HARNESS USED,CELL PHONE NOT IN USE,STOP & GO TRAFFIC,,N,SR-87,65.0,A,STOPPED,A,HAD NOT BEEN DRINKING,,,F,FEMALE,33.0,C,CA,H,HISPANIC,1.0,PassengerCarStationWagonJeep,2011.0,NISSAN,SENTRA,BLK,,,,,,,,,,,,
509040,267644,1,Driver,True,False,False,M,AIR BAG NOT DEPLOYED,G,OCCUPANT LAP SHOULDER HARNESS USED,CELL PHONE NOT IN USE,STOP & GO TRAFFIC,,N,SR-87,65.0,B,PROCEEDING STRAIGHT,A,HAD NOT BEEN DRINKING,,,F,FEMALE,21.0,C,CA,O,OTHER,1.0,PassengerCarStationWagonJeep,2014.0,VOLK,JETTA,BLK,,,,,,,,,,,,
508752,267494,2,Driver,,False,False,M,AIR BAG NOT DEPLOYED,G,OCCUPANT LAP SHOULDER HARNESS USED,CELL PHONE NOT IN USE,NONE APPARENT,,S,880,65.0,A,STOPPED,A,HAD NOT BEEN DRINKING,,,M,MALE,39.0,C,CA,A,ASIAN,22.0,PickupsAndPanels,2005.0,TOYO,Tacoma,BLU,,,,,,,,,,,,
508751,267494,1,Driver,True,False,False,L,AIR BAG DEPLOYED,G,OCCUPANT LAP SHOULDER HARNESS USED,CELL PHONE NOT IN USE,NONE APPARENT,,S,880,65.0,B,PROCEEDING STRAIGHT,A,HAD NOT BEEN DRINKING,,,M,MALE,31.0,,,W,WHITE,1.0,PassengerCarStationWagonJeep,2003.0,KIA,rio,GRN,,,,,,,,,,,,
508703,267464,2,Driver,,False,True,B,UNKNOWN,B,OCCUPANT UNKNOWN,CELL PHONE NOT IN USE,NONE APPARENT,,N,I-680,65.0,A,STOPPED,H,NOT APPLICABLE,,,,,,,,,,11.0,OtherCommercial,,,,,,,,,,,,,,,,
508702,267464,1,Driver,True,False,False,M,AIR BAG NOT DEPLOYED,G,OCCUPANT LAP SHOULDER HARNESS USED,CELL PHONE NOT IN USE,NONE APPARENT,,N,I-680,65.0,B,PROCEEDING STRAIGHT,A,HAD NOT BEEN DRINKING,,,M,MALE,52.0,C,CA,W,WHITE,1.0,PassengerCarStationWagonJeep,2003.0,NISSAN,Altima,SIL,,,,,,,,,,,,
508669,267446,3,Driver,True,False,False,M,AIR BAG NOT DEPLOYED,G,OCCUPANT LAP SHOULDER HARNESS USED,CELL PHONE NOT IN USE,STOP & GO TRAFFIC,,S,I-280,65.0,B,PROCEEDING STRAIGHT,A,HAD NOT BEEN DRINKING,,,F,FEMALE,22.0,C,CA,O,OTHER,1.0,PassengerCarStationWagonJeep,2013.0,HONDA,CIVIC,,,,,,,,,,,,,
508668,267446,2,Driver,,False,False,M,AIR BAG NOT DEPLOYED,G,OCCUPANT LAP SHOULDER HARNESS USED,CELL PHONE NOT IN USE,STOP & GO TRAFFIC,,S,I-280,65.0,A,STOPPED,A,HAD NOT BEEN DRINKING,,,F,FEMALE,25.0,C,CA,O,OTHER,1.0,PassengerCarStationWagonJeep,2014.0,TOYO,CAMRY,WHT,,,,,,,,,,,,
508667,267446,1,Driver,,False,False,M,AIR BAG NOT DEPLOYED,G,OCCUPANT LAP SHOULDER HARNESS USED,CELL PHONE NOT IN USE,STOP & GO TRAFFIC,,S,I-280,65.0,A,STOPPED,A,HAD NOT BEEN DRINKING,,,M,MALE,46.0,C,CA,A,ASIAN,1.0,PassengerCarStationWagonJeep,2016.0,BMW,M3,WHT,,,,,,,,,,,,
508632,267425,2,Driver,,False,False,M,AIR BAG NOT DEPLOYED,G,OCCUPANT LAP SHOULDER HARNESS USED,CELL PHONE NOT IN USE,NONE APPARENT,,S,US101,65.0,A,STOPPED,A,HAD NOT BEEN DRINKING,,,M,MALE,59.0,C,CA,A,ASIAN,1.0,PassengerCarStationWagonJeep,2013.0,HONDA,ACCORD ,GRY,,,,,,,,,,,,
508631,267425,1,Driver,True,False,False,L,AIR BAG DEPLOYED,G,OCCUPANT LAP SHOULDER HARNESS USED,CELL PHONE NOT IN USE,NONE APPARENT,,S,US101,65.0,B,PROCEEDING STRAIGHT,A,HAD NOT BEEN DRINKING,,,F,FEMALE,17.0,,,A,ASIAN,1.0,PassengerCarStationWagonJeep,1997.0,HONDA,ACCORD,BLK,,,,,,,,,,,,
508548,267382,2,Driver,,False,False,M,AIR BAG NOT DEPLOYED,G,OCCUPANT LAP SHOULDER HARNESS USED,CELL PHONE NOT IN USE,NONE APPARENT,,N,US101,65.0,A,STOPPED,A,HAD NOT BEEN DRINKING,,,F,FEMALE,42.0,C,CA,A,ASIAN,7.0,SportUtilityVehicle,2009.0,TOYT,VENZA,GRY,,,,,,,,,,,,
508547,267382,1,Driver,True,False,True,B,UNKNOWN,B,OCCUPANT UNKNOWN,CELL PHONE NOT IN USE,NONE APPARENT,,N,US101,65.0,B,PROCEEDING STRAIGHT,G,IMPAIRMENT_NOT_KNOWN,,,,,,,,,,99.0,OtherUnknownHitAndRunDriver,,,,,,,,,,,,,,,,
508407,267308,2,Driver,,False,False,M,AIR BAG NOT DEPLOYED,G,OCCUPANT LAP SHOULDER HARNESS USED,CELL PHONE NOT IN USE,NONE APPARENT,,S,I-280,65.0,H,SLOWING/STOPPING,A,HAD NOT BEEN DRINKING,,,M,MALE,43.0,C,CA,O,OTHER,7.0,SportUtilityVehicle,2013.0,NISS,ROGUE,WHI,,,,,,,,,,,,
508406,267308,1,Driver,True,False,False,M,AIR BAG NOT DEPLOYED,G,OCCUPANT LAP SHOULDER HARNESS USED,CELL PHONE NOT IN USE,NONE APPARENT,,S,I-280,65.0,B,PROCEEDING STRAIGHT,A,HAD NOT BEEN DRINKING,,,M,MALE,17.0,,,H,HISPANIC,7.0,SportUtilityVehicle,2002.0,HYUN,SANTA,BLK,,,,,,,,,,,,
508258,267237,1,Driver,True,False,False,L,AIR BAG DEPLOYED,G,OCCUPANT LAP SHOULDER HARNESS USED,CELL PHONE NOT IN USE,VC SECTION VIOLATED - 22107,,S,SR-85,65.0,R,OTHER,B,HBD-UNDER INFLUENCE,,,M,MALE,32.0,C,CA,,,1.0,PassengerCarStationWagonJeep,2011.0,NISSAN,Maxima,WHI,,,,,,,,,,,,
507427,266809,3,Driver,,False,False,M,AIR BAG NOT DEPLOYED,G,OCCUPANT LAP SHOULDER HARNESS USED,CELL PHONE NOT IN USE,NONE APPARENT,,S,I-680,65.0,H,SLOWING/STOPPING,A,HAD NOT BEEN DRINKING,,,F,FEMALE,56.0,C,CA,H,HISPANIC,7.0,SportUtilityVehicle,2015.0,GMC,YUKON,GRY,,,,,,,,,,,,
507426,266809,2,Driver,,False,False,M,AIR BAG NOT DEPLOYED,G,OCCUPANT LAP SHOULDER HARNESS USED,CELL PHONE NOT IN USE,NONE APPARENT,,S,I-680,65.0,A,STOPPED,A,HAD NOT BEEN DRINKING,,,F,FEMALE,36.0,C,CA,W,WHITE,1.0,PassengerCarStationWagonJeep,2013.0,TOYO,PRIUS,BLU,,,,,,,,,,,,
507425,266809,1,Driver,True,False,False,M,AIR BAG NOT DEPLOYED,G,OCCUPANT LAP SHOULDER HARNESS USED,CELL PHONE NOT IN USE,NONE APPARENT,,S,I-680,65.0,B,PROCEEDING STRAIGHT,A,HAD NOT BEEN DRINKING,,,M,MALE,27.0,C,CA,H,HISPANIC,7.0,SportUtilityVehicle,2005.0,CHEV,TAHOE,SIL,,,,,,,,,,,,
507414,266803,3,Driver,,False,False,M,AIR BAG NOT DEPLOYED,G,OCCUPANT LAP SHOULDER HARNESS USED,CELL PHONE NOT IN USE,NONE APPARENT,,N,SR-87,65.0,B,PROCEEDING STRAIGHT,A,HAD NOT BEEN DRINKING,,,F,FEMALE,24.0,C,CA,A,ASIAN,7.0,SportUtilityVehicle,2011.0,NISSAN,Rogue,WHI,,,,,,,,,,,,
507413,266803,2,Driver,,False,False,M,AIR BAG NOT DEPLOYED,G,OCCUPANT LAP SHOULDER HARNESS USED,CELL PHONE NOT IN USE,NONE APPARENT,,N,SR-87,65.0,A,STOPPED,A,HAD NOT BEEN DRINKING,,,M,MALE,39.0,C,CA,O,OTHER,1.0,PassengerCarStationWagonJeep,2007.0,TOYOTA,Camry,BLK,,,,,,,,,,,,
507412,266803,1,Driver,True,False,False,M,AIR BAG NOT DEPLOYED,G,OCCUPANT LAP SHOULDER HARNESS USED,CELL PHONE NOT IN USE,NONE APPARENT,,N,SR-87,65.0,B,PROCEEDING STRAIGHT,A,HAD NOT BEEN DRINKING,,,F,FEMALE,44.0,C,CA,H,HISPANIC,1.0,PassengerCarStationWagonJeep,1991.0,TOYOTA,Cressida,WHI,,,,,,,,,,,,
507374,266782,2,Driver,,False,False,M,AIR BAG NOT DEPLOYED,G,OCCUPANT LAP SHOULDER HARNESS USED,CELL PHONE NOT IN USE,NONE APPARENT,,S,I-280,65.0,B,PROCEEDING STRAIGHT,A,HAD NOT BEEN DRINKING,,,F,FEMALE,23.0,C,CA,B,BLACK,1.0,PassengerCarStationWagonJeep,2013.0,NISS,SENTRA,GRY,,,,,,,,,,,,
507373,266782,1,Driver,True,False,False,M,AIR BAG NOT DEPLOYED,G,OCCUPANT LAP SHOULDER HARNESS USED,CELL PHONE NOT IN USE,NONE APPARENT,,S,I-280,65.0,B,PROCEEDING STRAIGHT,A,HAD NOT BEEN DRINKING,,,F,FEMALE,42.0,C,CA,H,HISPANIC,1.0,PassengerCarStationWagonJeep,2007.0,NISS,VERSA,SIL,,,,,,,,,,,,
507307,266745,3,Driver,,False,False,L,AIR BAG DEPLOYED,G,OCCUPANT LAP SHOULDER HARNESS USED,CELL PHONE NOT IN USE,VC SECTION VIOLATED - 22350  / STOP & GO TRAFFIC,,S,I-280,65.0,B,PROCEEDING STRAIGHT,A,HAD NOT BEEN DRINKING,,,M,MALE,18.0,C,CA,H,HISPANIC,1.0,PassengerCarStationWagonJeep,2006.0,HONDA,Accord,GRY,,,,,,,,,,,,
507306,266745,2,Driver,True,False,False,M,AIR BAG NOT DEPLOYED,G,OCCUPANT LAP SHOULDER HARNESS USED,CELL PHONE NOT IN USE,STOP & GO TRAFFIC,,S,I-280,65.0,B,PROCEEDING STRAIGHT,A,HAD NOT BEEN DRINKING,,,F,FEMALE,21.0,C,CA,H,HISPANIC,1.0,PassengerCarStationWagonJeep,2006.0,HOND,Civic,GRY,,,,,,,,,,,,
507305,266745,1,Driver,,False,False,M,AIR BAG NOT DEPLOYED,G,OCCUPANT LAP SHOULDER HARNESS USED,CELL PHONE NOT IN USE,STOP & GO TRAFFIC,,S,I-280,65.0,A,STOPPED,A,HAD NOT BEEN DRINKING,,,M,MALE,44.0,C,CA,W,WHITE,7.0,SportUtilityVehicle,2001.0,TOYT,Highlander,GRY,,,,,,,,,,,,
507254,266715,2,Driver,True,False,False,M,AIR BAG NOT DEPLOYED,G,OCCUPANT LAP SHOULDER HARNESS USED,CELL PHONE NOT IN USE,NONE APPARENT,,N,I-680,65.0,B,PROCEEDING STRAIGHT,A,HAD NOT BEEN DRINKING,,,M,MALE,23.0,C,CA,H,HISPANIC,1.0,PassengerCarStationWagonJeep,2000.0,HOND,accord,GLD,,,,,,,,,,,,
507253,266715,1,Driver,,False,False,P,NOT REQUIRED,G,OCCUPANT LAP SHOULDER HARNESS USED,CELL PHONE NOT IN USE,NONE APPARENT,,N,I-680,65.0,B,PROCEEDING STRAIGHT,A,HAD NOT BEEN DRINKING,,,M,MALE,66.0,C,CA,W,WHITE,22.0,PickupsAndPanels,1971.0,CHEV,El Camino,GRY,,,,,,,,,,,,
507215,266696,1,Driver,True,False,False,L,AIR BAG DEPLOYED,G,OCCUPANT LAP SHOULDER HARNESS USED,CELL PHONE NOT IN USE,INATTENTION / ENTERING OR LEAVING RAMP,,N,US 101 N/B TO CAPITOL EXPRY,65.0,R,OTHER,A,HAD NOT BEEN DRINKING,,,F,FEMALE,16.0,C,CA,W,WHITE,7.0,SportUtilityVehicle,2002.0,HOND,CRV,BRN,,,,,,,,,,,,
507187,266683,2,Driver,,False,False,M,AIR BAG NOT DEPLOYED,G,OCCUPANT LAP SHOULDER HARNESS USED,CELL PHONE NOT IN USE,NONE APPARENT,,S,I-880,65.0,A,STOPPED,A,HAD NOT BEEN DRINKING,,,F,FEMALE,21.0,C,CA,H,HISPANIC,22.0,PickupsAndPanels,2003.0,NISS,Frontier,SIL,,,,,,,,,,,,
507186,266683,1,Driver,True,False,False,M,AIR BAG NOT DEPLOYED,G,OCCUPANT LAP SHOULDER HARNESS USED,CELL PHONE NOT IN USE,NONE APPARENT,,S,I-880,65.0,B,PROCEEDING STRAIGHT,A,HAD NOT BEEN DRINKING,,,M,MALE,25.0,C,CA,W,WHITE,22.0,PickupsAndPanels,1995.0,FORD,Econoline E150,WHI,,,,,,,,,,,,
507152,266664,2,Driver,,False,False,P,NOT REQUIRED,P,NOT REQUIRED,CELL PHONE NOT IN USE,NONE APPARENT,,S,I-280,65.0,B,PROCEEDING STRAIGHT,A,HAD NOT BEEN DRINKING,,,M,MALE,25.0,M,CA,H,HISPANIC,2.0,Motorcycle,2016.0,HARL,SPORTSTER 883,BLA,,,,,,,,,,,,
507151,266664,1,Driver,True,False,True,,,,,CELL PHONE NOT IN USE,NONE APPARENT,,S,I-280,65.0,J,CHANGING LANES,G,IMPAIRMENT_NOT_KNOWN,,,,,,,,,,99.0,OtherUnknownHitAndRunDriver,,UNKNOWN,,,,,,,,,,,,,,
527032,276780,2,Driver,,False,False,M,AIR BAG NOT DEPLOYED,G,OCCUPANT LAP SHOULDER HARNESS USED,CELL PHONE NOT IN USE,NONE APPARENT,,N,US101,65.0,B,PROCEEDING STRAIGHT,A,HAD NOT BEEN DRINKING,,,M,MALE,28.0,C,CA,H,HISPANIC,1.0,PassengerCarStationWagonJeep,1993.0,TOYT,CAMRY,BLU,,,,,,,,,,,,
527031,276780,1,Driver,True,False,False,M,AIR BAG NOT DEPLOYED,G,OCCUPANT LAP SHOULDER HARNESS USED,CELL PHONE NOT IN USE,NONE APPARENT,,N,US101,65.0,J,CHANGING LANES,A,HAD NOT BEEN DRINKING,,,M,MALE,21.0,C,CA,H,HISPANIC,1.0,PassengerCarStationWagonJeep,1998.0,HOND,ACCORD,SIL,,,,,,,,,,,,
526962,276743,3,Driver,,False,False,M,AIR BAG NOT DEPLOYED,G,OCCUPANT LAP SHOULDER HARNESS USED,CELL PHONE NOT IN USE,NONE APPARENT,,E,SR-237,65.0,H,SLOWING/STOPPING,A,HAD NOT BEEN DRINKING,,,F,FEMALE,56.0,C,CA,H,HISPANIC,1.0,PassengerCarStationWagonJeep,1998.0,LEXUS,ES300,SIL,,,,,,,,,,,,
526961,276743,2,Driver,,False,False,L,AIR BAG DEPLOYED,G,OCCUPANT LAP SHOULDER HARNESS USED,CELL PHONE NOT IN USE,NONE APPARENT,,E,SR-237,65.0,H,SLOWING/STOPPING,A,HAD NOT BEEN DRINKING,,,M,MALE,28.0,F,IT,A,ASIAN,1.0,PassengerCarStationWagonJeep,2016.0,TOYO,Corolla,WHI,,,,,,,,,,,,
526960,276743,1,Driver,True,False,False,L,AIR BAG DEPLOYED,G,OCCUPANT LAP SHOULDER HARNESS USED,CELL PHONE NOT IN USE,NONE APPARENT,,E,SR-237,65.0,B,PROCEEDING STRAIGHT,A,HAD NOT BEEN DRINKING,,,M,MALE,42.0,,,H,HISPANIC,22.0,PickupsAndPanels,2000.0,FORD,RANGER,BLK,,,,,,,,,,,,
526758,276635,1,Driver,True,False,False,L,AIR BAG DEPLOYED,G,OCCUPANT LAP SHOULDER HARNESS USED,CELL PHONE NOT IN USE,VC SECTION VIOLATED -  22107 VC,,N,US-101 ,65.0,R,OTHER,B,HBD-UNDER INFLUENCE,,,M,MALE,31.0,U,CA,H,HISPANIC,22.0,PickupsAndPanels,2004.0,FORD,F150,WHI,,,,,,,,,,,,
526674,276591,2,Driver,,False,False,M,AIR BAG NOT DEPLOYED,G,OCCUPANT LAP SHOULDER HARNESS USED,CELL PHONE NOT IN USE,NONE APPARENT,,S,US-101,65.0,B,PROCEEDING STRAIGHT,A,HAD NOT BEEN DRINKING,,,M,MALE,60.0,C,CA,O,OTHER,22.0,PickupsAndPanels,2013.0,FORD,F150,WHI,,,,,,,,,,,,
526673,276591,1,Driver,True,False,False,L,AIR BAG DEPLOYED,G,OCCUPANT LAP SHOULDER HARNESS USED,CELL PHONE NOT IN USE,NONE APPARENT,,S,US-101,65.0,H,SLOWING/STOPPING,A,HAD NOT BEEN DRINKING,,,F,FEMALE,35.0,C,CA,H,HISPANIC,7.0,SportUtilityVehicle,2012.0,NIS,XTERRA,BLK,,,,,,,,,,,,
526657,276583,2,Driver,,False,False,M,AIR BAG NOT DEPLOYED,G,OCCUPANT LAP SHOULDER HARNESS USED,CELL PHONE NOT IN USE,NONE APPARENT,,S,I-280,65.0,H,SLOWING/STOPPING,A,HAD NOT BEEN DRINKING,,,F,FEMALE,41.0,C,CA,A,ASIAN,1.0,PassengerCarStationWagonJeep,2012.0,TOYT,CAMRY,WHI,,,,,,,,,,,,
526656,276583,1,Driver,True,False,False,M,AIR BAG NOT DEPLOYED,G,OCCUPANT LAP SHOULDER HARNESS USED,CELL PHONE NOT IN USE,NONE APPARENT,,S,I-280,65.0,H,SLOWING/STOPPING,A,HAD NOT BEEN DRINKING,,,M,MALE,50.0,C,CA,H,HISPANIC,22.0,PickupsAndPanels,1995.0,NISS,XE,PUR,,,,,,,,,,,,