PartyId,CollisionId,PartyNumber,PartyType,IsAtFault,IsOnDutyEmergencyVehicle,IsHitAndRun,AirbagCode,AirbagDescription,SafetyEquipmentCode,SafetyEquipmentDescription,Special Information,Other Associate Factor,Inattention,DirectionOfTravel,StreetOrHighwayName,SpeedLimit,MovementPrecCollCode,MovementPrecCollDescription,SobrietyDrugPhysicalCode1,SobrietyDrugPhysicalDescription1,SobrietyDrugPhysicalCode2,SobrietyDrugPhysicalDescription2,GenderCode,GenderDescription,StatedAge,DriverLicenseClass,DriverLicenseStateCode,RaceCode,RaceDesc,Vehicle1TypeId, Vehicle1TypeDesc, Vehicle1Year,Vehicle1Make,Vehicle1Model,Vehicle1Color,V1IsVehicleTowed,Vehicle2TypeId, Vehicle2TypeDesc, Vehicle2Year,Vehicle2Make,Vehicle2Model,Vehicle2Color,V2IsVehicleTowed,Lane,ThruLanes,TotalLanes,IsDREConducted
570354,300987,2,Driver,,False,False,M,AIR BAG NOT DEPLOYED,G,OCCUPANT LAP SHOULDER HARNESS USED,CELL PHONE NOT IN USE,STOP & GO TRAFFIC,,N,I-280,65.0,B,PROCEEDING STRAIGHT,A,HAD NOT BEEN DRINKING,,,M,MALE,43.0,A,CA,B,BLACK,27.0,ThreeOrMoreAxleTruck,2014.0,MACK,Pinnacle,WHI,,31.0,SemiTrailer,2013.0,UTILITY,Xtra llu,WHI,,,,,
570353,300987,1,Driver,True,False,False,L,AIR BAG DEPLOYED,G,OCCUPANT LAP SHOULDER HARNESS USED,CELL PHONE NOT IN USE,STOP & GO TRAFFIC,,N,I-280,65.0,J,CHANGING LANES,A,HAD NOT BEEN DRINKING,,,M,MALE,24.0,F,ID,W,WHITE,1.0,PassengerCarStationWagonJeep,1996.0,TOYOTA,Corolla,BLU,,,,,,,,,,,,
570240,300925,3,Driver,,False,False,M,AIR BAG NOT DEPLOYED,G,OCCUPANT LAP SHOULDER HARNESS USED,CELL PHONE NOT IN USE,NONE APPARENT,,N,I-880,65.0,H,SLOWING/STOPPING,A,HAD NOT BEEN DRINKING,,,F,FEMALE,20.0,C,CA,W,WHITE,22.0,PickupsAndPanels,2005.0,FORD,250,SIL,,,,,,,,,,,,
570239,300925,2,Driver,,False,False,M,AIR BAG NOT DEPLOYED,G,OCCUPANT LAP SHOULDER HARNESS USED,CELL PHONE NOT IN USE,NONE APPARENT,,N,I-880,65.0,H,SLOWING/STOPPING,A,HAD NOT BEEN DRINKING,,,M,MALE,33.0,C,CA,W,WHITE,7.0,SportUtilityVehicle,2009.0,JEEP,PATRIOT,SIL,,,,,,,,,,,,
570238,300925,1,Driver,True,False,False,M,AIR BAG NOT DEPLOYED,G,OCCUPANT LAP SHOULDER HARNESS USED,CELL PHONE NOT IN USE,NONE APPARENT,,N,I-880,65.0,B,PROCEEDING STRAIGHT,A,HAD NOT BEEN DRINKING,,,F,FEMALE,35.0,C,CA,B,BLACK,1.0,PassengerCarStationWagonJeep,2011.0,TOYT,CAMRY,,,,,,,,,,,,,
569986,300781,4,Driver,,False,False,M,AIR BAG NOT DEPLOYED,G,OCCUPANT LAP SHOULDER HARNESS USED,CELL PHONE NOT IN USE,NONE APPARENT,,S,I-280,65.0,A,STOPPED,A,HAD NOT BEEN DRINKING,,,F,FEMALE,27.0,C,CA,W,WHITE,1.0,PassengerCarStationWagonJeep,2014.0,MAZDA,MAZDA 2,BLK,,,,,,,,,,,,
569985,300781,3,Driver,,False,False,M,AIR BAG NOT DEPLOYED,G,OCCUPANT LAP SHOULDER HARNESS USED,CELL PHONE NOT IN USE,NONE APPARENT,,S,I-280,65.0,A,STOPPED,A,HAD NOT BEEN DRINKING,,,F,FEMALE,29.0,C,CA,W,WHITE,1.0,PassengerCarStationWagonJeep,2016.0,DODGE,CHARGER,BLK,,,,,,,,,,,,
569984,300781,2,Driver,,False,False,M,AIR BAG NOT DEPLOYED,G,OCCUPANT LAP SHOULDER HARNESS USED,CELL PHONE NOT IN USE,VC SECTION VIOLATED - 22350,,S,I-280,65.0,B,PROCEEDING STRAIGHT,A,HAD NOT BEEN DRINKING,,,F,FEMALE,49.0,C,CA,A,ASIAN,7.0,SportUtilityVehicle,2007.0,LEXUS,RX350,GRY,,,,,,,,,,,,
569983,300781,1,Driver,True,False,False,M,AIR BAG NOT DEPLOYED,G,OCCUPANT LAP SHOULDER HARNESS USED,CELL PHONE NOT IN USE,NONE APPARENT,,S,I-280,65.0,B,PROCEEDING STRAIGHT,A,HAD NOT BEEN DRINKING,,,M,MALE,46.0,C,CA,O,OTHER,1.0,PassengerCarStationWagonJeep,2014.0,CHEV,VOLT,SIL,,,,,,,,,,,,
569717,300627,1,Driver,True,False,False,M,AIR BAG NOT DEPLOYED,G,OCCUPANT LAP SHOULDER HARNESS USED,CELL PHONE NOT IN USE,NONE APPARENT,,S,US-101,65.0,R,OTHER,A,HAD NOT BEEN DRINKING,,,F,FEMALE,27.0,C,CA,H,HISPANIC,7.0,SportUtilityVehicle,2008.0,GMC,YUKON,GRN,,,,,,,,,,,,
569688,300611,2,Driver,,False,False,M,AIR BAG NOT DEPLOYED,G,OCCUPANT LAP SHOULDER HARNESS USED,CELL PHONE NOT IN USE,STOP & GO TRAFFIC,,N,STATE ROUTE 87,65.0,H,SLOWING/STOPPING,A,HAD NOT BEEN DRINKING,,,M,MALE,72.0,C,CA,O,OTHER,1.0,PassengerCarStationWagonJeep,2009.0,TOYO,CAMRY,WHT,,,,,,,,,,,,
569687,300611,1,Driver,True,False,False,M,AIR BAG NOT DEPLOYED,G,OCCUPANT LAP SHOULDER HARNESS USED,CELL PHONE NOT IN USE,STOP & GO TRAFFIC,,N,STATE ROUTE 87,65.0,B,PROCEEDING STRAIGHT,A,HAD NOT BEEN DRINKING,,,M,MALE,25.0,C,CA,H,HISPANIC,1.0,PassengerCarStationWagonJeep,2011.0,CHEVY,Camaro,BLK,,,,,,,,,,,,
569673,300602,1,Driver,,False,False,M,AIR BAG NOT DEPLOYED,G,OCCUPANT LAP SHOULDER HARNESS USED,CELL PHONE NOT IN USE,NONE APPARENT,,N,I-680,65.0,B,PROCEEDING STRAIGHT,A,HAD NOT BEEN DRINKING,,,F,FEMALE,41.0,C,CA,W,WHITE,1.0,PassengerCarStationWagonJeep,2016.0,TOYT,iA,BLU,,,,,,,,,,,,
569655,300591,2,Driver,,False,False,M,AIR BAG NOT DEPLOYED,G,OCCUPANT LAP SHOULDER HARNESS USED,CELL PHONE NOT IN USE,NONE APPARENT,,W,SR-237,65.0,A,STOPPED,A,HAD NOT BEEN DRINKING,,,M,MALE,43.0,C,CA,H,HISPANIC,7.0,SportUtilityVehicle,2016.0,TOYOTA,4RUNNER,RED,,,,,,,,,,,,
569654,300591,1,Driver,True,False,False,L,AIR BAG DEPLOYED,G,OCCUPANT LAP SHOULDER HARNESS USED,CELL PHONE NOT IN USE,NONE APPARENT,,W,SR-237,65.0,B,PROCEEDING STRAIGHT,A,HAD NOT BEEN DRINKING,,,M,MALE,73.0,C,CA,W,WHITE,7.0,SportUtilityVehicle,2005.0,TOYO,Highlander,BGE,,,,,,,,,,,,
569642,300583,2,Driver,,False,False,M,AIR BAG NOT DEPLOYED,G,OCCUPANT LAP SHOULDER HARNESS USED,CELL PHONE NOT IN USE,NONE APPARENT,,N,US101,65.0,A,STOPPED,A,HAD NOT BEEN DRINKING,,,F,FEMALE,29.0,C,CA,A,ASIAN,1.0,PassengerCarStationWagonJeep,2013.0,TOYO,Corolla,GRY,,,,,,,,,,,,
569641,300583,1,Driver,True,False,True,B,UNKNOWN,B,OCCUPANT UNKNOWN,CELL PHONE NOT IN USE,NONE APPARENT,,N,US-101,65.0,B,PROCEEDING STRAIGHT,G,IMPAIRMENT_NOT_KNOWN,,,,,,,,,,99.0,OtherUnknownHitAndRunDriver,,,,,,,,,,,,,,,,
569371,300414,2,Driver,,False,False,M,AIR BAG NOT DEPLOYED,G,OCCUPANT LAP SHOULDER HARNESS USED,CELL PHONE NOT IN USE,NONE APPARENT,,S,I-280 N/B TO SARATOGA AVE,65.0,B,PROCEEDING STRAIGHT,A,HAD NOT BEEN DRINKING,,,M,MALE,50.0,C,CA,A,ASIAN,1.0,PassengerCarStationWagonJeep,2016.0,MAZDA,Mazda 6,GRN,,,,,,,,,,,,
569370,300414,1,Driver,True,False,False,M,AIR BAG NOT DEPLOYED,G,OCCUPANT LAP SHOULDER HARNESS USED,CELL PHONE NOT IN USE,NONE APPARENT,,S,I-280 N/B TO SARATOGA AVE,65.0,B,PROCEEDING STRAIGHT,A,HAD NOT BEEN DRINKING,,,M,MALE,81.0,C,CA,W,WHITE,1.0,PassengerCarStationWagonJeep,2009.0,CADI,CTS,WHI,,,,,,,,,,,,
569357,300406,2,Driver,,False,False,M,AIR BAG NOT DEPLOYED,G,OCCUPANT LAP SHOULDER HARNESS USED,CELL PHONE NOT IN USE,NONE APPARENT,,S,I-680,65.0,H,SLOWING/STOPPING,A,HAD NOT BEEN DRINKING,,,M,MALE,55.0,C,CA,O,OTHER,1.0,PassengerCarStationWagonJeep,2016.0,VOLV,S60,RED,,,,,,,,,,,,
569356,300406,1,Driver,True,False,False,M,AIR BAG NOT DEPLOYED,G,OCCUPANT LAP SHOULDER HARNESS USED,CELL PHONE NOT IN USE,NONE APPARENT,,S,I-680,65.0,J,CHANGING LANES,A,HAD NOT BEEN DRINKING,,,F,FEMALE,,C,CA,A,ASIAN,7.0,SportUtilityVehicle,2012.0,GMC,TERRAIN,BLK,,,,,,,,,,,,
569343,300398,2,Driver,,False,False,M,AIR BAG NOT DEPLOYED,G,OCCUPANT LAP SHOULDER HARNESS USED,CELL PHONE NOT IN USE,NONE APPARENT,,N,I-280,65.0,B,PROCEEDING STRAIGHT,A,HAD NOT BEEN DRINKING,,,F,FEMALE,53.0,C,CA,H,HISPANIC,7.0,SportUtilityVehicle,2003.0,HONDA,PILOT,SIL,,,,,,,,,,,,
569342,300398,1,Driver,True,False,False,M,AIR BAG NOT DEPLOYED,G,OCCUPANT LAP SHOULDER HARNESS USED,CELL PHONE NOT IN USE,NONE APPARENT,,N,I-280,65.0,B,PROCEEDING STRAIGHT,A,HAD NOT BEEN DRINKING,,,M,MALE,26.0,U,CA,H,HISPANIC,1.0,PassengerCarStationWagonJeep,2004.0,ACURA,EURO R,WHI,,,,,,,,,,,,
569314,300378,2,Driver,,False,False,M,AIR BAG NOT DEPLOYED,G,OCCUPANT LAP SHOULDER HARNESS USED,CELL PHONE NOT IN USE,NONE APPARENT,,N,I-680,65.0,B,PROCEEDING STRAIGHT,A,HAD NOT BEEN DRINKING,,,F,FEMALE,19.0,C,CA,A,ASIAN,1.0,PassengerCarStationWagonJeep,2012.0,VOLK,BEETLE,RED,,,,,,,,,,,,
569313,300378,1,Driver,True,False,True,B,UNKNOWN,B,OCCUPANT UNKNOWN,CELL PHONE NOT IN USE,NONE APPARENT,,N,I-680,65.0,R,OTHER,G,IMPAIRMENT_NOT_KNOWN,,,,,,,,,,99.0,OtherUnknownHitAndRunDriver,,,,,,,,,,,,,,,,
569283,300357,2,Driver,,False,False,M,AIR BAG NOT DEPLOYED,G,OCCUPANT LAP SHOULDER HARNESS USED,CELL PHONE NOT IN USE,NONE APPARENT,,S,SR-87 S/B TO ALMA aVE,65.0,B,PROCEEDING STRAIGHT,A,HAD NOT BEEN DRINKING,,,M,MALE,57.0,A,CA,W,WHITE,25.0,TruckTractor,2012.0,PETR,389,WHI,,31.0,SemiTrailer,2016.0,HYUN,TRANSLEAD,WHI,,,,,
569282,300357,1,Driver,True,False,False,M,AIR BAG NOT DEPLOYED,G,OCCUPANT LAP SHOULDER HARNESS USED,CELL PHONE NOT IN USE,NONE APPARENT,,S,SR-87 S/B TO ALMA AVE ,65.0,P,MERGING,A,HAD NOT BEEN DRINKING,,,M,MALE,77.0,F,OR,W,WHITE,7.0,SportUtilityVehicle,2016.0,FORD,ESCAPE,GRA,,,,,,,,,,,,
569218,300312,2,Driver,,False,False,M,AIR BAG NOT DEPLOYED,G,OCCUPANT LAP SHOULDER HARNESS USED,CELL PHONE NOT IN USE,NONE APPARENT,,S,I-680,65.0,B,PROCEEDING STRAIGHT,A,HAD NOT BEEN DRINKING,,,F,FEMALE,58.0,C,CA,W,WHITE,1.0,PassengerCarStationWagonJeep,2012.0,TOYO,Corolla,SIL,,,,,,,,,,,,
569217,300312,1,Driver,True,False,False,M,AIR BAG NOT DEPLOYED,G,OCCUPANT LAP SHOULDER HARNESS USED,CELL PHONE NOT IN USE,NONE APPARENT,,S,I-680,65.0,J,CHANGING LANES,A,HAD NOT BEEN DRINKING,,,M,MALE,25.0,C,CA,W,WHITE,1.0,PassengerCarStationWagonJeep,1998.0,MITS,ECLIPSE,WHI,,,,,,,,,,,,
569193,300297,2,Driver,,False,False,M,AIR BAG NOT DEPLOYED,G,OCCUPANT LAP SHOULDER HARNESS USED,CELL PHONE NOT IN USE,NONE APPARENT,,S,I-280,65.0,B,PROCEEDING STRAIGHT,A,HAD NOT BEEN DRINKING,,,M,MALE,37.0,C,CA,A,ASIAN,1.0,PassengerCarStationWagonJeep,2016.0,FORD,FUSION,SIL,,,,,,,,,,,,
569192,300297,1,Driver,True,False,False,M,AIR BAG NOT DEPLOYED,G,OCCUPANT LAP SHOULDER HARNESS USED,CELL PHONE NOT IN USE,NONE APPARENT,,S,I-280,65.0,B,PROCEEDING STRAIGHT,A,HAD NOT BEEN DRINKING,,,M,MALE,18.0,C,CA,H,HISPANIC,1.0,PassengerCarStationWagonJeep,1993.0,TOYO,COROLLA,RED,,,,,,,,,,,,
569008,300185,2,Driver,,False,False,M,AIR BAG NOT DEPLOYED,G,OCCUPANT LAP SHOULDER HARNESS USED,CELL PHONE NOT IN USE,NONE APPARENT,,N,US101,65.0,A,STOPPED,A,HAD NOT BEEN DRINKING,,,M,MALE,35.0,C,CA,W,WHITE,1.0,PassengerCarStationWagonJeep,2016.0,NISSAN,ALTIMA,WHI,,,,,,,,,,,,
569007,300185,1,Driver,True,False,False,L,AIR BAG DEPLOYED,G,OCCUPANT LAP SHOULDER HARNESS USED,CELL PHONE NOT IN USE,NONE APPARENT,,N,US101,65.0,B,PROCEEDING STRAIGHT,A,HAD NOT BEEN DRINKING,,,M,MALE,33.0,C,CA,H,HISPANIC,1.0,PassengerCarStationWagonJeep,1996.0,HONDA ,ACCORD,SIL,,,,,,,,,,,,
568981,300168,2,Driver,,False,False,M,AIR BAG NOT DEPLOYED,G,OCCUPANT LAP SHOULDER HARNESS USED,CELL PHONE NOT IN USE,NONE APPARENT,,S,I-280,65.0,B,PROCEEDING STRAIGHT,A,HAD NOT BEEN DRINKING,,,F,FEMALE,58.0,C,CA,A,ASIAN,7.0,SportUtilityVehicle,2009.0,BMW ,X3,BLK,,,,,,,,,,,,
568980,300168,1,Driver,True,False,False,M,AIR BAG NOT DEPLOYED,G,OCCUPANT LAP SHOULDER HARNESS USED,CELL PHONE NOT IN USE,NONE APPARENT,,S,I-280,65.0,B,PROCEEDING STRAIGHT,A,HAD NOT BEEN DRINKING,,,F,FEMALE,20.0,C,CA,A,ASIAN,1.0,PassengerCarStationWagonJeep,2002.0,HOND,CIVIC,BLK,,,,,,,,,,,,
568954,300154,3,Driver,,False,False,M,AIR BAG NOT DEPLOYED,G,OCCUPANT LAP SHOULDER HARNESS USED,CELL PHONE NOT IN USE,NONE APPARENT,,S,I-280 FROM MOORPARK AVE,65.0,B,PROCEEDING STRAIGHT,A,HAD NOT BEEN DRINKING,,,F,FEMALE,33.0,C,CA,O,OTHER,1.0,PassengerCarStationWagonJeep,2006.0,TOYO,RAV4,SIL,,,,,,,,,,,,
568953,300154,2,Driver,,False,False,M,AIR BAG NOT DEPLOYED,G,OCCUPANT LAP SHOULDER HARNESS USED,CELL PHONE NOT IN USE,NONE APPARENT,,S,I-280 FROM MOORPARK AVE,65.0,B,PROCEEDING STRAIGHT,A,HAD NOT BEEN DRINKING,,,F,FEMALE,43.0,C,CA,H,HISPANIC,1.0,PassengerCarStationWagonJeep,2011.0,HOND,ACCORD,GRA,,,,,,,,,,,,
568952,300154,1,Driver,True,False,False,M,AIR BAG NOT DEPLOYED,G,OCCUPANT LAP SHOULDER HARNESS USED,CELL PHONE NOT IN USE,NONE APPARENT,,S,I-280 FROM MOORPARK AVE,65.0,B,PROCEEDING STRAIGHT,A,HAD NOT BEEN DRINKING,,,M,MALE,18.0,C,CA,H,HISPANIC,1.0,PassengerCarStationWagonJeep,1994.0,ACURA,INTEGRA,RED,,,,,,,,,,,,
568949,300152,2,Driver,,False,False,M,AIR BAG NOT DEPLOYED,G,OCCUPANT LAP SHOULDER HARNESS USED,CELL PHONE NOT IN USE,NONE APPARENT,,N,I-880,65.0,H,SLOWING/STOPPING,A,HAD NOT BEEN DRINKING,,,F,FEMALE,51.0,C,CA,H,HISPANIC,7.0,SportUtilityVehicle,2007.0,CHEV,TAHOE,SLV,,,,,,,,,,,,
568948,300152,1,Driver,True,False,False,L,AIR BAG DEPLOYED,G,OCCUPANT LAP SHOULDER HARNESS USED,CELL PHONE NOT IN USE,NONE APPARENT,,N,I-880,65.0,H,SLOWING/STOPPING,A,HAD NOT BEEN DRINKING,,,M,MALE,41.0,C,CA,W,WHITE,22.0,PickupsAndPanels,2002.0,FORD,RANGER,WHI,,,,,,,,,,,,
568879,300108,2,Driver,,False,False,M,AIR BAG NOT DEPLOYED,G,OCCUPANT LAP SHOULDER HARNESS USED,CELL PHONE NOT IN USE,NONE APPARENT,,S,I-880,65.0,B,PROCEEDING STRAIGHT,A,HAD NOT BEEN DRINKING,,,M,MALE,64.0,C,CA,W,WHITE,1.0,PassengerCarStationWagonJeep,2016.0,FORD,FUS,WHI,,,,,,,,,,,,
568878,300108,1,Driver,True,False,False,L,AIR BAG DEPLOYED,G,OCCUPANT LAP SHOULDER HARNESS USED,CELL PHONE NOT IN USE,NONE APPARENT,,S,I-880,65.0,H,SLOWING/STOPPING,A,HAD NOT BEEN DRINKING,,,M,MALE,23.0,C,CA,A,ASIAN,1.0,PassengerCarStationWagonJeep,2006.0,ACUR,TL,GRY,,,,,,,,,,,,
568816,300070,2,Driver,,False,False,M,AIR BAG NOT DEPLOYED,G,OCCUPANT LAP SHOULDER HARNESS USED,CELL PHONE NOT IN USE,NONE APPARENT,,S,US-101,65.0,B,PROCEEDING STRAIGHT,A,HAD NOT BEEN DRINKING,,,M,MALE,50.0,C,CA,A,ASIAN,1.0,PassengerCarStationWagonJeep,2004.0,FORD,TAURUS,GRY,,,,,,,,,,,,
568815,300070,1,Driver,True,False,False,M,AIR BAG NOT DEPLOYED,G,OCCUPANT LAP SHOULDER HARNESS USED,CELL PHONE NOT IN USE,NONE APPARENT,,S,US-101,65.0,J,CHANGING LANES,A,HAD NOT BEEN DRINKING,,,M,MALE,28.0,C,CA,A,ASIAN,1.0,PassengerCarStationWagonJeep,1998.0,TOYO,CAMRY,GLD,,,,,,,,,,,,
568793,300057,2,Driver,,False,False,M,AIR BAG NOT DEPLOYED,G,OCCUPANT LAP SHOULDER HARNESS USED,CELL PHONE NOT IN USE,NONE APPARENT,,N,I-680,65.0,B,PROCEEDING STRAIGHT,A,HAD NOT BEEN DRINKING,,,M,MALE,29.0,B,CA,W,WHITE,26.0,TwoAxleTruck,2016.0,FREI,Van,WHT,,,,,,,,,,,,
568792,300057,1,Driver,True,False,False,L,AIR BAG DEPLOYED,G,OCCUPANT LAP SHOULDER HARNESS USED,CELL PHONE NOT IN USE,VC SECTION VIOLATED - 22350,,N,I-680,65.0,B,PROCEEDING STRAIGHT,B,HBD-UNDER INFLUENCE,,,M,MALE,28.0,C,CA,H,HISPANIC,1.0,PassengerCarStationWagonJeep,2011.0,SUBA,Impreza,WHI,,,,,,,,,,,,
568594,299954,1,Driver,True,False,False,M,AIR BAG NOT DEPLOYED,G,OCCUPANT LAP SHOULDER HARNESS USED,CELL PHONE NOT IN USE,NONE APPARENT,,N,US-101,55.0,R,OTHER,A,HAD NOT BEEN DRINKING,,,M,MALE,28.0,A,CA,B,BLACK,25.0,TruckTractor,2006.0,PTRB,CONV,WHI,,,,,,,,,,,,
568210,299762,2,Driver,,False,False,M,AIR BAG NOT DEPLOYED,G,OCCUPANT LAP SHOULDER HARNESS USED,CELL PHONE NOT IN USE,NONE APPARENT,,S,I-880,65.0,J,CHANGING LANES,A,HAD NOT BEEN DRINKING,,,M,MALE,57.0,C,CA,W,WHITE,1.0,PassengerCarStationWagonJeep,2013.0,TOYO,PRIUS,WHI,,,,,,,,,,,,
568209,299762,1,Driver,,False,False,M,AIR BAG NOT DEPLOYED,G,OCCUPANT LAP SHOULDER HARNESS USED,CELL PHONE NOT IN USE,NONE APPARENT,,S,I-880,65.0,J,CHANGING LANES,A,HAD NOT BEEN DRINKING,,,M,MALE,58.0,C,CA,W,WHITE,7.0,SportUtilityVehicle,2005.0,HUMM,H2,WHI,,,,,,,,,,,,
589832,312712,2,Driver,True,False,False,L,AIR BAG DEPLOYED,G,OCCUPANT LAP SHOULDER HARNESS USED,CELL PHONE NOT IN USE,NONE APPARENT,,N,US-101,65.0,B,PROCEEDING STRAIGHT,A,HAD NOT BEEN DRINKING,,,M,MALE,26.0,C,CA,W,WHITE,1.0,PassengerCarStationWagonJeep,2014.0,HYUN,Optima,BLK,,,,,,,,,,,,
589831,312712,1,Other,,False,False,P,NOT REQUIRED,P,NOT REQUIRED,CELL PHONE NOT IN USE,PREVIOUS COLLISION,,N,US-101,65.0,A,STOPPED,A,HAD NOT BEEN DRINKING,,,M,MALE,20.0,,,W,WHITE,1.0,PassengerCarStationWagonJeep,2005.0,ACUR,RSX,GRY,,,,,,,,,,,,
589733,312644,2,Driver,,False,False,L,AIR BAG DEPLOYED,G,OCCUPANT LAP SHOULDER HARNESS USED,CELL PHONE NOT IN USE,NONE APPARENT,,N,I-280,65.0,B,PROCEEDING STRAIGHT,A,HAD NOT BEEN DRINKING,,,M,MALE,32.0,C,CA,O,OTHER,1.0,PassengerCarStationWagonJeep,2016.0,HOND,CIVIC,BLK,,,,,,,,,,,,
589732,312644,1,Driver,True,False,False,L,AIR BAG DEPLOYED,G,OCCUPANT LAP SHOULDER HARNESS USED,CELL PHONE NOT IN USE,NONE APPARENT,,N,I-280,65.0,R,OTHER,A,HAD NOT BEEN DRINKING,,,M,MALE,38.0,C,CA,O,OTHER,22.0,PickupsAndPanels,2004.0,DODG,PK,BLK,,,,,,,,,,,,
589721,312637,3,Driver,,False,False,M,AIR BAG NOT DEPLOYED,G,OCCUPANT LAP SHOULDER HARNESS USED,CELL PHONE NOT IN USE,NONE APPARENT,,N,SAN TOMAS EXPRESSWAY,45.0,A,STOPPED,A,HAD NOT BEEN DRINKING,,,M,MALE,42.0,F,TX,W,WHITE,22.0,PickupsAndPanels,2004.0,FORD,F250,BLK,,,,,,,,,,,,
589720,312637,2,Driver,,False,False,M,AIR BAG NOT DEPLOYED,G,OCCUPANT LAP SHOULDER HARNESS USED,CELL PHONE NOT IN USE,NONE APPARENT,,N,SAN TOMAS EXPRESSWAY,45.0,H,SLOWING/STOPPING,A,HAD NOT BEEN DRINKING,,,M,MALE,36.0,C,CA,O,OTHER,1.0,PassengerCarStationWagonJeep,2014.0,LEXU,CT200 ,GRY,,,,,,,,,,,,
589719,312637,1,Driver,True,False,False,M,AIR BAG NOT DEPLOYED,G,OCCUPANT LAP SHOULDER HARNESS USED,CELL PHONE NOT IN USE,NONE APPARENT,,N,SAN TOMAS EXPRESSWAY,45.0,J,CHANGING LANES,A,HAD NOT BEEN DRINKING,,,M,MALE,29.0,C,CA,B,BLACK,1.0,PassengerCarStationWagonJeep,2015.0,FORD,FUSION,WHI,,,,,,,,,,,,
589475,312475,4,Driver,,False,False,L,AIR BAG DEPLOYED,G,OCCUPANT LAP SHOULDER HARNESS USED,CELL PHONE NOT IN USE,NONE APPARENT,,N,US-101,65.0,B,PROCEEDING STRAIGHT,A,HAD NOT BEEN DRINKING,,,M,MALE,20.0,C,CA,W,WHITE,1.0,PassengerCarStationWagonJeep,2005.0,ACUR,RSX,GRY,,,,,,,,,,,,
589474,312475,3,Driver,,False,False,L,AIR BAG DEPLOYED,G,OCCUPANT LAP SHOULDER HARNESS USED,CELL PHONE NOT IN USE,NONE APPARENT,,N,US-101,65.0,B,PROCEEDING STRAIGHT,A,HAD NOT BEEN DRINKING,,,M,MALE,51.0,C,CA,W,WHITE,7.0,SportUtilityVehicle,2016.0,GMC,YUKON,BLK,,,,,,,,,,,,
589473,312475,2,Driver,,False,False,L,AIR BAG DEPLOYED,G,OCCUPANT LAP SHOULDER HARNESS USED,CELL PHONE NOT IN USE,NONE APPARENT,,N,US-101,65.0,B,PROCEEDING STRAIGHT,A,HAD NOT BEEN DRINKING,,,F,FEMALE,45.0,C,CA,H,HISPANIC,7.0,SportUtilityVehicle,2015.0,LEXU,RX350,WHT,,,,,,,,,,,,
589472,312475,1,Driver,True,False,False,L,AIR BAG DEPLOYED,G,OCCUPANT LAP SHOULDER HARNESS USED,CELL PHONE NOT IN USE,NONE APPARENT,,N,US-101,65.0,B,PROCEEDING STRAIGHT,A,HAD NOT BEEN DRINKING,,,M,MALE,21.0,C,CA,H,HISPANIC,1.0,PassengerCarStationWagonJeep,2009.0,HYUN,SONATA,BLU,,,,,,,,,,,,
589438,312460,2,Driver,,False,False,M,AIR BAG NOT DEPLOYED,G,OCCUPANT LAP SHOULDER HARNESS USED,CELL PHONE NOT IN USE,STOP & GO TRAFFIC,,S,US-101,65.0,H,SLOWING/STOPPING,A,HAD NOT BEEN DRINKING,,,F,FEMALE,47.0,C,CA,A,ASIAN,1.0,PassengerCarStationWagonJeep,2011.0,HYUN,Elantra,BLU,,,,,,,,,,,,
589437,312460,1,Driver,True,False,False,M,AIR BAG NOT DEPLOYED,G,OCCUPANT LAP SHOULDER HARNESS USED,CELL PHONE NOT IN USE,STOP & GO TRAFFIC,,S,US-101,65.0,B,PROCEEDING STRAIGHT,A,HAD NOT BEEN DRINKING,,,M,MALE,29.0,C,CA,W,WHITE,1.0,PassengerCarStationWagonJeep,2002.0,HYUN,Elantra,SIL,,,,,,,,,,,,
589374,312422,2,Driver,,False,False,M,AIR BAG NOT DEPLOYED,G,OCCUPANT LAP SHOULDER HARNESS USED,CELL PHONE NOT IN USE,ENTERING OR LEAVING RAMP,,S,I-280,65.0,B,PROCEEDING STRAIGHT,A,HAD NOT BEEN DRINKING,,,F,FEMALE,46.0,U,CA,H,HISPANIC,1.0,PassengerCarStationWagonJeep,2013.0,KIA,OPTIMA,SIL,,,,,,,,,,,,
589373,312422,1,Pedestrian,True,False,False,P,NOT REQUIRED,P,NOT REQUIRED,CELL PHONE NOT IN USE,NONE APPARENT,,S,I-280,65.0,,,A,HAD NOT BEEN DRINKING,,,F,FEMALE,60.0,,,W,WHITE,60.0,Pedestrian,,,,,,,,,,,,,,,,
588925,312185,4,Driver,,False,False,M,AIR BAG NOT DEPLOYED,G,OCCUPANT LAP SHOULDER HARNESS USED,CELL PHONE NOT IN USE,NONE APPARENT,,N,I-280,65.0,B,PROCEEDING STRAIGHT,A,HAD NOT BEEN DRINKING,,,F,FEMALE,36.0,C,CA,H,HISPANIC,1.0,PassengerCarStationWagonJeep,2006.0,LEXS,IS350,WHI,,,,,,,,,,,,