PartyId,CollisionId,PartyNumber,PartyType,IsAtFault,IsOnDutyEmergencyVehicle,IsHitAndRun,AirbagCode,AirbagDescription,SafetyEquipmentCode,SafetyEquipmentDescription,Special Information,Other Associate Factor,Inattention,DirectionOfTravel,StreetOrHighwayName,SpeedLimit,MovementPrecCollCode,MovementPrecCollDescription,SobrietyDrugPhysicalCode1,SobrietyDrugPhysicalDescription1,SobrietyDrugPhysicalCode2,SobrietyDrugPhysicalDescription2,GenderCode,GenderDescription,StatedAge,DriverLicenseClass,DriverLicenseStateCode,RaceCode,RaceDesc,Vehicle1TypeId, Vehicle1TypeDesc, Vehicle1Year,Vehicle1Make,Vehicle1Model,Vehicle1Color,V1IsVehicleTowed,Vehicle2TypeId, Vehicle2TypeDesc, Vehicle2Year,Vehicle2Make,Vehicle2Model,Vehicle2Color,V2IsVehicleTowed,Lane,ThruLanes,TotalLanes,IsDREConducted
677171,363259,2,Driver,,False,False,M,AIR BAG NOT DEPLOYED,G,OCCUPANT LAP SHOULDER HARNESS USED,CELL PHONE NOT IN USE,NONE APPARENT,,N,I-680,65.0,B,PROCEEDING STRAIGHT,A,HAD NOT BEEN DRINKING,,,M,MALE,29.0,,,H,HISPANIC,22.0,PickupsAndPanels,1996.0,TOYT,TACOMA,WHI,,,,,,,,,,,,
677170,363259,1,Driver,True,False,False,M,AIR BAG NOT DEPLOYED,G,OCCUPANT LAP SHOULDER HARNESS USED,CELL PHONE NOT IN USE,NONE APPARENT,,N,I-680,65.0,J,CHANGING LANES,A,HAD NOT BEEN DRINKING,,,M,MALE,35.0,C,CA,H,HISPANIC,7.0,SportUtilityVehicle,1997.0,TOYT,RAV4,BLK,,,,,,,,,,,,
677163,363255,2,Driver,,False,False,M,AIR BAG NOT DEPLOYED,G,OCCUPANT LAP SHOULDER HARNESS USED,CELL PHONE NOT IN USE,NONE APPARENT,,S,CAMDEN AVENUE TO SR-85,65.0,P,MERGING,A,HAD NOT BEEN DRINKING,,,F,FEMALE,29.0,C,CA,W,WHITE,1.0,PassengerCarStationWagonJeep,2014.0,FORD,FOCUS,GRY,,,,,,,,,,,,
677162,363255,1,Driver,,False,False,M,AIR BAG NOT DEPLOYED,G,OCCUPANT LAP SHOULDER HARNESS USED,CELL PHONE NOT IN USE,NONE APPARENT,,S,CAMDEN AVENUE TO SR-85,65.0,P,MERGING,A,HAD NOT BEEN DRINKING,,,M,MALE,24.0,C,CA,W,WHITE,1.0,PassengerCarStationWagonJeep,2013.0,HYUNDAI,GENESIS,WHI,,,,,,,,,,,,
676512,362888,3,Driver,,False,False,M,AIR BAG NOT DEPLOYED,G,OCCUPANT LAP SHOULDER HARNESS USED,CELL PHONE NOT IN USE,PREVIOUS COLLISION,,S,I-280,65.0,A,STOPPED,A,HAD NOT BEEN DRINKING,,,F,FEMALE,24.0,C,CA,W,WHITE,1.0,PassengerCarStationWagonJeep,2011.0,CHEV,AVEO,RED,,,,,,,,,,,,
676511,362888,2,Driver,,False,False,M,AIR BAG NOT DEPLOYED,G,OCCUPANT LAP SHOULDER HARNESS USED,CELL PHONE NOT IN USE,PREVIOUS COLLISION,,S,I-280,65.0,A,STOPPED,B,HBD-UNDER INFLUENCE,,,F,FEMALE,23.0,C,CA,B,BLACK,1.0,PassengerCarStationWagonJeep,2013.0,VOLKS,GOLF,SIL,,,,,,,,,,,,
676510,362888,1,Driver,True,False,False,L,AIR BAG DEPLOYED,G,OCCUPANT LAP SHOULDER HARNESS USED,CELL PHONE NOT IN USE,PREVIOUS COLLISION,,S,I-280,65.0,B,PROCEEDING STRAIGHT,A,HAD NOT BEEN DRINKING,,,F,FEMALE,29.0,C,CA,A,ASIAN,1.0,PassengerCarStationWagonJeep,2015.0,BMW,428I,WHT,,,,,,,,,,,,
676476,362866,2,Driver,,False,False,L,AIR BAG DEPLOYED,G,OCCUPANT LAP SHOULDER HARNESS USED,CELL PHONE NOT IN USE,NONE APPARENT,,S,I-280,65.0,B,PROCEEDING STRAIGHT,A,HAD NOT BEEN DRINKING,,,F,FEMALE,24.0,C,CA,W,WHITE,1.0,PassengerCarStationWagonJeep,2011.0,CHEV,AVEO,RED,,,,,,,,,,,,
676475,362866,1,Driver,True,False,False,L,AIR BAG DEPLOYED,G,OCCUPANT LAP SHOULDER HARNESS USED,CELL PHONE NOT IN USE,VC SECTION VIOLATED - 21651(b),,S,I-280,65.0,Q,TRAVELLING WRONG WAY,B,HBD-UNDER INFLUENCE,,,F,FEMALE,23.0,C,CA,B,BLACK,1.0,PassengerCarStationWagonJeep,2013.0,VOLKS,GOLF,SIL,,,,,,,,,,,,
676440,362847,2,Driver,,False,False,M,AIR BAG NOT DEPLOYED,G,OCCUPANT LAP SHOULDER HARNESS USED,CELL PHONE NOT IN USE,NONE APPARENT,,N,US101,65.0,H,SLOWING/STOPPING,A,HAD NOT BEEN DRINKING,,,F,FEMALE,23.0,C,CA,W,WHITE,1.0,PassengerCarStationWagonJeep,2013.0,HOND,CIVIC,WHI,,,,,,,,,,,,
676439,362847,1,Driver,True,False,False,M,AIR BAG NOT DEPLOYED,G,OCCUPANT LAP SHOULDER HARNESS USED,CELL PHONE NOT IN USE,NONE APPARENT,,N,US101,65.0,B,PROCEEDING STRAIGHT,A,HAD NOT BEEN DRINKING,,,M,MALE,20.0,C,CA,H,HISPANIC,7.0,SportUtilityVehicle,2002.0,FORD,ESCAPE,GRY,,,,,,,,,,,,
676423,362838,2,Driver,,False,False,M,AIR BAG NOT DEPLOYED,G,OCCUPANT LAP SHOULDER HARNESS USED,CELL PHONE NOT IN USE,NONE APPARENT,,S,Southwest Expy,40.0,A,STOPPED,A,HAD NOT BEEN DRINKING,,,F,FEMALE,44.0,C,CA,H,HISPANIC,1.0,PassengerCarStationWagonJeep,2016.0,HONA,ACCOR,MAR,,,,,,,,,,,,
676422,362838,1,Driver,True,False,True,B,UNKNOWN,B,OCCUPANT UNKNOWN,CELL PHONE NOT IN USE,NONE APPARENT,,S,SOUTHWEST EXPY,40.0,B,PROCEEDING STRAIGHT,G,IMPAIRMENT_NOT_KNOWN,,,,,,,,,,99.0,OtherUnknownHitAndRunDriver,,,,,,,,,,,,,,,,
675703,362455,2,Driver,,False,False,M,AIR BAG NOT DEPLOYED,G,OCCUPANT LAP SHOULDER HARNESS USED,CELL PHONE NOT IN USE,NONE APPARENT,,N,I-680,65.0,H,SLOWING/STOPPING,A,HAD NOT BEEN DRINKING,,,M,MALE,60.0,C,CA,A,ASIAN,8.0,MiniVan,2011.0,TOYOTA,SIENNA,SIL,,,,,,,,,,,,
675702,362455,1,Driver,True,False,False,M,AIR BAG NOT DEPLOYED,G,OCCUPANT LAP SHOULDER HARNESS USED,CELL PHONE NOT IN USE,NONE APPARENT,,N,I-680,65.0,B,PROCEEDING STRAIGHT,A,HAD NOT BEEN DRINKING,,,M,MALE,45.0,C,CA,A,ASIAN,7.0,SportUtilityVehicle,2014.0,HOND,PILOT,BLK,,,,,,,,,,,,
675397,362268,1,Driver,,False,False,M,AIR BAG NOT DEPLOYED,G,OCCUPANT LAP SHOULDER HARNESS USED,CELL PHONE NOT IN USE,NONE APPARENT,,S,US101,65.0,B,PROCEEDING STRAIGHT,A,HAD NOT BEEN DRINKING,,,M,MALE,27.0,C,CA,W,WHITE,1.0,PassengerCarStationWagonJeep,2015.0,BMW,328I,BLK,,,,,,,,,,,,
675360,362242,2,Driver,,False,True,B,UNKNOWN,B,OCCUPANT UNKNOWN,CELL PHONE NOT IN USE,NONE APPARENT,,S,I-280,65.0,A,STOPPED,A,HAD NOT BEEN DRINKING,,,,,,,,,,99.0,OtherUnknownHitAndRunDriver,,,,,,,,,,,,,,,,
675359,362242,1,Driver,True,False,False,M,AIR BAG NOT DEPLOYED,G,OCCUPANT LAP SHOULDER HARNESS USED,CELL PHONE NOT IN USE,NONE APPARENT,,S,I-280,65.0,B,PROCEEDING STRAIGHT,A,HAD NOT BEEN DRINKING,,,M,MALE,36.0,C,CA,B,BLACK,22.0,PickupsAndPanels,2005.0,FORD,F-350,BLK,,,,,,,,,,,,
675315,362215,2,Driver,,False,False,L,AIR BAG DEPLOYED,G,OCCUPANT LAP SHOULDER HARNESS USED,CELL PHONE NOT IN USE,NONE APPARENT,,N,SR-85,65.0,B,PROCEEDING STRAIGHT,A,HAD NOT BEEN DRINKING,,,F,FEMALE,40.0,C,CA,H,HISPANIC,22.0,PickupsAndPanels,2015.0,TOYO,Tacoma,BLK,,,,,,,,,,,,
675314,362215,1,Driver,True,False,False,L,AIR BAG DEPLOYED,G,OCCUPANT LAP SHOULDER HARNESS USED,CELL PHONE NOT IN USE,VC SECTION VIOLATED - 22107,,N,SR-85,65.0,R,OTHER,B,HBD-UNDER INFLUENCE,,,M,MALE,40.0,C,CA,O,OTHER,1.0,PassengerCarStationWagonJeep,2000.0,MERB,c230,BLK,,,,,,,,,,,,
675268,362186,2,Driver,,False,False,M,AIR BAG NOT DEPLOYED,G,OCCUPANT LAP SHOULDER HARNESS USED,CELL PHONE NOT IN USE,NONE APPARENT,,S,US 101,65.0,H,SLOWING/STOPPING,A,HAD NOT BEEN DRINKING,,,F,FEMALE,46.0,C,CA,A,ASIAN,7.0,SportUtilityVehicle,2016.0,LEXU,RX350,GRY,,,,,,,,,,,,
675267,362186,1,Driver,,False,False,M,AIR BAG NOT DEPLOYED,G,OCCUPANT LAP SHOULDER HARNESS USED,CELL PHONE NOT IN USE,NONE APPARENT,,S,US 101,65.0,B,PROCEEDING STRAIGHT,A,HAD NOT BEEN DRINKING,,,M,MALE,42.0,,,H,HISPANIC,1.0,PassengerCarStationWagonJeep,1997.0,HOND,accord,BLK,,,,,,,,,,,,
675138,362116,5,Driver,,False,False,M,AIR BAG NOT DEPLOYED,G,OCCUPANT LAP SHOULDER HARNESS USED,CELL PHONE NOT IN USE,NONE APPARENT,,S,SR-87,65.0,H,SLOWING/STOPPING,A,HAD NOT BEEN DRINKING,,,M,MALE,19.0,C,CA,H,HISPANIC,1.0,PassengerCarStationWagonJeep,2004.0,BMW,M3,BLK,,,,,,,,,,,,
675137,362116,4,Driver,,False,False,M,AIR BAG NOT DEPLOYED,G,OCCUPANT LAP SHOULDER HARNESS USED,CELL PHONE NOT IN USE,NONE APPARENT,,S,SR-87,65.0,H,SLOWING/STOPPING,A,HAD NOT BEEN DRINKING,,,M,MALE,41.0,C,CA,W,WHITE,1.0,PassengerCarStationWagonJeep,2013.0,AUDI,A8L,BLK,,,,,,,,,,,,
675136,362116,3,Driver,,False,False,M,AIR BAG NOT DEPLOYED,G,OCCUPANT LAP SHOULDER HARNESS USED,CELL PHONE NOT IN USE,NONE APPARENT,,S,SR-87,65.0,H,SLOWING/STOPPING,A,HAD NOT BEEN DRINKING,,,M,MALE,25.0,C,CA,W,WHITE,1.0,PassengerCarStationWagonJeep,2013.0,TOYOTA,COROLLA,BLU,,,,,,,,,,,,
675135,362116,2,Driver,,False,False,M,AIR BAG NOT DEPLOYED,G,OCCUPANT LAP SHOULDER HARNESS USED,CELL PHONE NOT IN USE,NONE APPARENT,,S,SR-87,65.0,H,SLOWING/STOPPING,A,HAD NOT BEEN DRINKING,,,M,MALE,33.0,C,CA,B,BLACK,1.0,PassengerCarStationWagonJeep,2016.0,MAZDA,MAZDA3,RED,,,,,,,,,,,,
675134,362116,1,Driver,True,False,False,L,AIR BAG DEPLOYED,G,OCCUPANT LAP SHOULDER HARNESS USED,CELL PHONE NOT IN USE,NONE APPARENT,,S,SR-87,65.0,B,PROCEEDING STRAIGHT,A,HAD NOT BEEN DRINKING,,,M,MALE,23.0,U,CA,,,1.0,PassengerCarStationWagonJeep,2005.0,MAZDA,Mazda3,BLK,,,,,,,,,,,,
675043,362059,2,Driver,,False,False,M,AIR BAG NOT DEPLOYED,G,OCCUPANT LAP SHOULDER HARNESS USED,CELL PHONE NOT IN USE,NONE APPARENT,,N,US101 N/B,65.0,B,PROCEEDING STRAIGHT,A,HAD NOT BEEN DRINKING,,,M,MALE,30.0,C,CA,H,HISPANIC,1.0,PassengerCarStationWagonJeep,2005.0,TOYO,PRIUS,BLU,,,,,,,,,,,,
675042,362059,1,Driver,True,False,False,M,AIR BAG NOT DEPLOYED,G,OCCUPANT LAP SHOULDER HARNESS USED,CELL PHONE NOT IN USE,NONE APPARENT,,N,US101 N/B,65.0,J,CHANGING LANES,A,HAD NOT BEEN DRINKING,,,M,MALE,26.0,C,CA,H,HISPANIC,22.0,PickupsAndPanels,2016.0,DODGE,RAM,GRY,,,,,,,,,,,,
675039,362056,2,Driver,,False,False,M,AIR BAG NOT DEPLOYED,G,OCCUPANT LAP SHOULDER HARNESS USED,CELL PHONE NOT IN USE,NONE APPARENT,,N,SR-85,65.0,B,PROCEEDING STRAIGHT,A,HAD NOT BEEN DRINKING,,,M,MALE,43.0,C,CA,W,WHITE,8.0,MiniVan,2007.0,KIA,Sedona,SIL,,,,,,,,,,,,
675038,362056,1,Driver,True,False,False,M,AIR BAG NOT DEPLOYED,G,OCCUPANT LAP SHOULDER HARNESS USED,CELL PHONE NOT IN USE,NONE APPARENT,,N,SR-85,65.0,J,CHANGING LANES,A,HAD NOT BEEN DRINKING,,,M,MALE,40.0,C,CA,W,WHITE,1.0,PassengerCarStationWagonJeep,2012.0,TOYT,Prius,BLK,,,,,,,,,,,,
674925,361995,1,Driver,True,False,False,L,AIR BAG DEPLOYED,G,OCCUPANT LAP SHOULDER HARNESS USED,CELL PHONE NOT IN USE,NONE APPARENT,,E,Mt Hamilton Rd,35.0,M,OTHER UNSAFE TURNING,G,IMPAIRMENT_NOT_KNOWN,,,M,MALE,26.0,C,CA,H,HISPANIC,7.0,SportUtilityVehicle,2003.0,ACUR,MDX,RED,,,,,,,,,,,,
674919,361991,2,Driver,,False,False,M,AIR BAG NOT DEPLOYED,G,OCCUPANT LAP SHOULDER HARNESS USED,CELL PHONE NOT IN USE,STOP & GO TRAFFIC,,S,I-280,65.0,H,SLOWING/STOPPING,A,HAD NOT BEEN DRINKING,,,F,FEMALE,35.0,C,CA,H,HISPANIC,1.0,PassengerCarStationWagonJeep,2014.0,HYUN,SONATA,RED,,,,,,,,,,,,
674918,361991,1,Driver,True,False,True,B,UNKNOWN,B,OCCUPANT UNKNOWN,CELL PHONE NOT IN USE,STOP & GO TRAFFIC,,S,I-280,65.0,B,PROCEEDING STRAIGHT,G,IMPAIRMENT_NOT_KNOWN,,,,,,,,,,99.0,OtherUnknownHitAndRunDriver,,,,,,,,,,,,,,,,
674902,361982,2,Driver,,False,False,M,AIR BAG NOT DEPLOYED,G,OCCUPANT LAP SHOULDER HARNESS USED,CELL PHONE NOT IN USE,NONE APPARENT,,E,SR-237 E/B FROM ZANKER ROAD,65.0,B,PROCEEDING STRAIGHT,A,HAD NOT BEEN DRINKING,,,M,MALE,53.0,C,CA,A,ASIAN,8.0,MiniVan,2006.0,MAZDA,MPZ,SIL,,,,,,,,,,,,
674901,361982,1,Driver,True,False,False,L,AIR BAG DEPLOYED,G,OCCUPANT LAP SHOULDER HARNESS USED,CELL PHONE NOT IN USE,NONE APPARENT,,E,SR-237 E/B FROM ZANKER ROAD,65.0,H,SLOWING/STOPPING,A,HAD NOT BEEN DRINKING,,,F,FEMALE,57.0,C,CA,H,HISPANIC,7.0,SportUtilityVehicle,2005.0,MITS,Enclave,GRY,,,,,,,,,,,,
674894,361978,2,Driver,,False,False,M,AIR BAG NOT DEPLOYED,G,OCCUPANT LAP SHOULDER HARNESS USED,CELL PHONE NOT IN USE,NONE APPARENT,,W,Moorpark Ave,35.0,B,PROCEEDING STRAIGHT,A,HAD NOT BEEN DRINKING,,,M,MALE,61.0,C,CA,H,HISPANIC,1.0,PassengerCarStationWagonJeep,2003.0,HOND,civic,WHI,,,,,,,,,,,,
674893,361978,1,Driver,True,False,False,M,AIR BAG NOT DEPLOYED,G,OCCUPANT LAP SHOULDER HARNESS USED,CELL PHONE NOT IN USE,NONE APPARENT,,E,Moorpark Ave,35.0,R,OTHER,A,HAD NOT BEEN DRINKING,,,F,FEMALE,31.0,C,CA,H,HISPANIC,22.0,PickupsAndPanels,2014.0,FORD,f-150,SIL,,,,,,,,,,,,
674868,361962,2,Driver,,False,False,M,AIR BAG NOT DEPLOYED,G,OCCUPANT LAP SHOULDER HARNESS USED,CELL PHONE NOT IN USE,NONE APPARENT,,S,I-280,65.0,B,PROCEEDING STRAIGHT,A,HAD NOT BEEN DRINKING,,,F,FEMALE,58.0,C,CA,W,WHITE,7.0,SportUtilityVehicle,2008.0,TOYT,Highlander,BLU,,,,,,,,,,,,
674867,361962,1,Driver,True,False,True,B,UNKNOWN,B,OCCUPANT UNKNOWN,CELL PHONE NOT IN USE,NONE APPARENT,,S,I-280,65.0,B,PROCEEDING STRAIGHT,A,HAD NOT BEEN DRINKING,,,,,,,,,,99.0,OtherUnknownHitAndRunDriver,,,,,,,,,,,,,,,,
674855,361951,2,Driver,,False,False,M,AIR BAG NOT DEPLOYED,G,OCCUPANT LAP SHOULDER HARNESS USED,CELL PHONE NOT IN USE,ENTERING OR LEAVING RAMP / NONE APPARENT,,N,I-280 N/B,65.0,B,PROCEEDING STRAIGHT,A,HAD NOT BEEN DRINKING,,,M,MALE,32.0,C,CA,O,OTHER,1.0,PassengerCarStationWagonJeep,2005.0,MERZ,sedan,BLK,,,,,,,,,,,,
674854,361951,1,Driver,True,False,False,M,AIR BAG NOT DEPLOYED,G,OCCUPANT LAP SHOULDER HARNESS USED,CELL PHONE NOT IN USE,ENTERING OR LEAVING RAMP / NONE APPARENT,,N,I-280,65.0,B,PROCEEDING STRAIGHT,A,HAD NOT BEEN DRINKING,,,M,MALE,28.0,C,CA,H,HISPANIC,1.0,PassengerCarStationWagonJeep,1998.0,VOLK,GOLF,GRY,,,,,,,,,,,,
674811,361929,2,Driver,,False,False,M,AIR BAG NOT DEPLOYED,G,OCCUPANT LAP SHOULDER HARNESS USED,CELL PHONE NOT IN USE,NONE APPARENT,,S,SR-85,65.0,A,STOPPED,A,HAD NOT BEEN DRINKING,,,M,MALE,52.0,C,CA,H,HISPANIC,22.0,PickupsAndPanels,2004.0,DODGE,1500,BLU,,,,,,,,,,,,
674810,361929,1,Driver,True,False,False,M,AIR BAG NOT DEPLOYED,G,OCCUPANT LAP SHOULDER HARNESS USED,CELL PHONE NOT IN USE,NONE APPARENT,,S,SR-85,65.0,B,PROCEEDING STRAIGHT,A,HAD NOT BEEN DRINKING,,,F,FEMALE,26.0,C,CA,A,ASIAN,1.0,PassengerCarStationWagonJeep,2010.0,HONDA,ACCORD,BLU,,,,,,,,,,,,
673909,361429,2,Driver,,False,False,M,AIR BAG NOT DEPLOYED,G,OCCUPANT LAP SHOULDER HARNESS USED,CELL PHONE NOT IN USE,NONE APPARENT,,S,SR-85,65.0,B,PROCEEDING STRAIGHT,A,HAD NOT BEEN DRINKING,,,F,FEMALE,65.0,C,CA,H,HISPANIC,1.0,PassengerCarStationWagonJeep,2014.0,TOYO,YARIS,SIL,,,,,,,,,,,,
673908,361429,1,Driver,True,False,True,B,UNKNOWN,B,OCCUPANT UNKNOWN,CELL PHONE NOT IN USE,NONE APPARENT,,S,SR-85,65.0,R,OTHER,G,IMPAIRMENT_NOT_KNOWN,,,,,,,,,,99.0,OtherUnknownHitAndRunDriver,,,,,,,,,,,,,,,,
673869,361399,2,Driver,,False,False,M,AIR BAG NOT DEPLOYED,G,OCCUPANT LAP SHOULDER HARNESS USED,CELL PHONE NOT IN USE,NONE APPARENT,,S,SR-85,65.0,A,STOPPED,A,HAD NOT BEEN DRINKING,,,F,FEMALE,49.0,C,CA,O,OTHER,1.0,PassengerCarStationWagonJeep,1998.0,ACURA,3.0cl,GRN,,,,,,,,,,,,
673868,361399,1,Driver,True,False,False,M,AIR BAG NOT DEPLOYED,G,OCCUPANT LAP SHOULDER HARNESS USED,CELL PHONE NOT IN USE,NONE APPARENT,,S,SR-85,65.0,B,PROCEEDING STRAIGHT,A,HAD NOT BEEN DRINKING,,,M,MALE,23.0,U,CA,H,HISPANIC,1.0,PassengerCarStationWagonJeep,2010.0,CHEVY,IMPALA,SIL,,,,,,,,,,,,
12361980,3772684,3,Driver,,False,,M,AIR BAG NOT DEPLOYED,G,OCCUPANT LAP SHOULDER HARNESS USED,,NONE APPARENT,,E,,,A,STOPPED,A,HAD NOT BEEN DRINKING,,,M,MALE,,C,CA,A,ASIAN,,,2003.0,FORD,,,,,,,,,,,,,,
12361979,3772684,2,Driver,,False,,M,AIR BAG NOT DEPLOYED,G,OCCUPANT LAP SHOULDER HARNESS USED,,NONE APPARENT,,E,,,A,STOPPED,A,HAD NOT BEEN DRINKING,,,F,FEMALE,,C,CA,W,WHITE,,,2013.0,HYUN,,,,,,,,,,,,,,
12361978,3772684,1,Driver,True,False,,L,AIR BAG DEPLOYED,G,OCCUPANT LAP SHOULDER HARNESS USED,,INATTENTION,OTHER,E,,,B,PROCEEDING STRAIGHT,A,HAD NOT BEEN DRINKING,,,M,MALE,,C,CA,A,ASIAN,,,2002.0,TOYO,,,,,,,,,,,,,,
12361977,3772683,2,Driver,,False,,L,AIR BAG DEPLOYED,G,OCCUPANT LAP SHOULDER HARNESS USED,CELL PHONE NOT IN USE,,,E,,,B,PROCEEDING STRAIGHT,A,HAD NOT BEEN DRINKING,,,F,FEMALE,,C,CA,H,HISPANIC,,,2001.0,BMWX,,,,,,,,,,,,,,
12361976,3772683,1,Driver,True,False,,L,AIR BAG DEPLOYED,G,OCCUPANT LAP SHOULDER HARNESS USED,CELL PHONE NOT IN USE,,,W,,,E,MAKING LEFT TURN,A,HAD NOT BEEN DRINKING,,,F,FEMALE,,C,CA,W,WHITE,,,2015.0,BUIC,,,,,,,,,,,,,,
12361973,3772681,2,Bicyclist,,False,,,,,,,,,E,,,B,PROCEEDING STRAIGHT,G,IMPAIRMENT_NOT_KNOWN,,,M,MALE,,,,H,HISPANIC,4.0,Bicycle,,,,,,,,,,,,,,,,
12361972,3772681,1,Driver,True,False,,M,AIR BAG NOT DEPLOYED,G,OCCUPANT LAP SHOULDER HARNESS USED,,VC SECTION VIOLATED - 14601,,W,,,E,MAKING LEFT TURN,A,HAD NOT BEEN DRINKING,,,F,FEMALE,,,CA,H,HISPANIC,,,2002.0,FORD,,,,,,,,,,,,,,
12361969,3772679,2,Driver,,False,,,,,,CELL PHONE NOT IN USE,,,N,,,E,MAKING LEFT TURN,A,HAD NOT BEEN DRINKING,,,F,FEMALE,,C,CA,O,OTHER,,,2014.0,SUBA,,,,,,,,,,,,,,
12361968,3772679,1,Driver,True,False,,,,,,CELL PHONE NOT IN USE,,,W,,,B,PROCEEDING STRAIGHT,A,HAD NOT BEEN DRINKING,,,F,FEMALE,,C,CA,O,OTHER,,,2008.0,TOYO,,,,,,,,,,,,,,
12361965,3772677,2,Driver,,False,,,,G,OCCUPANT LAP SHOULDER HARNESS USED,,NONE APPARENT,,W,,,B,PROCEEDING STRAIGHT,A,HAD NOT BEEN DRINKING,,,F,FEMALE,,,CA,A,ASIAN,,,2003.0,HOND,,,,,,,,,,,,,,
12361964,3772677,1,Driver,,False,,,,G,OCCUPANT LAP SHOULDER HARNESS USED,,,,N,,,E,MAKING LEFT TURN,A,HAD NOT BEEN DRINKING,,,M,MALE,,,CA,A,ASIAN,,,2014.0,HOND,,,,,,,,,,,,,,
12361958,3772673,3,Driver,,False,,,,,,CELL PHONE NOT IN USE,NONE APPARENT,,S,,,A,STOPPED,G,IMPAIRMENT_NOT_KNOWN,,,F,FEMALE,,,,,,,,,,,,,,,,,,,,,,,
12361957,3772673,2,Driver,,False,,M,AIR BAG NOT DEPLOYED,G,OCCUPANT LAP SHOULDER HARNESS USED,CELL PHONE NOT IN USE,NONE APPARENT,,S,,,A,STOPPED,A,HAD NOT BEEN DRINKING,,,M,MALE,,C,CA,,,,,,HOND,,,,,,,,,,,,,,
12361956,3772673,1,Driver,True,False,,M,AIR BAG NOT DEPLOYED,G,OCCUPANT LAP SHOULDER HARNESS USED,CELL PHONE NOT IN USE,VC SECTION VIOLATED - 22350,,S,,,B,PROCEEDING STRAIGHT,A,HAD NOT BEEN DRINKING,,,M,MALE,,C,CA,,,,,2002.0,ACUR,,,,,,,,,,,,,,
12361953,3772671,3,Driver,,False,,,,,,,NONE APPARENT,,N,,,A,STOPPED,G,IMPAIRMENT_NOT_KNOWN,,,F,FEMALE,,,,A,ASIAN,,,2012.0,TOYO,,,,,,,,,,,,,,
12361952,3772671,2,Driver,,False,,M,AIR BAG NOT DEPLOYED,G,OCCUPANT LAP SHOULDER HARNESS USED,,NONE APPARENT,,N,,,A,STOPPED,A,HAD NOT BEEN DRINKING,,,M,MALE,,C,CA,A,ASIAN,,,1994.0,TOYO,,,,,,,,,,,,,,
12361951,3772671,1,Driver,True,False,,M,AIR BAG NOT DEPLOYED,G,OCCUPANT LAP SHOULDER HARNESS USED,,NONE APPARENT,,N,,,B,PROCEEDING STRAIGHT,A,HAD NOT BEEN DRINKING,,,M,MALE,,,,A,ASIAN,,,2011.0,BMWX,,,,,,,,,,,,,,
12361948,3772669,1,Driver,True,False,,,,,,,NONE APPARENT,,W,,,B,PROCEEDING STRAIGHT,B,HBD-UNDER INFLUENCE,,,M,MALE,,,CA,B,BLACK,,,1984.0,FORD,,,,,,,,,,,,,,
12361946,3772667,2,Driver,,False,,M,AIR BAG NOT DEPLOYED,G,OCCUPANT LAP SHOULDER HARNESS USED,,,,E,,,B,PROCEEDING STRAIGHT,A,HAD NOT BEEN DRINKING,,,F,FEMALE,,C,CA,H,HISPANIC,,,2001.0,HOND,,,,,,,,,,,,,,
12361945,3772667,1,Driver,True,False,,M,AIR BAG NOT DEPLOYED,G,OCCUPANT LAP SHOULDER HARNESS USED,,,,N,,,E,MAKING LEFT TURN,A,HAD NOT BEEN DRINKING,,,F,FEMALE,,C,CA,A,ASIAN,,,2003.0,MERB,,,,,,,,,,,,,,
12361942,3772665,2,Driver,,False,,L,AIR BAG DEPLOYED,,,,NONE APPARENT,,E,,,B,PROCEEDING STRAIGHT,A,HAD NOT BEEN DRINKING,,,M,MALE,,C,CA,B,BLACK,,,2002.0,PORS,,,,,,,,,,,,,,
12361941,3772665,1,Driver,True,False,,L,AIR BAG DEPLOYED,,,,RUNAWAY VEHICLE,,S,,,B,PROCEEDING STRAIGHT,B,HBD-UNDER INFLUENCE,,,M,MALE,,C,CA,A,ASIAN,,,2009.0,HOND,,,,,,,,,,,,,,
12361938,3772663,2,Driver,,False,,M,AIR BAG NOT DEPLOYED,G,OCCUPANT LAP SHOULDER HARNESS USED,,NONE APPARENT,,W,,,E,MAKING LEFT TURN,H,NOT APPLICABLE,,,M,MALE,,C,CA,W,WHITE,,,2001.0,CHEV,,,,,,,,,,,,,,
12361937,3772663,1,Driver,True,False,,L,AIR BAG DEPLOYED,G,OCCUPANT LAP SHOULDER HARNESS USED,,NONE APPARENT,,S,,,B,PROCEEDING STRAIGHT,H,NOT APPLICABLE,,,F,FEMALE,,C,CA,B,BLACK,,,1997.0,HOND,,,,,,,,,,,,,,
12361931,3772659,2,Driver,,False,,M,AIR BAG NOT DEPLOYED,G,OCCUPANT LAP SHOULDER HARNESS USED,,NONE APPARENT,,S,,,H,SLOWING/STOPPING,H,NOT APPLICABLE,,,F,FEMALE,,C,CA,A,ASIAN,,,2002.0,MAZD,,,,,,,,,,,,,,
12361930,3772659,1,Driver,True,False,,M,AIR BAG NOT DEPLOYED,G,OCCUPANT LAP SHOULDER HARNESS USED,,NONE APPARENT,,S,,,B,PROCEEDING STRAIGHT,H,NOT APPLICABLE,,,M,MALE,,C,CA,H,HISPANIC,,,1990.0,FORD,,,,,,,,,,,,,,