PartyId,CollisionId,PartyNumber,PartyType,IsAtFault,IsOnDutyEmergencyVehicle,IsHitAndRun,AirbagCode,AirbagDescription,SafetyEquipmentCode,SafetyEquipmentDescription,Special Information,Other Associate Factor,Inattention,DirectionOfTravel,StreetOrHighwayName,SpeedLimit,MovementPrecCollCode,MovementPrecCollDescription,SobrietyDrugPhysicalCode1,SobrietyDrugPhysicalDescription1,SobrietyDrugPhysicalCode2,SobrietyDrugPhysicalDescription2,GenderCode,GenderDescription,StatedAge,DriverLicenseClass,DriverLicenseStateCode,RaceCode,RaceDesc,Vehicle1TypeId, Vehicle1TypeDesc, Vehicle1Year,Vehicle1Make,Vehicle1Model,Vehicle1Color,V1IsVehicleTowed,Vehicle2TypeId, Vehicle2TypeDesc, Vehicle2Year,Vehicle2Make,Vehicle2Model,Vehicle2Color,V2IsVehicleTowed,Lane,ThruLanes,TotalLanes,IsDREConducted
12451008,3816600,1,Driver,True,False,,,,,,,NONE APPARENT,,E,,,B,PROCEEDING STRAIGHT,G,IMPAIRMENT_NOT_KNOWN,,,,,,,,,,,,,,,,,,,,,,,,,,,
12451001,3816596,3,Driver,,False,,M,AIR BAG NOT DEPLOYED,G,OCCUPANT LAP SHOULDER HARNESS USED,,,,N,,,A,STOPPED,,,,,M,MALE,,,,W,WHITE,,,2016.0,MAZD,,,,,,,,,,,,,,
12451000,3816596,2,Driver,,False,,M,AIR BAG NOT DEPLOYED,G,OCCUPANT LAP SHOULDER HARNESS USED,,,,N,,,A,STOPPED,,,,,F,FEMALE,,B,CA,H,HISPANIC,,,2012.0,HOND,,,,,,,,,,,,,,
12450999,3816596,1,Driver,True,False,,,,,,,,,,,,B,PROCEEDING STRAIGHT,,,,,,,,,,,,,,,,,,,,,,,,,,,,,
12450994,3816593,3,ParkedVehicle,,False,,,,,,,,,W,,,O,PARKED,,,,,,,,,,,,,,2009.0,LEXU,,,,,,,,,,,,,,
12450993,3816593,2,ParkedVehicle,,False,,,,,,,,,W,,,O,PARKED,,,,,,,,,,,,,,2013.0,HOND,,,,,,,,,,,,,,
12450992,3816593,1,Driver,True,False,,M,AIR BAG NOT DEPLOYED,G,OCCUPANT LAP SHOULDER HARNESS USED,,VC SECTION VIOLATED - 23153,,W,,,,,B,HBD-UNDER INFLUENCE,,,M,MALE,,C,CA,H,HISPANIC,,,2003.0,SUBA,,,,,,,,,,,,,,
12450991,3816592,2,Driver,,False,,,,,,,,,,,,B,PROCEEDING STRAIGHT,G,IMPAIRMENT_NOT_KNOWN,,,,,,,,,,,,,,,,,,,,,,,,,,,
12450990,3816592,1,Pedestrian,True,False,,,,,,,,,W,,,B,PROCEEDING STRAIGHT,G,IMPAIRMENT_NOT_KNOWN,,,F,FEMALE,,,,H,HISPANIC,60.0,Pedestrian,,,,,,,,,,,,,,,,
12450987,3816590,2,Driver,,False,,N,OTHER,G,OCCUPANT LAP SHOULDER HARNESS USED,,VC SECTION VIOLATED - 20001,,W,,,B,PROCEEDING STRAIGHT,A,HAD NOT BEEN DRINKING,,,M,MALE,,A,CA,B,BLACK,,,1990.0,BUIC,,,,,,,,,,,,,,
12450986,3816590,1,Driver,True,False,,L,AIR BAG DEPLOYED,,,,NONE APPARENT,,E,,,E,MAKING LEFT TURN,D,HBD-IMPAIRMENT UNKNOWN,,,M,MALE,,,,H,HISPANIC,,,2012.0,CHEV,,,,,,,,,,,,,,
12450985,3816589,2,Driver,True,False,,,,,,,NONE APPARENT,,W,,,J,CHANGING LANES,G,IMPAIRMENT_NOT_KNOWN,,,,,,,,,,,,,,,,,,,,,,,,,,,
12450984,3816589,1,Driver,,False,,,,,,,NONE APPARENT,,W,,,B,PROCEEDING STRAIGHT,A,HAD NOT BEEN DRINKING,,,F,FEMALE,,C,CA,H,HISPANIC,,,2007.0,TOYO,,,,,,,,,,,,,,
12450983,3816588,2,ParkedVehicle,,False,,,,,,CELL PHONE NOT IN USE,NONE APPARENT,,,,,O,PARKED,H,NOT APPLICABLE,,,,,,,,,,,,1999.0,FORD,,,,,,,,,,,,,,
12450982,3816588,1,Driver,True,False,,L,AIR BAG DEPLOYED,B,OCCUPANT UNKNOWN,CELL PHONE NOT IN USE,VC SECTION VIOLATED - 20002 / OTHER,,E,,,B,PROCEEDING STRAIGHT,F,IMPAIRMENT-PHYSICAL,,,M,MALE,,C,CA,H,HISPANIC,,,2005.0,PONT,,,,,,,,,,,,,,
12450977,3816585,2,Driver,,False,,,,,,,NONE APPARENT,,,,,B,PROCEEDING STRAIGHT,A,HAD NOT BEEN DRINKING,,,M,MALE,,C,CA,W,WHITE,,,2012.0,FORD,,,,,,,,,,,,,,
12450976,3816585,1,Driver,True,False,,,,,,,VC SECTION VIOLATED - 22450 / NONE APPARENT,,,,,B,PROCEEDING STRAIGHT,C,HBD-NOT UNDER INFLUENCE,,,M,MALE,,C,CA,H,HISPANIC,,,2002.0,MAZD,,,,,,,,,,,,,,
12450971,3816582,2,Driver,,False,,M,AIR BAG NOT DEPLOYED,G,OCCUPANT LAP SHOULDER HARNESS USED,CELL PHONE NOT IN USE,NONE APPARENT,,S,,,B,PROCEEDING STRAIGHT,C,HBD-NOT UNDER INFLUENCE,,,M,MALE,,C,CA,B,BLACK,,,2001.0,HOND,,,,,,,,,,,,,,
12450970,3816582,1,Pedestrian,True,False,,,,,,CELL PHONE NOT IN USE,NONE APPARENT,,,,,B,PROCEEDING STRAIGHT,G,IMPAIRMENT_NOT_KNOWN,,,M,MALE,,,,B,BLACK,60.0,Pedestrian,,,,,,,,,,,,,,,,
12450964,3816579,2,Bicyclist,,False,,,,,,,,,W,,,B,PROCEEDING STRAIGHT,A,HAD NOT BEEN DRINKING,,,M,MALE,,,,H,HISPANIC,4.0,Bicycle,,,,,,,,,,,,,,,,
12450963,3816579,1,Driver,True,False,,,,,,,,,N,,,L,ENTERING TRAFFICD,G,IMPAIRMENT_NOT_KNOWN,,,F,FEMALE,,,CA,A,ASIAN,,,2009.0,HOND,,,,,,,,,,,,,,
12450960,3816577,3,Driver,,False,,,,,,,NONE APPARENT,,E,,,B,PROCEEDING STRAIGHT,G,IMPAIRMENT_NOT_KNOWN,,,,,,,,,,,,,,,,,,,,,,,,,,,
12450959,3816577,2,Driver,,False,,M,AIR BAG NOT DEPLOYED,G,OCCUPANT LAP SHOULDER HARNESS USED,,NONE APPARENT,,E,,,A,STOPPED,A,HAD NOT BEEN DRINKING,,,F,FEMALE,,C,CA,A,ASIAN,,,,FORD,,,,,,,,,,,,,,
12450958,3816577,1,Driver,True,False,,L,AIR BAG DEPLOYED,G,OCCUPANT LAP SHOULDER HARNESS USED,,NONE APPARENT,,E,,,B,PROCEEDING STRAIGHT,A,HAD NOT BEEN DRINKING,,,F,FEMALE,,C,CA,O,OTHER,,,2010.0,FORD,,,,,,,,,,,,,,
12450952,3816573,2,Driver,,False,,M,AIR BAG NOT DEPLOYED,G,OCCUPANT LAP SHOULDER HARNESS USED,,NONE APPARENT,,S,,,A,STOPPED,A,HAD NOT BEEN DRINKING,,,M,MALE,,C,CA,H,HISPANIC,,,2005.0,NISS,,,,,,,,,,,,,,
12450951,3816573,1,Driver,True,False,,,,,,,NONE APPARENT,,S,,,B,PROCEEDING STRAIGHT,G,IMPAIRMENT_NOT_KNOWN,,,M,MALE,,,,H,HISPANIC,,,,HOND,,,,,,,,,,,,,,
12450842,3816517,2,Driver,,False,,M,AIR BAG NOT DEPLOYED,G,OCCUPANT LAP SHOULDER HARNESS USED,,,,W,,,B,PROCEEDING STRAIGHT,A,HAD NOT BEEN DRINKING,,,M,MALE,,C,CA,H,HISPANIC,,,2008.0,CHRY,,,,,,,,,,,,,,
12450841,3816517,1,Driver,True,False,,M,AIR BAG NOT DEPLOYED,G,OCCUPANT LAP SHOULDER HARNESS USED,,,,S,,,D,MAKING RIGHT TURN,A,HAD NOT BEEN DRINKING,,,M,MALE,,C,CA,H,HISPANIC,,,1997.0,PLYM,,,,,,,,,,,,,,
12450840,3816516,3,Driver,,False,,M,AIR BAG NOT DEPLOYED,G,OCCUPANT LAP SHOULDER HARNESS USED,CELL PHONE NOT IN USE,NONE APPARENT,,W,,,B,PROCEEDING STRAIGHT,A,HAD NOT BEEN DRINKING,,,M,MALE,,C,CA,B,BLACK,,,1999.0,CHEV,,,,,,,,,,,,,,
12450839,3816516,2,Driver,,False,,M,AIR BAG NOT DEPLOYED,G,OCCUPANT LAP SHOULDER HARNESS USED,CELL PHONE NOT IN USE,NONE APPARENT,,E,,,B,PROCEEDING STRAIGHT,A,HAD NOT BEEN DRINKING,,,F,FEMALE,,C,CA,A,ASIAN,,,2008.0,TOYO,,,,,,,,,,,,,,
12450838,3816516,1,Driver,True,False,,M,AIR BAG NOT DEPLOYED,G,OCCUPANT LAP SHOULDER HARNESS USED,CELL PHONE NOT IN USE,NONE APPARENT,,W,,,E,MAKING LEFT TURN,A,HAD NOT BEEN DRINKING,,,M,MALE,,C,CA,H,HISPANIC,,,,CHEV,,,,,,,,,,,,,,
12450833,3816513,2,Driver,,False,,L,AIR BAG DEPLOYED,G,OCCUPANT LAP SHOULDER HARNESS USED,,NONE APPARENT,,N,,,B,PROCEEDING STRAIGHT,A,HAD NOT BEEN DRINKING,,,F,FEMALE,,C,CA,O,OTHER,,,2013.0,MERC,,,,,,,,,,,,,,
12450832,3816513,1,Driver,True,False,,,,G,OCCUPANT LAP SHOULDER HARNESS USED,,NONE APPARENT,,E,,,E,MAKING LEFT TURN,A,HAD NOT BEEN DRINKING,,,M,MALE,,C,CA,,,,,2007.0,SAAB,,,,,,,,,,,,,,
12450827,3816510,2,Driver,,False,,,,G,OCCUPANT LAP SHOULDER HARNESS USED,,,,E,,,B,PROCEEDING STRAIGHT,A,HAD NOT BEEN DRINKING,,,F,FEMALE,,C,CA,H,HISPANIC,,,2000.0,TOYO,,,,,,,,,,,,,,
12450826,3816510,1,Driver,True,False,,,,G,OCCUPANT LAP SHOULDER HARNESS USED,,,,S,,,B,PROCEEDING STRAIGHT,A,HAD NOT BEEN DRINKING,,,M,MALE,,C,CA,A,ASIAN,,,2006.0,TOYO,,,,,,,,,,,,,,
12450825,3816509,2,Driver,,False,,L,AIR BAG DEPLOYED,G,OCCUPANT LAP SHOULDER HARNESS USED,,VC SECTION VIOLATED - 12951 A / NONE APPARENT,,S,,,B,PROCEEDING STRAIGHT,A,HAD NOT BEEN DRINKING,,,M,MALE,,C,CA,B,BLACK,,,1997.0,TOYO,,,,,,,,,,,,,,
12450824,3816509,1,Driver,True,False,,M,AIR BAG NOT DEPLOYED,G,OCCUPANT LAP SHOULDER HARNESS USED,,NONE APPARENT,,E,,,B,PROCEEDING STRAIGHT,A,HAD NOT BEEN DRINKING,,,M,MALE,,C,CA,H,HISPANIC,,,1996.0,MERB,,,,,,,,,,,,,,
12450819,3816506,2,Other,,False,,,,,,,NONE APPARENT,,N,,,B,PROCEEDING STRAIGHT,A,HAD NOT BEEN DRINKING,,,,,,,,,,,,,,,,,,,,,,,,,,,
12450818,3816506,1,Driver,True,False,,M,AIR BAG NOT DEPLOYED,G,OCCUPANT LAP SHOULDER HARNESS USED,,OTHER,,W,,,E,MAKING LEFT TURN,A,HAD NOT BEEN DRINKING,,,F,FEMALE,,C,CA,,,,,2014.0,TOYO,,,,,,,,,,,,,,
12450817,3816505,3,Driver,,False,,M,AIR BAG NOT DEPLOYED,G,OCCUPANT LAP SHOULDER HARNESS USED,,ENTERING OR LEAVING RAMP,,N,,,A,STOPPED,A,HAD NOT BEEN DRINKING,,,M,MALE,,C,CA,,,,,2009.0,ACUR,,,,,,,,,,,,,,
12450816,3816505,2,Driver,,False,,M,AIR BAG NOT DEPLOYED,G,OCCUPANT LAP SHOULDER HARNESS USED,,ENTERING OR LEAVING RAMP,,N,,,A,STOPPED,A,HAD NOT BEEN DRINKING,,,F,FEMALE,,C,CA,,,,,2010.0,NISS,,,,,,,,,,,,,,
12450815,3816505,1,Driver,True,False,,M,AIR BAG NOT DEPLOYED,G,OCCUPANT LAP SHOULDER HARNESS USED,,ENTERING OR LEAVING RAMP,,N,,,B,PROCEEDING STRAIGHT,A,HAD NOT BEEN DRINKING,,,M,MALE,,C,CA,H,HISPANIC,,,1997.0,FORD,,,,,,,,,,,,,,
12450811,3816502,2,Driver,,False,,M,AIR BAG NOT DEPLOYED,G,OCCUPANT LAP SHOULDER HARNESS USED,,,,N,,,B,PROCEEDING STRAIGHT,A,HAD NOT BEEN DRINKING,,,F,FEMALE,,C,CA,W,WHITE,,,2008.0,CHEV,,,,,,,,,,,,,,
12450810,3816502,1,Driver,True,False,,M,AIR BAG NOT DEPLOYED,G,OCCUPANT LAP SHOULDER HARNESS USED,,,,E,,,E,MAKING LEFT TURN,A,HAD NOT BEEN DRINKING,,,F,FEMALE,,C,CA,W,WHITE,,,2008.0,FORD,,,,,,,,,,,,,,
12450809,3816501,2,Driver,,False,,M,AIR BAG NOT DEPLOYED,G,OCCUPANT LAP SHOULDER HARNESS USED,,,,N,,,B,PROCEEDING STRAIGHT,A,HAD NOT BEEN DRINKING,,,M,MALE,,C,CA,H,HISPANIC,,,2002.0,MAZD,,,,,,,,,,,,,,
12450808,3816501,1,Driver,True,False,,M,AIR BAG NOT DEPLOYED,G,OCCUPANT LAP SHOULDER HARNESS USED,,,,W,,,E,MAKING LEFT TURN,A,HAD NOT BEEN DRINKING,,,M,MALE,,C,CA,W,WHITE,,,1994.0,DODG,,,,,,,,,,,,,,
12450804,3816498,2,Driver,,False,,,,,,,NONE APPARENT,,E,,,A,STOPPED,A,HAD NOT BEEN DRINKING,,,M,MALE,,C,CA,H,HISPANIC,,,2003.0,FORD,,,,,,,,,,,,,,
12450803,3816498,1,Driver,True,False,,,,G,OCCUPANT LAP SHOULDER HARNESS USED,,VC SECTION VIOLATED - 22350,,E,,,B,PROCEEDING STRAIGHT,B,HBD-UNDER INFLUENCE,,,F,FEMALE,,C,CA,H,HISPANIC,,,2001.0,VOLK,,,,,,,,,,,,,,
12450802,3816497,2,Driver,,False,,L,AIR BAG DEPLOYED,G,OCCUPANT LAP SHOULDER HARNESS USED,,NONE APPARENT,,N,,,B,PROCEEDING STRAIGHT,A,HAD NOT BEEN DRINKING,,,F,FEMALE,,C,CA,A,ASIAN,,,2012.0,HOND,,,,,,,,,,,,,,
12450801,3816497,1,Driver,True,False,,M,AIR BAG NOT DEPLOYED,G,OCCUPANT LAP SHOULDER HARNESS USED,,NONE APPARENT,,S,,,M,OTHER UNSAFE TURNING,A,HAD NOT BEEN DRINKING,,,M,MALE,,C,CA,A,ASIAN,,,1989.0,VOLV,,,,,,,,,,,,,,
12450797,3816494,2,Pedestrian,,False,,,,,,CELL PHONE NOT IN USE,NONE APPARENT,,N,,,B,PROCEEDING STRAIGHT,A,HAD NOT BEEN DRINKING,,,F,FEMALE,,,,,,60.0,Pedestrian,,,,,,,,,,,,,,,,
12450796,3816494,1,Driver,True,False,,M,AIR BAG NOT DEPLOYED,G,OCCUPANT LAP SHOULDER HARNESS USED,CELL PHONE NOT IN USE,VC SECTION VIOLATED - 24002 / VISION OBSCUREMENT,,W,,,B,PROCEEDING STRAIGHT,A,HAD NOT BEEN DRINKING,,,M,MALE,,,,H,HISPANIC,,,2000.0,HOND,,,,,,,,,,,,,,
12450795,3816493,2,Pedestrian,,False,,,,,,,NONE APPARENT,,N,,,B,PROCEEDING STRAIGHT,A,HAD NOT BEEN DRINKING,,,M,MALE,,,,,,60.0,Pedestrian,,,,,,,,,,,,,,,,
12450794,3816493,1,Driver,,False,,,,,,,NONE APPARENT,,S,,,B,PROCEEDING STRAIGHT,G,IMPAIRMENT_NOT_KNOWN,,,,,,,,,,,,,CHRY,,,,,,,,,,,,,,
12450789,3816490,2,Driver,,False,,L,AIR BAG DEPLOYED,Y,MOTOR BICYCLE PASSENGER WITH HELMET,,NONE APPARENT,,S,,,B,PROCEEDING STRAIGHT,H,NOT APPLICABLE,,,F,FEMALE,,C,CA,,,,,2002.0,HOND,,,,,,,,,,,,,,
12450788,3816490,1,Driver,True,False,,M,AIR BAG NOT DEPLOYED,Y,MOTOR BICYCLE PASSENGER WITH HELMET,,INATTENTION,OTHER,N,,,E,MAKING LEFT TURN,H,NOT APPLICABLE,,,M,MALE,,C,CA,H,HISPANIC,,,2001.0,CHEV,,,,,,,,,,,,,,
12450787,3816489,1,Driver,True,False,,,,,,,,,S,,,B,PROCEEDING STRAIGHT,G,IMPAIRMENT_NOT_KNOWN,,,M,MALE,,,CA,H,HISPANIC,,,2008.0,LINC,,,,,,,,,,,,,,
12450782,3816486,2,Driver,,False,,,,,,,STOP & GO TRAFFIC,,E,,,A,STOPPED,A,HAD NOT BEEN DRINKING,,,M,MALE,,C,CA,W,WHITE,,,2015.0,FORD,,,,,,,,,,,,,,
12450781,3816486,1,Driver,True,False,,,,,,,STOP & GO TRAFFIC,,E,,,B,PROCEEDING STRAIGHT,A,HAD NOT BEEN DRINKING,,,M,MALE,,C,CA,W,WHITE,,,2012.0,HOND,,,,,,,,,,,,,,
12450780,3816485,2,Driver,,False,,,,,,,NONE APPARENT,,E,,,E,MAKING LEFT TURN,H,NOT APPLICABLE,,,M,MALE,,C,CA,,,,,2006.0,LEXU,,,,,,,,,,,,,,
12450779,3816485,1,Driver,True,False,,,,,,,INATTENTION,OTHER,S,,,B,PROCEEDING STRAIGHT,H,NOT APPLICABLE,,,M,MALE,,C,CA,,,,,2015.0,TOYO,,,,,,,,,,,,,,
12450774,3816482,3,ParkedVehicle,,False,,,,,,,,,E,,,O,PARKED,H,NOT APPLICABLE,,,,,,,,,,,,2000.0,CHEV,,,,,,,,,,,,,,
12450773,3816482,2,ParkedVehicle,,False,,,,,,,,,E,,,O,PARKED,H,NOT APPLICABLE,,,,,,,,,,,,1999.0,HOND,,,,,,,,,,,,,,
12450772,3816482,1,Driver,True,False,,L,AIR BAG DEPLOYED,G,OCCUPANT LAP SHOULDER HARNESS USED,CELL PHONE NOT IN USE,,,,,,D,MAKING RIGHT TURN,A,HAD NOT BEEN DRINKING,,,M,MALE,,,CA,W,WHITE,,,2003.0,BMWX,,,,,,,,,,,,,,
12450771,3816481,1,Driver,,False,,L,AIR BAG DEPLOYED,G,OCCUPANT LAP SHOULDER HARNESS USED,CELL PHONE NOT IN USE,OTHER,,N,,,C,RAN OFF ROAD,A,HAD NOT BEEN DRINKING,,,F,FEMALE,,C,CA,A,ASIAN,,,2016.0,HOND,,,,,,,,,,,,,,
12450768,3816478,1,Driver,True,False,,M,AIR BAG NOT DEPLOYED,G,OCCUPANT LAP SHOULDER HARNESS USED,CELL PHONE NOT IN USE,,,W,,,B,PROCEEDING STRAIGHT,A,HAD NOT BEEN DRINKING,,,M,MALE,,C,CA,W,WHITE,,,2009.0,TOYO,,,,,,,,,,,,,,
12450767,3816477,2,Driver,,False,,M,AIR BAG NOT DEPLOYED,G,OCCUPANT LAP SHOULDER HARNESS USED,,,,W,,,A,STOPPED,A,HAD NOT BEEN DRINKING,,,F,FEMALE,,C,CA,A,ASIAN,,,2000.0,LEXU,,,,,,,,,,,,,,
12450766,3816477,1,Driver,True,False,,M,AIR BAG NOT DEPLOYED,G,OCCUPANT LAP SHOULDER HARNESS USED,,,,W,,,B,PROCEEDING STRAIGHT,A,HAD NOT BEEN DRINKING,,,F,FEMALE,,C,CA,B,BLACK,,,2001.0,MERC,,,,,,,,,,,,,,
12450763,3816475,2,Driver,,False,,,,G,OCCUPANT LAP SHOULDER HARNESS USED,,,,N,,,A,STOPPED,A,HAD NOT BEEN DRINKING,,,U,UNKNOWN,,C,CA,H,HISPANIC,,,2015.0,VOLK,,,,,,,,,,,,,,
12450762,3816475,1,Driver,True,False,,,,G,OCCUPANT LAP SHOULDER HARNESS USED,,,,N,,,B,PROCEEDING STRAIGHT,A,HAD NOT BEEN DRINKING,,,M,MALE,,C,CA,W,WHITE,,,2010.0,FORD,,,,,,,,,,,,,,
12450761,3816474,3,ParkedVehicle,,False,,,,,,,NONE APPARENT,,,,,O,PARKED,,,,,,,,,,,,,,2000.0,MERC,,,,,,,,,,,,,,
12450760,3816474,2,ParkedVehicle,,False,,,,,,,NONE APPARENT,,,,,O,PARKED,,,,,,,,,,,,,,2001.0,VOLK,,,,,,,,,,,,,,
12450759,3816474,1,Driver,True,False,,M,AIR BAG NOT DEPLOYED,G,OCCUPANT LAP SHOULDER HARNESS USED,,DEFECTIVE VEHICLE EQUIPMENT,,S,,,B,PROCEEDING STRAIGHT,A,HAD NOT BEEN DRINKING,,,M,MALE,,C,CA,H,HISPANIC,,,2012.0,FORD,,,,,,,,,,,,,,
12450758,3816473,2,Driver,,False,,M,AIR BAG NOT DEPLOYED,G,OCCUPANT LAP SHOULDER HARNESS USED,CELL PHONE NOT IN USE,NONE APPARENT,,W,,,D,MAKING RIGHT TURN,A,HAD NOT BEEN DRINKING,,,M,MALE,,C,CA,W,WHITE,,,,MINI,,,,,,,,,,,,,,
12450757,3816473,1,Bicyclist,True,False,,,,,,CELL PHONE NOT IN USE,NONE APPARENT,,S,,,Q,TRAVELLING WRONG WAY,A,HAD NOT BEEN DRINKING,,,M,MALE,,,,H,HISPANIC,4.0,Bicycle,,,,,,,,,,,,,,,,
12450754,3816471,2,Driver,,False,,,,C,OCCUPANT LAP BELT USED,,,,W,,,A,STOPPED,A,HAD NOT BEEN DRINKING,,,M,MALE,,C,CA,H,HISPANIC,,,2002.0,VOLK,,,,,,,,,,,,,,
12450753,3816471,1,Driver,True,False,,,,G,OCCUPANT LAP SHOULDER HARNESS USED,,,,N,,,F,MAKING U TURN,A,HAD NOT BEEN DRINKING,,,M,MALE,,C,CA,O,OTHER,,,2008.0,LEXU,,,,,,,,,,,,,,
12450752,3816470,2,Bicyclist,,False,,,,,,CELL PHONE NOT IN USE,,,S,,,B,PROCEEDING STRAIGHT,A,HAD NOT BEEN DRINKING,,,M,MALE,,,,W,WHITE,4.0,Bicycle,,,,,,,,,,,,,,,,
12450751,3816470,1,Driver,True,False,,M,AIR BAG NOT DEPLOYED,G,OCCUPANT LAP SHOULDER HARNESS USED,CELL PHONE NOT IN USE,VC SECTION VIOLATED - 12500 A,,E,,,L,ENTERING TRAFFICD,A,HAD NOT BEEN DRINKING,,,M,MALE,,,,H,HISPANIC,,,2001.0,VOLK,,,,,,,,,,,,,,
12450750,3816469,2,Driver,,False,,M,AIR BAG NOT DEPLOYED,G,OCCUPANT LAP SHOULDER HARNESS USED,CELL PHONE NOT IN USE,,,S,,,A,STOPPED,A,HAD NOT BEEN DRINKING,,,F,FEMALE,,C,CA,H,HISPANIC,,,2010.0,CHEV,,,,,,,,,,,,,,
12450749,3816469,1,Driver,True,False,,,,,,,,,,,,B,PROCEEDING STRAIGHT,,,,,,,,,,,,,,,,,,,,,,,,,,,,,
12450744,3816466,2,Driver,,False,,M,AIR BAG NOT DEPLOYED,G,OCCUPANT LAP SHOULDER HARNESS USED,,,,E,,,B,PROCEEDING STRAIGHT,A,HAD NOT BEEN DRINKING,,,F,FEMALE,,,CA,A,ASIAN,,,2009.0,HOND,,,,,,,,,,,,,,
12450743,3816466,1,Bicyclist,True,False,,,,,,,INATTENTION,OTHER,N,,,A,STOPPED,A,HAD NOT BEEN DRINKING,,,M,MALE,,,,H,HISPANIC,4.0,Bicycle,,,,,,,,,,,,,,,,
12450742,3816465,1,Driver,,False,,L,AIR BAG DEPLOYED,G,OCCUPANT LAP SHOULDER HARNESS USED,,NONE APPARENT,,W,,,B,PROCEEDING STRAIGHT,,,,,M,MALE,,C,CA,,,,,2001.0,HOND,,,,,,,,,,,,,,
12450741,3816464,2,Driver,,False,,M,AIR BAG NOT DEPLOYED,B,OCCUPANT UNKNOWN,,,,N,,,B,PROCEEDING STRAIGHT,A,HAD NOT BEEN DRINKING,,,M,MALE,,C,CA,H,HISPANIC,,,2006.0,TOYO,,,,,,,,,,,,,,
12450740,3816464,1,Driver,True,False,,L,AIR BAG DEPLOYED,B,OCCUPANT UNKNOWN,,,,E,,,B,PROCEEDING STRAIGHT,C,HBD-NOT UNDER INFLUENCE,,,M,MALE,,,CA,W,WHITE,,,2008.0,VOLK,,,,,,,,,,,,,,
12450739,3816463,3,Driver,,False,,,,,,,NONE APPARENT,,N,,,B,PROCEEDING STRAIGHT,A,HAD NOT BEEN DRINKING,,,M,MALE,,C,CA,H,HISPANIC,,,,TOYO,,,,,,,,,,,,,,
12450738,3816463,2,Driver,,False,,,,,,,NONE APPARENT,,S,,,F,MAKING U TURN,A,HAD NOT BEEN DRINKING,,,F,FEMALE,,C,CA,H,HISPANIC,,,2012.0,TOYO,,,,,,,,,,,,,,
12450737,3816463,1,Driver,True,False,,,,,,,NONE APPARENT,,S,,,B,PROCEEDING STRAIGHT,A,HAD NOT BEEN DRINKING,,,F,FEMALE,,C,CA,H,HISPANIC,,,2007.0,GMCX,,,,,,,,,,,,,,
12450736,3816462,2,Pedestrian,,False,,,,,,,,,,,,,,H,NOT APPLICABLE,,,F,FEMALE,,,,A,ASIAN,60.0,Pedestrian,,,,,,,,,,,,,,,,
12450735,3816462,1,Other,,False,,,,,,,OTHER,,S,,,G,BACKING,H,NOT APPLICABLE,,,,,,,,,,,,2006.0,SUBA,,,,,,,,,,,,,,
12450731,3816460,2,Driver,,False,,L,AIR BAG DEPLOYED,G,OCCUPANT LAP SHOULDER HARNESS USED,,,,N,,,B,PROCEEDING STRAIGHT,A,HAD NOT BEEN DRINKING,,,M,MALE,,C,CA,,,,,2004.0,HOND,,,,,,,,,,,,,,
12450730,3816460,1,Driver,True,False,,M,AIR BAG NOT DEPLOYED,G,OCCUPANT LAP SHOULDER HARNESS USED,,,,W,,,E,MAKING LEFT TURN,A,HAD NOT BEEN DRINKING,,,F,FEMALE,,,,H,HISPANIC,,,2001.0,GMCX,,,,,,,,,,,,,,
12450727,3816458,2,Driver,,False,,M,AIR BAG NOT DEPLOYED,G,OCCUPANT LAP SHOULDER HARNESS USED,CELL PHONE NOT IN USE,,,W,,,H,SLOWING/STOPPING,H,NOT APPLICABLE,,,M,MALE,,C,CA,A,ASIAN,,,2001.0,LEXU,,,,,,,,,,,,,,
12450726,3816458,1,Driver,True,False,,M,AIR BAG NOT DEPLOYED,G,OCCUPANT LAP SHOULDER HARNESS USED,CELL PHONE NOT IN USE,VC SECTION VIOLATED - 12500 A,,W,,,H,SLOWING/STOPPING,H,NOT APPLICABLE,,,M,MALE,,C,CA,H,HISPANIC,,,2015.0,CHEV,,,,,,,,,,,,,,
12450723,3816456,2,Driver,True,False,,,,,,,,,,,,B,PROCEEDING STRAIGHT,A,HAD NOT BEEN DRINKING,,,F,FEMALE,,,CA,W,WHITE,,,2013.0,LAND,,,,,,,,,,,,,,
12450722,3816456,1,Driver,,False,,M,AIR BAG NOT DEPLOYED,G,OCCUPANT LAP SHOULDER HARNESS USED,,,,W,,,B,PROCEEDING STRAIGHT,A,HAD NOT BEEN DRINKING,,,F,FEMALE,,C,CA,W,WHITE,,,2000.0,PLYM,,,,,,,,,,,,,,
12450721,3816455,2,Driver,,False,,M,AIR BAG NOT DEPLOYED,G,OCCUPANT LAP SHOULDER HARNESS USED,,NONE APPARENT,,S,,,B,PROCEEDING STRAIGHT,A,HAD NOT BEEN DRINKING,,,M,MALE,,C,CA,W,WHITE,,,2006.0,HOND,,,,,,,,,,,,,,
12450720,3816455,1,Driver,,False,,M,AIR BAG NOT DEPLOYED,G,OCCUPANT LAP SHOULDER HARNESS USED,,NONE APPARENT,,W,,,E,MAKING LEFT TURN,A,HAD NOT BEEN DRINKING,,,F,FEMALE,,,,H,HISPANIC,,,2004.0,HOND,,,,,,,,,,,,,,
12450719,3816454,2,Driver,,False,,L,AIR BAG DEPLOYED,G,OCCUPANT LAP SHOULDER HARNESS USED,,,,S,,,E,MAKING LEFT TURN,A,HAD NOT BEEN DRINKING,,,M,MALE,,C,CA,W,WHITE,,,2013.0,HYUN,,,,,,,,,,,,,,
12450718,3816454,1,Driver,True,False,,M,AIR BAG NOT DEPLOYED,G,OCCUPANT LAP SHOULDER HARNESS USED,,,,W,,,B,PROCEEDING STRAIGHT,A,HAD NOT BEEN DRINKING,,,F,FEMALE,,C,CA,A,ASIAN,,,2013.0,TOYO,,,,,,,,,,,,,,
12450715,3816452,2,Driver,,False,,M,AIR BAG NOT DEPLOYED,G,OCCUPANT LAP SHOULDER HARNESS USED,CELL PHONE NOT IN USE,NONE APPARENT,,N,,,B,PROCEEDING STRAIGHT,A,HAD NOT BEEN DRINKING,,,F,FEMALE,,C,CA,,,,,2001.0,HOND,,,,,,,,,,,,,,