PartyId,CollisionId,PartyNumber,PartyType,IsAtFault,IsOnDutyEmergencyVehicle,IsHitAndRun,AirbagCode,AirbagDescription,SafetyEquipmentCode,SafetyEquipmentDescription,Special Information,Other Associate Factor,Inattention,DirectionOfTravel,StreetOrHighwayName,SpeedLimit,MovementPrecCollCode,MovementPrecCollDescription,SobrietyDrugPhysicalCode1,SobrietyDrugPhysicalDescription1,SobrietyDrugPhysicalCode2,SobrietyDrugPhysicalDescription2,GenderCode,GenderDescription,StatedAge,DriverLicenseClass,DriverLicenseStateCode,RaceCode,RaceDesc,Vehicle1TypeId, Vehicle1TypeDesc, Vehicle1Year,Vehicle1Make,Vehicle1Model,Vehicle1Color,V1IsVehicleTowed,Vehicle2TypeId, Vehicle2TypeDesc, Vehicle2Year,Vehicle2Make,Vehicle2Model,Vehicle2Color,V2IsVehicleTowed,Lane,ThruLanes,TotalLanes,IsDREConducted
12450714,3816452,1,Driver,True,False,,L,AIR BAG DEPLOYED,G,OCCUPANT LAP SHOULDER HARNESS USED,CELL PHONE NOT IN USE,NONE APPARENT,,W,,,E,MAKING LEFT TURN,A,HAD NOT BEEN DRINKING,,,F,FEMALE,,C,CA,H,HISPANIC,,,2004.0,BMWX,,,,,,,,,,,,,,
12450713,3816451,2,Driver,,False,,M,AIR BAG NOT DEPLOYED,G,OCCUPANT LAP SHOULDER HARNESS USED,CELL PHONE NOT IN USE,STOP & GO TRAFFIC,,S,,,A,STOPPED,A,HAD NOT BEEN DRINKING,,,M,MALE,,C,CA,A,ASIAN,,,2013.0,FORD,,,,,,,,,,,,,,
12450712,3816451,1,Driver,True,False,,M,AIR BAG NOT DEPLOYED,G,OCCUPANT LAP SHOULDER HARNESS USED,CELL PHONE NOT IN USE,STOP & GO TRAFFIC,,S,,,B,PROCEEDING STRAIGHT,A,HAD NOT BEEN DRINKING,,,M,MALE,,C,CA,W,WHITE,,,2000.0,HOND,,,,,,,,,,,,,,
12450711,3816450,2,Pedestrian,,False,,,,,,,VC SECTION VIOLATED - 21956,,,,,R,OTHER,A,HAD NOT BEEN DRINKING,,,M,MALE,,,,W,WHITE,60.0,Pedestrian,,,,,,,,,,,,,,,,
12450710,3816450,1,Driver,True,False,,M,AIR BAG NOT DEPLOYED,G,OCCUPANT LAP SHOULDER HARNESS USED,,,,N,,,B,PROCEEDING STRAIGHT,A,HAD NOT BEEN DRINKING,,,M,MALE,,C,CA,W,WHITE,,,2004.0,SUBA,,,,,,,,,,,,,,
12450707,3816448,2,Driver,,False,,P,NOT REQUIRED,,,CELL PHONE NOT IN USE,VC SECTION VIOLATED,,S,,,B,PROCEEDING STRAIGHT,A,HAD NOT BEEN DRINKING,,,M,MALE,,,,H,HISPANIC,,,2009.0,YAMA,,,,,,,,,,,,,,
12450706,3816448,1,Driver,True,False,,M,AIR BAG NOT DEPLOYED,G,OCCUPANT LAP SHOULDER HARNESS USED,CELL PHONE NOT IN USE,NONE APPARENT,,E,,,E,MAKING LEFT TURN,A,HAD NOT BEEN DRINKING,,,F,FEMALE,,C,CA,H,HISPANIC,,,1986.0,JEEP,,,,,,,,,,,,,,
12450705,3816447,2,Pedestrian,,False,,,,,,,,,,,,R,OTHER,A,HAD NOT BEEN DRINKING,,,M,MALE,,,,H,HISPANIC,60.0,Pedestrian,,,,,,,,,,,,,,,,
12450704,3816447,1,Driver,,False,,M,AIR BAG NOT DEPLOYED,G,OCCUPANT LAP SHOULDER HARNESS USED,,,,E,,,B,PROCEEDING STRAIGHT,A,HAD NOT BEEN DRINKING,,,M,MALE,,C,CA,W,WHITE,,,2016.0,CHEV,,,,,,,,,,,,,,
12450703,3816446,2,Driver,,False,,M,AIR BAG NOT DEPLOYED,G,OCCUPANT LAP SHOULDER HARNESS USED,CELL PHONE NOT IN USE,NONE APPARENT,,S,,,B,PROCEEDING STRAIGHT,A,HAD NOT BEEN DRINKING,,,M,MALE,,C,CA,,,,,1996.0,TOYO,,,,,,,,,,,,,,
12450702,3816446,1,Pedestrian,True,False,,,,,,,NONE APPARENT,,,,,R,OTHER,G,IMPAIRMENT_NOT_KNOWN,,,M,MALE,,,,B,BLACK,60.0,Pedestrian,,,,,,,,,,,,,,,,
12450700,3816444,2,Driver,,False,,,,G,OCCUPANT LAP SHOULDER HARNESS USED,,,,N,,,,,,,,,M,MALE,,C,CA,H,HISPANIC,,,2014.0,CHEV,,,,,,,,,,,,,,
12450699,3816444,1,Driver,True,False,,M,AIR BAG NOT DEPLOYED,G,OCCUPANT LAP SHOULDER HARNESS USED,,VC SECTION VIOLATED - 14601 1,,S,,,B,PROCEEDING STRAIGHT,A,HAD NOT BEEN DRINKING,,,F,FEMALE,,,CA,H,HISPANIC,,,2005.0,NISS,,,,,,,,,,,,,,
12450698,3816443,2,Pedestrian,,False,,,,,,,NONE APPARENT,,W,,,,,G,IMPAIRMENT_NOT_KNOWN,,,M,MALE,,,,H,HISPANIC,60.0,Pedestrian,,,,,,,,,,,,,,,,
12450697,3816443,1,Driver,True,False,,,,,,,NONE APPARENT,,N,,,G,BACKING,A,HAD NOT BEEN DRINKING,,,M,MALE,,C,CA,W,WHITE,,,2011.0,TOYO,,,,,,,,,,,,,,
12450696,3816442,2,Driver,,False,,N,OTHER,Y,MOTOR BICYCLE PASSENGER WITH HELMET,,NONE APPARENT,,S,,,A,STOPPED,A,HAD NOT BEEN DRINKING,,,F,FEMALE,,C,CA,B,BLACK,,,2001.0,HOND,,,,,,,,,,,,,,
12450695,3816442,1,Driver,True,False,,,,Y,MOTOR BICYCLE PASSENGER WITH HELMET,,INATTENTION,OTHER,S,,,B,PROCEEDING STRAIGHT,A,HAD NOT BEEN DRINKING,,,F,FEMALE,,C,CA,H,HISPANIC,,,2012.0,NISS,,,,,,,,,,,,,,
12463026,3822444,2,Bicyclist,,False,,,,,,,,,E,,,B,PROCEEDING STRAIGHT,A,HAD NOT BEEN DRINKING,,,F,FEMALE,,,,H,HISPANIC,4.0,Bicycle,,,,,,,,,,,,,,,,
12463025,3822444,1,Driver,True,False,,M,AIR BAG NOT DEPLOYED,G,OCCUPANT LAP SHOULDER HARNESS USED,,,,S,,,P,MERGING,A,HAD NOT BEEN DRINKING,,,M,MALE,,C,CA,W,WHITE,,,2014.0,FORD,,,,,,,,,,,,,,
12463024,3822443,2,Driver,True,False,,L,AIR BAG DEPLOYED,G,OCCUPANT LAP SHOULDER HARNESS USED,,STOP & GO TRAFFIC,,N,,,B,PROCEEDING STRAIGHT,,,,,F,FEMALE,,C,CA,H,HISPANIC,,,2001.0,TOYO,,,,,,,,,,,,,,
12463023,3822443,1,Driver,,False,,L,AIR BAG DEPLOYED,G,OCCUPANT LAP SHOULDER HARNESS USED,,STOP & GO TRAFFIC,,W,,,E,MAKING LEFT TURN,,,,,F,FEMALE,,C,CA,H,HISPANIC,,,1997.0,VOLK,,,,,,,,,,,,,,
12463022,3822442,2,ParkedVehicle,,False,,,,,,,NONE APPARENT,,,,,O,PARKED,,,,,,,,,,,,,,2000.0,GMCX,,,,,,,,,,,,,,
12463021,3822442,1,Driver,True,False,,L,AIR BAG DEPLOYED,G,OCCUPANT LAP SHOULDER HARNESS USED,,INATTENTION,OTHER,W,,,B,PROCEEDING STRAIGHT,A,HAD NOT BEEN DRINKING,,,M,MALE,,C,CA,,,,,2002.0,HOND,,,,,,,,,,,,,,
12462680,3822283,2,Driver,,False,,M,AIR BAG NOT DEPLOYED,G,OCCUPANT LAP SHOULDER HARNESS USED,,NONE APPARENT,,S,,,H,SLOWING/STOPPING,A,HAD NOT BEEN DRINKING,,,M,MALE,,C,CA,W,WHITE,,,2014.0,GMCX,,,,,,,,,,,,,,
12462679,3822283,1,Driver,True,False,,M,AIR BAG NOT DEPLOYED,G,OCCUPANT LAP SHOULDER HARNESS USED,,INATTENTION,OTHER,S,,,B,PROCEEDING STRAIGHT,A,HAD NOT BEEN DRINKING,,,F,FEMALE,,C,CA,B,BLACK,,,2007.0,HOND,,,,,,,,,,,,,,
12462678,3822282,1,Driver,True,False,,P,NOT REQUIRED,,,CELL PHONE NOT IN USE,,,N,,,B,PROCEEDING STRAIGHT,A,HAD NOT BEEN DRINKING,,,M,MALE,,,CA,W,WHITE,,,2011.0,HARL,,,,,,,,,,,,,,
12462677,3822281,1,Driver,True,False,,M,AIR BAG NOT DEPLOYED,G,OCCUPANT LAP SHOULDER HARNESS USED,CELL PHONE NOT IN USE,,,S,,,B,PROCEEDING STRAIGHT,A,HAD NOT BEEN DRINKING,,,M,MALE,,,CA,H,HISPANIC,,,2005.0,FORD,,,,,,,,,,,,,,
12462676,3822280,2,Driver,,False,,M,AIR BAG NOT DEPLOYED,G,OCCUPANT LAP SHOULDER HARNESS USED,,NONE APPARENT,,S,,,B,PROCEEDING STRAIGHT,H,NOT APPLICABLE,,,F,FEMALE,,,,H,HISPANIC,,,2007.0,VOLK,,,,,,,,,,,,,,
12462675,3822280,1,Driver,True,False,,M,AIR BAG NOT DEPLOYED,G,OCCUPANT LAP SHOULDER HARNESS USED,,INATTENTION,OTHER,S,,,E,MAKING LEFT TURN,H,NOT APPLICABLE,,,M,MALE,,C,CA,H,HISPANIC,,,2012.0,CHEV,,,,,,,,,,,,,,
12462674,3822279,2,Driver,,False,,M,AIR BAG NOT DEPLOYED,B,OCCUPANT UNKNOWN,CELL PHONE NOT IN USE,NONE APPARENT,,W,,,D,MAKING RIGHT TURN,A,HAD NOT BEEN DRINKING,,,F,FEMALE,,,CA,H,HISPANIC,,,2013.0,FORD,,,,,,,,,,,,,,
12462673,3822279,1,Driver,True,False,,M,AIR BAG NOT DEPLOYED,H,OCCUPANT LAP SHOULDER HARNESS NOT USED,CELL PHONE NOT IN USE,NONE APPARENT,,W,,,B,PROCEEDING STRAIGHT,A,HAD NOT BEEN DRINKING,,,M,MALE,,C,CA,H,HISPANIC,,,2002.0,SUZU,,,,,,,,,,,,,,
12462672,3822278,2,Driver,,False,,,,,,,NONE APPARENT,,E,,,B,PROCEEDING STRAIGHT,A,HAD NOT BEEN DRINKING,,,F,FEMALE,,C,CA,W,WHITE,,,2011.0,BUIC,,,,,,,,,,,,,,
12462671,3822278,1,Driver,True,False,,,,,,,NONE APPARENT,,N,,,B,PROCEEDING STRAIGHT,A,HAD NOT BEEN DRINKING,,,M,MALE,,C,CA,W,WHITE,,,2008.0,TOYO,,,,,,,,,,,,,,
12462670,3822277,2,Driver,,False,,M,AIR BAG NOT DEPLOYED,G,OCCUPANT LAP SHOULDER HARNESS USED,,,,E,,,A,STOPPED,A,HAD NOT BEEN DRINKING,,,F,FEMALE,,C,CA,W,WHITE,,,2005.0,SCIO,,,,,,,,,,,,,,
12462669,3822277,1,Driver,,False,,M,AIR BAG NOT DEPLOYED,G,OCCUPANT LAP SHOULDER HARNESS USED,,,,E,,,B,PROCEEDING STRAIGHT,A,HAD NOT BEEN DRINKING,,,M,MALE,,A,CA,H,HISPANIC,,,2016.0,FORD,,,,,,,,,,,,,,
12462668,3822276,2,Pedestrian,,False,,,,,,,NONE APPARENT,,N,,,B,PROCEEDING STRAIGHT,A,HAD NOT BEEN DRINKING,,,M,MALE,,,,A,ASIAN,60.0,Pedestrian,,,,,,,,,,,,,,,,
12462667,3822276,1,Driver,,False,,,,,,,NONE APPARENT,,S,,,E,MAKING LEFT TURN,A,HAD NOT BEEN DRINKING,,,M,MALE,,C,CA,H,HISPANIC,22.0,PickupsAndPanels,1997.0,CHEV,,,,,,,,,,,,,,
12462666,3822275,2,Driver,,False,,M,AIR BAG NOT DEPLOYED,G,OCCUPANT LAP SHOULDER HARNESS USED,CELL PHONE NOT IN USE,NONE APPARENT,,N,,,B,PROCEEDING STRAIGHT,A,HAD NOT BEEN DRINKING,,,F,FEMALE,,C,CA,H,HISPANIC,,,2005.0,DODG,,,,,,,,,,,,,,
12462665,3822275,1,Driver,True,False,,M,AIR BAG NOT DEPLOYED,G,OCCUPANT LAP SHOULDER HARNESS USED,CELL PHONE NOT IN USE,NONE APPARENT,,S,,,E,MAKING LEFT TURN,A,HAD NOT BEEN DRINKING,,,M,MALE,,C,CA,H,HISPANIC,,,2012.0,MITS,,,,,,,,,,,,,,
12462664,3822274,2,Driver,,False,,,,G,OCCUPANT LAP SHOULDER HARNESS USED,,NONE APPARENT,,S,,,A,STOPPED,A,HAD NOT BEEN DRINKING,,,F,FEMALE,,C,CA,W,WHITE,,,2008.0,AUDI,,,,,,,,,,,,,,
12462663,3822274,1,Driver,True,False,,,,G,OCCUPANT LAP SHOULDER HARNESS USED,,,,S,,,B,PROCEEDING STRAIGHT,A,HAD NOT BEEN DRINKING,,,F,FEMALE,,C,CA,A,ASIAN,,,2008.0,HOND,,,,,,,,,,,,,,
12462662,3822273,3,ParkedVehicle,,False,,,,,,,,,,,,O,PARKED,,,,,,,,,,,,,,2010.0,HOND,,,,,,,,,,,,,,
12462661,3822273,2,ParkedVehicle,,False,,,,,,,,,,,,O,PARKED,,,,,,,,,,,,,,2003.0,FORD,,,,,,,,,,,,,,
12462660,3822273,1,Driver,True,False,,M,AIR BAG NOT DEPLOYED,G,OCCUPANT LAP SHOULDER HARNESS USED,,,,E,,,B,PROCEEDING STRAIGHT,I,SLEEPY/FATIGUED,,,M,MALE,,C,CA,A,ASIAN,,,2015.0,TOYO,,,,,,,,,,,,,,
12462659,3822272,2,Driver,,False,,M,AIR BAG NOT DEPLOYED,G,OCCUPANT LAP SHOULDER HARNESS USED,,,,S,,,B,PROCEEDING STRAIGHT,C,HBD-NOT UNDER INFLUENCE,,,M,MALE,,C,CA,W,WHITE,,,2015.0,TOYO,,,,,,,,,,,,,,
12462658,3822272,1,Driver,True,False,,M,AIR BAG NOT DEPLOYED,G,OCCUPANT LAP SHOULDER HARNESS USED,,,,S,,,B,PROCEEDING STRAIGHT,C,HBD-NOT UNDER INFLUENCE,,,M,MALE,,F,TX,W,WHITE,,,2002.0,PORS,,,,,,,,,,,,,,
12462657,3822271,3,ParkedVehicle,,False,,,,,,,,,,,,,,,,,,,,,,,,,,,2002.0,DODG,,,,,,,,,,,,,,
12462656,3822271,2,ParkedVehicle,,False,,,,,,,,,,,,,,,,,,,,,,,,,,,2000.0,DODG,,,,,,,,,,,,,,
12462655,3822271,1,Driver,True,False,,M,AIR BAG NOT DEPLOYED,G,OCCUPANT LAP SHOULDER HARNESS USED,,VC SECTION VIOLATED - 22107 / INATTENTION,OTHER,W,,,B,PROCEEDING STRAIGHT,A,HAD NOT BEEN DRINKING,,,M,MALE,,C,CA,H,HISPANIC,,,1996.0,ACUR,,,,,,,,,,,,,,
12462654,3822270,2,Driver,,False,,M,AIR BAG NOT DEPLOYED,G,OCCUPANT LAP SHOULDER HARNESS USED,,,,N,,,A,STOPPED,A,HAD NOT BEEN DRINKING,,,M,MALE,,,CA,W,WHITE,,,2014.0,FORD,,,,,,,,,,,,,,
12462653,3822270,1,Driver,True,False,,M,AIR BAG NOT DEPLOYED,G,OCCUPANT LAP SHOULDER HARNESS USED,CELL PHONE HANDHELD IN USE,,,N,,,A,STOPPED,A,HAD NOT BEEN DRINKING,,,M,MALE,,,,H,HISPANIC,22.0,PickupsAndPanels,1997.0,FORD,,,,,,,,,,,,,,
12462652,3822269,2,Driver,,False,,L,AIR BAG DEPLOYED,G,OCCUPANT LAP SHOULDER HARNESS USED,,NONE APPARENT,,S,,,B,PROCEEDING STRAIGHT,A,HAD NOT BEEN DRINKING,,,M,MALE,,C,CA,W,WHITE,,,2005.0,FORD,,,,,,,,,,,,,,
12462651,3822269,1,Driver,True,False,,M,AIR BAG NOT DEPLOYED,G,OCCUPANT LAP SHOULDER HARNESS USED,,NONE APPARENT,,W,,,B,PROCEEDING STRAIGHT,A,HAD NOT BEEN DRINKING,,,M,MALE,,C,CA,,,,,2012.0,HYUN,,,,,,,,,,,,,,
12462650,3822268,2,Driver,,False,,P,NOT REQUIRED,W,MOTOR BICYCLE DRIVER WITH HELMET,CELL PHONE NOT IN USE,,,E,,,B,PROCEEDING STRAIGHT,A,HAD NOT BEEN DRINKING,,,M,MALE,,C,CA,W,WHITE,,,1990.0,HOND,,,,,,,,,,,,,,
12462649,3822268,1,Driver,True,False,,M,AIR BAG NOT DEPLOYED,G,OCCUPANT LAP SHOULDER HARNESS USED,CELL PHONE NOT IN USE,INATTENTION,OTHER,S,,,E,MAKING LEFT TURN,A,HAD NOT BEEN DRINKING,,,F,FEMALE,,C,CA,W,WHITE,,,2002.0,MERC,,,,,,,,,,,,,,
12462648,3822267,2,Driver,,False,,L,AIR BAG DEPLOYED,G,OCCUPANT LAP SHOULDER HARNESS USED,,NONE APPARENT,,S,,,B,PROCEEDING STRAIGHT,A,HAD NOT BEEN DRINKING,,,F,FEMALE,,C,CA,W,WHITE,,,2011.0,BMWX,,,,,,,,,,,,,,
12462647,3822267,1,Driver,True,False,,L,AIR BAG DEPLOYED,G,OCCUPANT LAP SHOULDER HARNESS USED,,NONE APPARENT,,E,,,E,MAKING LEFT TURN,A,HAD NOT BEEN DRINKING,,,F,FEMALE,,C,CA,W,WHITE,,,2014.0,HOND,,,,,,,,,,,,,,
12462646,3822266,2,Pedestrian,,False,,,,,,,,,S,,,B,PROCEEDING STRAIGHT,H,NOT APPLICABLE,,,M,MALE,,,,A,ASIAN,60.0,Pedestrian,,,,,,,,,,,,,,,,
12462645,3822266,1,Driver,True,False,,,,,,,INATTENTION,OTHER,N,,,E,MAKING LEFT TURN,H,NOT APPLICABLE,,,F,FEMALE,,C,CA,A,ASIAN,,,2009.0,HOND,,,,,,,,,,,,,,
12462644,3822265,2,Pedestrian,,False,,,,,,,,,S,,,B,PROCEEDING STRAIGHT,A,HAD NOT BEEN DRINKING,,,F,FEMALE,,,,H,HISPANIC,60.0,Pedestrian,,,,,,,,,,,,,,,,
12462643,3822265,1,Driver,True,False,,M,AIR BAG NOT DEPLOYED,H,OCCUPANT LAP SHOULDER HARNESS NOT USED,,VC SECTION VIOLATED - 16028 A / ENTERING OR LEAVING RAMP,,W,,,D,MAKING RIGHT TURN,A,HAD NOT BEEN DRINKING,,,F,FEMALE,,C,CA,H,HISPANIC,,,1997.0,FORD,,,,,,,,,,,,,,
12462642,3822264,2,Driver,,False,,M,AIR BAG NOT DEPLOYED,G,OCCUPANT LAP SHOULDER HARNESS USED,,,,N,,,B,PROCEEDING STRAIGHT,A,HAD NOT BEEN DRINKING,,,M,MALE,,C,CA,H,HISPANIC,,,2008.0,FORD,,,,,,,,,,,,,,
12462641,3822264,1,Driver,True,False,,M,AIR BAG NOT DEPLOYED,G,OCCUPANT LAP SHOULDER HARNESS USED,,VC SECTION VIOLATED - 22350,,N,,,P,MERGING,A,HAD NOT BEEN DRINKING,,,M,MALE,,C,CA,H,HISPANIC,,,2001.0,BMWX,,,,,,,,,,,,,,
12462638,3822262,2,Driver,,False,,,,,,,NONE APPARENT,,W,,,B,PROCEEDING STRAIGHT,A,HAD NOT BEEN DRINKING,,,F,FEMALE,,C,CA,W,WHITE,,,2004.0,FORD,,,,,,,,,,,,,,
12462637,3822262,1,Other,,False,,,,,,,INATTENTION,OTHER,E,,,L,ENTERING TRAFFICD,A,HAD NOT BEEN DRINKING,,,,,,,,,,,,,,,,,,,,,,,,,,,
12462632,3822259,2,Driver,,False,,M,AIR BAG NOT DEPLOYED,G,OCCUPANT LAP SHOULDER HARNESS USED,,NONE APPARENT,,E,,,B,PROCEEDING STRAIGHT,A,HAD NOT BEEN DRINKING,,,M,MALE,,C,CA,H,HISPANIC,,,2000.0,VOLK,,,,,,,,,,,,,,
12462631,3822259,1,Driver,True,False,,M,AIR BAG NOT DEPLOYED,G,OCCUPANT LAP SHOULDER HARNESS USED,,NONE APPARENT,,S,,,E,MAKING LEFT TURN,A,HAD NOT BEEN DRINKING,,,M,MALE,,C,CA,B,BLACK,,,2000.0,MERC,,,,,,,,,,,,,,
12462365,3822134,1,Driver,True,False,,M,AIR BAG NOT DEPLOYED,G,OCCUPANT LAP SHOULDER HARNESS USED,,NONE APPARENT,,N,,,B,PROCEEDING STRAIGHT,A,HAD NOT BEEN DRINKING,,,M,MALE,,C,CA,A,ASIAN,,,2007.0,NISS,,,,,,,,,,,,,,
12462361,3822131,2,Driver,,False,,M,AIR BAG NOT DEPLOYED,G,OCCUPANT LAP SHOULDER HARNESS USED,,NONE APPARENT,,N,,,B,PROCEEDING STRAIGHT,A,HAD NOT BEEN DRINKING,,,M,MALE,,C,CA,A,ASIAN,,,2013.0,BMWX,,,,,,,,,,,,,,
12462360,3822131,1,Driver,True,False,,L,AIR BAG DEPLOYED,G,OCCUPANT LAP SHOULDER HARNESS USED,,NONE APPARENT,,E,,,E,MAKING LEFT TURN,A,HAD NOT BEEN DRINKING,,,M,MALE,,C,CA,,,,,2011.0,HYUN,,,,,,,,,,,,,,
12462359,3822130,4,Pedestrian,,False,,,,,,,,,,,,,,,,,,F,FEMALE,,,,,,60.0,Pedestrian,2016.0,FIAT,,,,,,,,,,,,,,
12462358,3822130,3,ParkedVehicle,,False,,,,,,,,,,,,O,PARKED,,,,,,,,,,,,,,2002.0,GMCX,,,,,,,,,,,,,,
12462357,3822130,2,ParkedVehicle,,False,,,,,,,,,,,,O,PARKED,,,,,,,,,,,,,,2000.0,DODG,,,,,,,,,,,,,,
12462356,3822130,1,Driver,True,False,,,,,,,VC SECTION VIOLATED - 12500 A,,W,,,B,PROCEEDING STRAIGHT,,,,,M,MALE,,,,A,ASIAN,,,1995.0,TOYO,,,,,,,,,,,,,,
12462355,3822129,2,Driver,,False,,M,AIR BAG NOT DEPLOYED,B,OCCUPANT UNKNOWN,,,,N,,,A,STOPPED,A,HAD NOT BEEN DRINKING,,,F,FEMALE,,,CA,H,HISPANIC,,,2001.0,LEXU,,,,,,,,,,,,,,
12462354,3822129,1,Driver,True,False,,,,,,,,,,,,M,OTHER UNSAFE TURNING,G,IMPAIRMENT_NOT_KNOWN,,,F,FEMALE,,,CA,H,HISPANIC,,,1999.0,HOND,,,,,,,,,,,,,,
12462353,3822128,2,Bicyclist,,False,,,,,,,NONE APPARENT,,E,,,A,STOPPED,A,HAD NOT BEEN DRINKING,,,F,FEMALE,,,,W,WHITE,4.0,Bicycle,,,,,,,,,,,,,,,,
12462352,3822128,1,Driver,True,False,,,,,,,,,E,,,B,PROCEEDING STRAIGHT,G,IMPAIRMENT_NOT_KNOWN,,,,,,,,,,,,2008.0,FORD,,,,,,,,,,,,,,
12462351,3822127,2,Bicyclist,,False,,,,,,,,,N,,,,,,,,,M,MALE,,,,H,HISPANIC,4.0,Bicycle,,,,,,,,,,,,,,,,
12462350,3822127,1,Driver,True,False,,,,,,,,,N,,,,,,,,,M,MALE,,C,CA,H,HISPANIC,,,1996.0,SATU,,,,,,,,,,,,,,
12462349,3822126,2,ParkedVehicle,,False,,,,,,,,,W,,,O,PARKED,H,NOT APPLICABLE,,,,,,,,,,,,2005.0,VOLV,,,,,,,,,,,,,,
12462348,3822126,1,Driver,True,False,,,,G,OCCUPANT LAP SHOULDER HARNESS USED,,OTHER,,E,,,Q,TRAVELLING WRONG WAY,D,HBD-IMPAIRMENT UNKNOWN,,,M,MALE,,C,CA,W,WHITE,,,1999.0,MAZD,,,,,,,,,,,,,,
12462347,3822125,2,Pedestrian,,False,,,,,,,NONE APPARENT,,N,,,B,PROCEEDING STRAIGHT,A,HAD NOT BEEN DRINKING,,,M,MALE,,,,A,ASIAN,60.0,Pedestrian,,,,,,,,,,,,,,,,
12462346,3822125,1,Driver,True,False,,,,,,,NONE APPARENT,,N,,,D,MAKING RIGHT TURN,G,IMPAIRMENT_NOT_KNOWN,,,M,MALE,,,,A,ASIAN,,,2000.0,TOYO,,,,,,,,,,,,,,
12462345,3822124,2,Driver,,False,,M,AIR BAG NOT DEPLOYED,G,OCCUPANT LAP SHOULDER HARNESS USED,,NONE APPARENT,,E,,,A,STOPPED,A,HAD NOT BEEN DRINKING,,,F,FEMALE,,C,CA,B,BLACK,,,1997.0,TOYO,,,,,,,,,,,,,,
12462344,3822124,1,Driver,True,False,,,,,,,NONE APPARENT,,E,,,B,PROCEEDING STRAIGHT,G,IMPAIRMENT_NOT_KNOWN,,,M,MALE,,,,W,WHITE,,,1999.0,CHEV,,,,,,,,,,,,,,
12462343,3822123,2,Driver,,False,,M,AIR BAG NOT DEPLOYED,G,OCCUPANT LAP SHOULDER HARNESS USED,,NONE APPARENT,,W,,,H,SLOWING/STOPPING,A,HAD NOT BEEN DRINKING,,,F,FEMALE,,C,CA,H,HISPANIC,,,2006.0,NISS,,,,,,,,,,,,,,
12462342,3822123,1,Driver,,False,,M,AIR BAG NOT DEPLOYED,G,OCCUPANT LAP SHOULDER HARNESS USED,,INATTENTION,OTHER,W,,,B,PROCEEDING STRAIGHT,A,HAD NOT BEEN DRINKING,,,F,FEMALE,,C,CA,,,,,2003.0,DODG,,,,,,,,,,,,,,
12462341,3822122,2,Driver,,False,,,,,,,,,N,,,B,PROCEEDING STRAIGHT,A,HAD NOT BEEN DRINKING,,,F,FEMALE,,C,CA,H,HISPANIC,,,2015.0,HOND,,,,,,,,,,,,,,
12462340,3822122,1,Driver,True,False,,,,,,,,,S,,,E,MAKING LEFT TURN,A,HAD NOT BEEN DRINKING,,,M,MALE,,,,B,BLACK,,,1998.0,CHEV,,,,,,,,,,,,,,
12462339,3822121,3,Pedestrian,,False,,,,,,,,,,,,,,A,HAD NOT BEEN DRINKING,,,F,FEMALE,,,,H,HISPANIC,60.0,Pedestrian,,,,,,,,,,,,,,,,
12462338,3822121,2,Pedestrian,,False,,,,,,,,,N,,,,,A,HAD NOT BEEN DRINKING,,,M,MALE,,,,H,HISPANIC,60.0,Pedestrian,,,,,,,,,,,,,,,,
12462337,3822121,1,Driver,True,False,,,,G,OCCUPANT LAP SHOULDER HARNESS USED,,,,S,,,E,MAKING LEFT TURN,A,HAD NOT BEEN DRINKING,,,F,FEMALE,,C,CA,W,WHITE,,,2007.0,FORD,,,,,,,,,,,,,,
12462336,3822120,3,ParkedVehicle,,False,,,,,,,,,E,,,O,PARKED,H,NOT APPLICABLE,,,,,,,,,,,,1996.0,CHEV,,,,,,,,,,,,,,
12462335,3822120,2,ParkedVehicle,,False,,,,,,,,,E,,,O,PARKED,H,NOT APPLICABLE,,,,,,,,,,,,2008.0,NISS,,,,,,,,,,,,,,
12462334,3822120,1,Driver,True,False,,,,,,,VC SECTION VIOLATED - 21755 A,,E,,,P,MERGING,B,HBD-UNDER INFLUENCE,,,M,MALE,,,,H,HISPANIC,,,2007.0,BMWX,,,,,,,,,,,,,,
12462333,3822119,2,Driver,,False,,M,AIR BAG NOT DEPLOYED,G,OCCUPANT LAP SHOULDER HARNESS USED,,,,N,,,A,STOPPED,G,IMPAIRMENT_NOT_KNOWN,,,M,MALE,,C,CA,W,WHITE,,,2011.0,CHEV,,,,,,,,,,,,,,
12462332,3822119,1,Driver,True,False,,M,AIR BAG NOT DEPLOYED,G,OCCUPANT LAP SHOULDER HARNESS USED,,,,N,,,L,ENTERING TRAFFICD,G,IMPAIRMENT_NOT_KNOWN,,,F,FEMALE,,C,CA,W,WHITE,,,2013.0,HYUN,,,,,,,,,,,,,,
12462331,3822118,2,Driver,,False,,M,AIR BAG NOT DEPLOYED,G,OCCUPANT LAP SHOULDER HARNESS USED,,,,E,,,A,STOPPED,A,HAD NOT BEEN DRINKING,,,F,FEMALE,,,,H,HISPANIC,,,2000.0,HOND,,,,,,,,,,,,,,
12462330,3822118,1,Driver,True,False,,,,,,,VC SECTION VIOLATED - 20001,,E,,,B,PROCEEDING STRAIGHT,D,HBD-IMPAIRMENT UNKNOWN,,,,,,,,,,,,1998.0,TOYO,,,,,,,,,,,,,,
12462329,3822117,3,Driver,,False,,M,AIR BAG NOT DEPLOYED,E,OCCUPANT SHOULDER HARNESS USED,,,,E,,,A,STOPPED,A,HAD NOT BEEN DRINKING,,,F,FEMALE,,C,CA,W,WHITE,7.0,SportUtilityVehicle,2008.0,SATU,,,,,,,,,,,,,,
12462328,3822117,2,Driver,,False,,M,AIR BAG NOT DEPLOYED,E,OCCUPANT SHOULDER HARNESS USED,,,,E,,,A,STOPPED,A,HAD NOT BEEN DRINKING,,,F,FEMALE,,C,CA,W,WHITE,1.0,PassengerCarStationWagonJeep,2012.0,LINC,,,,,,,,,,,,,,
12462327,3822117,1,Driver,True,False,,L,AIR BAG DEPLOYED,E,OCCUPANT SHOULDER HARNESS USED,,,,N,,,B,PROCEEDING STRAIGHT,B,HBD-UNDER INFLUENCE,,,F,FEMALE,,C,CA,W,WHITE,1.0,PassengerCarStationWagonJeep,2006.0,MERB,,,,,,,,,,,,,,