PartyId,CollisionId,PartyNumber,PartyType,IsAtFault,IsOnDutyEmergencyVehicle,IsHitAndRun,AirbagCode,AirbagDescription,SafetyEquipmentCode,SafetyEquipmentDescription,Special Information,Other Associate Factor,Inattention,DirectionOfTravel,StreetOrHighwayName,SpeedLimit,MovementPrecCollCode,MovementPrecCollDescription,SobrietyDrugPhysicalCode1,SobrietyDrugPhysicalDescription1,SobrietyDrugPhysicalCode2,SobrietyDrugPhysicalDescription2,GenderCode,GenderDescription,StatedAge,DriverLicenseClass,DriverLicenseStateCode,RaceCode,RaceDesc,Vehicle1TypeId, Vehicle1TypeDesc, Vehicle1Year,Vehicle1Make,Vehicle1Model,Vehicle1Color,V1IsVehicleTowed,Vehicle2TypeId, Vehicle2TypeDesc, Vehicle2Year,Vehicle2Make,Vehicle2Model,Vehicle2Color,V2IsVehicleTowed,Lane,ThruLanes,TotalLanes,IsDREConducted
12600572,3890138,1,Driver,True,False,,,,,,,VC SECTION VIOLATED - 20002 / STOP & GO TRAFFIC,,N,,,B,PROCEEDING STRAIGHT,G,IMPAIRMENT_NOT_KNOWN,,,M,MALE,,,,H,HISPANIC,,,,,,,,,,,,,,,,,,
12600460,3890082,2,ParkedVehicle,,False,,,,,,,,,,,,,,,,,,,,,,,,,,,2002.0,HYUN,,,,,,,,,,,,,,
12600459,3890082,1,Driver,,False,,,,G,OCCUPANT LAP SHOULDER HARNESS USED,,,,,,,R,OTHER,D,HBD-IMPAIRMENT UNKNOWN,,,M,MALE,,C,CA,H,HISPANIC,,,1999.0,TOYO,,,,,,,,,,,,,,
12600444,3890074,2,Driver,,False,,M,AIR BAG NOT DEPLOYED,G,OCCUPANT LAP SHOULDER HARNESS USED,,NONE APPARENT,,W,,,H,SLOWING/STOPPING,A,HAD NOT BEEN DRINKING,,,F,FEMALE,,C,CA,W,WHITE,,,2007.0,CHEV,,,,,,,,,,,,,,
12600443,3890074,1,Driver,True,False,,L,AIR BAG DEPLOYED,G,OCCUPANT LAP SHOULDER HARNESS USED,,NONE APPARENT,,W,,,B,PROCEEDING STRAIGHT,A,HAD NOT BEEN DRINKING,,,M,MALE,,C,CA,H,HISPANIC,,,2004.0,NISS,,,,,,,,,,,,,,
12600436,3890070,2,Driver,,False,,L,AIR BAG DEPLOYED,G,OCCUPANT LAP SHOULDER HARNESS USED,CELL PHONE NOT IN USE,NONE APPARENT,,S,,,B,PROCEEDING STRAIGHT,A,HAD NOT BEEN DRINKING,,,F,FEMALE,,C,CA,H,HISPANIC,,,2012.0,CHEV,,,,,,,,,,,,,,
12600435,3890070,1,Driver,True,False,,L,AIR BAG DEPLOYED,G,OCCUPANT LAP SHOULDER HARNESS USED,CELL PHONE NOT IN USE,NONE APPARENT,,N,,,E,MAKING LEFT TURN,A,HAD NOT BEEN DRINKING,,,M,MALE,,C,CA,W,WHITE,,,2010.0,SUBA,,,,,,,,,,,,,,
12600424,3890065,1,Driver,True,False,,L,AIR BAG DEPLOYED,G,OCCUPANT LAP SHOULDER HARNESS USED,,,,E,,,C,RAN OFF ROAD,I,SLEEPY/FATIGUED,,,F,FEMALE,,C,CA,,,,,2008.0,HOND,,,,,,,,,,,,,,
12600420,3890062,2,Bicyclist,True,False,,,,,,,VC SECTION VIOLATED - 21950 B / ENTERING OR LEAVING RAMP,,S,,,B,PROCEEDING STRAIGHT,A,HAD NOT BEEN DRINKING,,,F,FEMALE,,,,A,ASIAN,4.0,Bicycle,,,,,,,,,,,,,,,,
12600419,3890062,1,Driver,,False,,M,AIR BAG NOT DEPLOYED,G,OCCUPANT LAP SHOULDER HARNESS USED,,NONE APPARENT,,W,,,D,MAKING RIGHT TURN,A,HAD NOT BEEN DRINKING,,,F,FEMALE,,C,CA,A,ASIAN,,,2006.0,SCIO,,,,,,,,,,,,,,
12600415,3890060,2,Driver,,False,,M,AIR BAG NOT DEPLOYED,G,OCCUPANT LAP SHOULDER HARNESS USED,,NONE APPARENT,,N,,,B,PROCEEDING STRAIGHT,A,HAD NOT BEEN DRINKING,,,M,MALE,,F,FL,O,OTHER,,,2011.0,BMWX,,,,,,,,,,,,,,
12600414,3890060,1,Driver,,False,,P,NOT REQUIRED,,,,INATTENTION,OTHER,N,,,D,MAKING RIGHT TURN,A,HAD NOT BEEN DRINKING,,,M,MALE,,M,CA,W,WHITE,2.0,Motorcycle,2015.0,KAWA,,,,,,,,,,,,,,
12600405,3890055,1,Driver,True,False,,M,AIR BAG NOT DEPLOYED,D,OCCUPANT LAP BELT NOT USED,,NONE APPARENT,,S,,,B,PROCEEDING STRAIGHT,A,HAD NOT BEEN DRINKING,,,M,MALE,,C,CA,B,BLACK,,,1998.0,FORD,,,,,,,,,,,,,,
12600398,3890051,2,Driver,,False,,P,NOT REQUIRED,W,MOTOR BICYCLE DRIVER WITH HELMET,CELL PHONE NOT IN USE,NONE APPARENT,,N,,,B,PROCEEDING STRAIGHT,A,HAD NOT BEEN DRINKING,,,M,MALE,,M,CA,W,WHITE,,,1973.0,OTMO,,,,,,,,,,,,,,
12600397,3890051,1,Driver,True,False,,M,AIR BAG NOT DEPLOYED,G,OCCUPANT LAP SHOULDER HARNESS USED,CELL PHONE NOT IN USE,INATTENTION,OTHER,S,,,E,MAKING LEFT TURN,A,HAD NOT BEEN DRINKING,,,F,FEMALE,,C,CA,W,WHITE,,,2001.0,SUBA,,,,,,,,,,,,,,
12600390,3890047,2,Driver,,False,,L,AIR BAG DEPLOYED,,,,NONE APPARENT,,E,,,E,MAKING LEFT TURN,A,HAD NOT BEEN DRINKING,,,M,MALE,,C,CA,H,HISPANIC,,,2016.0,CHEV,,,,,,,,,,,,,,
12600389,3890047,1,Driver,True,False,,L,AIR BAG DEPLOYED,G,OCCUPANT LAP SHOULDER HARNESS USED,,NONE APPARENT,,N,,,B,PROCEEDING STRAIGHT,A,HAD NOT BEEN DRINKING,,,M,MALE,,C,CA,,,,,2012.0,HOND,,,,,,,,,,,,,,
12600382,3890043,2,Driver,,False,,L,AIR BAG DEPLOYED,G,OCCUPANT LAP SHOULDER HARNESS USED,,NONE APPARENT,,S,,,B,PROCEEDING STRAIGHT,,,,,M,MALE,,C,CA,O,OTHER,,,2003.0,MERB,,,,,,,,,,,,,,
12600381,3890043,1,Driver,True,False,,L,AIR BAG DEPLOYED,H,OCCUPANT LAP SHOULDER HARNESS NOT USED,,VC SECTION VIOLATED - 22350 / INATTENTION,OTHER,W,,,B,PROCEEDING STRAIGHT,,,,,F,FEMALE,,C,CA,H,HISPANIC,,,2011.0,CHEV,,,,,,,,,,,,,,
12600377,3890040,2,Driver,,False,,L,AIR BAG DEPLOYED,G,OCCUPANT LAP SHOULDER HARNESS USED,,NONE APPARENT,,S,,,E,MAKING LEFT TURN,A,HAD NOT BEEN DRINKING,,,M,MALE,,C,CA,W,WHITE,,,2013.0,FORD,,,,,,,,,,,,,,
12600376,3890040,1,Driver,True,False,,M,AIR BAG NOT DEPLOYED,G,OCCUPANT LAP SHOULDER HARNESS USED,,VC SECTION VIOLATED - 16128 A / INATTENTION,OTHER,S,,,B,PROCEEDING STRAIGHT,A,HAD NOT BEEN DRINKING,,,F,FEMALE,,C,CA,W,WHITE,,,1996.0,HOND,,,,,,,,,,,,,,
12600371,3890037,4,Driver,,False,,,,G,OCCUPANT LAP SHOULDER HARNESS USED,,,,,,,,,,,,,F,FEMALE,,C,CA,,,,,2015.0,CHEV,,,,,,,,,,,,,,
12600370,3890037,3,Driver,,False,,,,G,OCCUPANT LAP SHOULDER HARNESS USED,,NONE APPARENT,,S,,,B,PROCEEDING STRAIGHT,A,HAD NOT BEEN DRINKING,,,F,FEMALE,,C,CA,,,,,2010.0,LEXU,,,,,,,,,,,,,,
12600369,3890037,2,Driver,,False,,,,G,OCCUPANT LAP SHOULDER HARNESS USED,,NONE APPARENT,,S,,,B,PROCEEDING STRAIGHT,A,HAD NOT BEEN DRINKING,,,M,MALE,,C,CA,W,WHITE,,,2001.0,BMWX,,,,,,,,,,,,,,
12600368,3890037,1,Driver,True,False,,N,OTHER,G,OCCUPANT LAP SHOULDER HARNESS USED,,INATTENTION,OTHER,,,,E,MAKING LEFT TURN,A,HAD NOT BEEN DRINKING,,,M,MALE,,C,CA,H,HISPANIC,,,2011.0,DODG,,,,,,,,,,,,,,
12600359,3890032,2,Driver,,False,,M,AIR BAG NOT DEPLOYED,G,OCCUPANT LAP SHOULDER HARNESS USED,,NONE APPARENT,,E,,,A,STOPPED,A,HAD NOT BEEN DRINKING,,,F,FEMALE,,C,CA,W,WHITE,,,2003.0,LEXU,,,,,,,,,,,,,,
12600358,3890032,1,Driver,True,False,,L,AIR BAG DEPLOYED,G,OCCUPANT LAP SHOULDER HARNESS USED,,NONE APPARENT,,E,,,B,PROCEEDING STRAIGHT,A,HAD NOT BEEN DRINKING,,,F,FEMALE,,,CA,,,,,2013.0,TOYO,,,,,,,,,,,,,,
12600347,3890027,2,ParkedVehicle,,False,,,,,,,,,S,,,O,PARKED,,,,,,,,,,,,,,1997.0,CHRY,,,,,,,,,,,,,,
12600346,3890027,1,Driver,True,False,,,,W,MOTOR BICYCLE DRIVER WITH HELMET,,NONE APPARENT,,S,,,B,PROCEEDING STRAIGHT,D,HBD-IMPAIRMENT UNKNOWN,,,M,MALE,,C,CA,W,WHITE,,,2001.0,HARL,,,,,,,,,,,,,,
12600345,3890026,2,Driver,,False,,,,G,OCCUPANT LAP SHOULDER HARNESS USED,,,,W,,,E,MAKING LEFT TURN,A,HAD NOT BEEN DRINKING,,,M,MALE,,C,CA,W,WHITE,,,1995.0,GMCX,,,,,,,,,,,,,,
12600344,3890026,1,Driver,,False,,,,G,OCCUPANT LAP SHOULDER HARNESS USED,,,,N,,,B,PROCEEDING STRAIGHT,A,HAD NOT BEEN DRINKING,,,M,MALE,,C,CA,W,WHITE,,,2007.0,TOYO,,,,,,,,,,,,,,
12600343,3890025,2,Pedestrian,,False,,,,,,,NONE APPARENT,,S,,,R,OTHER,A,HAD NOT BEEN DRINKING,,,F,FEMALE,,,,A,ASIAN,60.0,Pedestrian,,,,,,,,,,,,,,,,
12600342,3890025,1,Driver,True,False,,M,AIR BAG NOT DEPLOYED,G,OCCUPANT LAP SHOULDER HARNESS USED,,VISION OBSCUREMENT,,N,,,E,MAKING LEFT TURN,A,HAD NOT BEEN DRINKING,,,F,FEMALE,,C,CA,O,OTHER,,,2014.0,NISS,,,,,,,,,,,,,,
12600335,3890021,2,Driver,,False,,M,AIR BAG NOT DEPLOYED,G,OCCUPANT LAP SHOULDER HARNESS USED,CELL PHONE NOT IN USE,NONE APPARENT,,S,,,D,MAKING RIGHT TURN,A,HAD NOT BEEN DRINKING,,,F,FEMALE,,,CA,W,WHITE,,,1999.0,JAGU,,,,,,,,,,,,,,
12600334,3890021,1,Bicyclist,True,False,,,,,,CELL PHONE NOT IN USE,NONE APPARENT,,,,,B,PROCEEDING STRAIGHT,A,HAD NOT BEEN DRINKING,,,M,MALE,,,,W,WHITE,4.0,Bicycle,,,,,,,,,,,,,,,,
12600327,3890016,2,Driver,,False,,M,AIR BAG NOT DEPLOYED,B,OCCUPANT UNKNOWN,,NONE APPARENT,,S,,,B,PROCEEDING STRAIGHT,A,HAD NOT BEEN DRINKING,,,M,MALE,,C,CA,W,WHITE,,,1995.0,JEEP,,,,,,,,,,,,,,
12600326,3890016,1,Driver,True,False,,M,AIR BAG NOT DEPLOYED,B,OCCUPANT UNKNOWN,,NONE APPARENT,,E,,,L,ENTERING TRAFFICD,A,HAD NOT BEEN DRINKING,,,F,FEMALE,,C,CA,H,HISPANIC,,,2016.0,FORD,,,,,,,,,,,,,,
12600320,3890012,2,Driver,,False,,M,AIR BAG NOT DEPLOYED,G,OCCUPANT LAP SHOULDER HARNESS USED,CELL PHONE NOT IN USE,,,S,,,A,STOPPED,A,HAD NOT BEEN DRINKING,,,M,MALE,,C,CA,H,HISPANIC,,,2013.0,CHEV,,,,,,,,,,,,,,
12600319,3890012,1,Driver,True,False,,M,AIR BAG NOT DEPLOYED,,,CELL PHONE NOT IN USE,,,S,,,B,PROCEEDING STRAIGHT,B,HBD-UNDER INFLUENCE,,,M,MALE,,,,H,HISPANIC,,,1996.0,DODG,,,,,,,,,,,,,,
12600310,3890007,2,Driver,,False,,M,AIR BAG NOT DEPLOYED,G,OCCUPANT LAP SHOULDER HARNESS USED,,NONE APPARENT,,W,,,B,PROCEEDING STRAIGHT,A,HAD NOT BEEN DRINKING,,,M,MALE,,C,CA,H,HISPANIC,,,1999.0,FORD,,,,,,,,,,,,,,
12600309,3890007,1,Driver,,False,,M,AIR BAG NOT DEPLOYED,B,OCCUPANT UNKNOWN,,NONE APPARENT,,W,,,A,STOPPED,A,HAD NOT BEEN DRINKING,,,M,MALE,,C,CA,A,ASIAN,,,2007.0,TOYO,,,,,,,,,,,,,,
12600264,3889982,3,Driver,,False,,,,,,,,,S,,,A,STOPPED,A,HAD NOT BEEN DRINKING,,,M,MALE,,C,CA,W,WHITE,,,2016.0,FORD,,,,,,,,,,,,,,
12600263,3889982,2,Driver,,False,,,,,,,,,S,,,A,STOPPED,A,HAD NOT BEEN DRINKING,,,M,MALE,,,WA,H,HISPANIC,,,1998.0,DODG,,,,,,,,,,,,,,
12600262,3889982,1,Driver,True,False,,,,,,,,,S,,,B,PROCEEDING STRAIGHT,A,HAD NOT BEEN DRINKING,,,M,MALE,,C,CA,H,HISPANIC,,,1999.0,CHEV,,,,,,,,,,,,,,
12600094,3889906,2,ParkedVehicle,,False,,,,,,,,,N,,,O,PARKED,,,,,,,,,,,,,,2015.0,ISUZ,,,,,,,,,,,,,,
12600093,3889906,1,Driver,True,False,,L,AIR BAG DEPLOYED,G,OCCUPANT LAP SHOULDER HARNESS USED,,NONE APPARENT,,N,,,B,PROCEEDING STRAIGHT,B,HBD-UNDER INFLUENCE,,,F,FEMALE,,,CA,H,HISPANIC,,,,MERB,,,,,,,,,,,,,,
12596601,3888190,2,Driver,,False,,,,,,,,,S,,,E,MAKING LEFT TURN,A,HAD NOT BEEN DRINKING,,,M,MALE,,,CA,H,HISPANIC,,,2012.0,NISS,,,,,,,,,,,,,,
12596600,3888190,1,Driver,,False,,,,,,,,,S,,,B,PROCEEDING STRAIGHT,G,IMPAIRMENT_NOT_KNOWN,,,M,MALE,,,,H,HISPANIC,,,2000.0,MITS,,,,,,,,,,,,,,
12596596,3888187,2,Driver,,False,,,,G,OCCUPANT LAP SHOULDER HARNESS USED,,,,E,,,B,PROCEEDING STRAIGHT,A,HAD NOT BEEN DRINKING,,,F,FEMALE,,C,CA,A,ASIAN,,,2016.0,LEXU,,,,,,,,,,,,,,
12596595,3888187,1,Driver,True,False,,,,,,,,,S,,,B,PROCEEDING STRAIGHT,G,IMPAIRMENT_NOT_KNOWN,,,F,FEMALE,,,,W,WHITE,,,,,,,,,,,,,,,,,,
12596588,3888183,2,Driver,,False,,,,,,,,,,,,B,PROCEEDING STRAIGHT,G,IMPAIRMENT_NOT_KNOWN,,,,,,,,,,,,,,,,,,,,,,,,,,,
12596587,3888183,1,Pedestrian,,False,,,,,,,NONE APPARENT,,,,,R,OTHER,E,UNDER_DRUG_INFLUENCE,,,M,MALE,,,,H,HISPANIC,60.0,Pedestrian,,,,,,,,,,,,,,,,
12596582,3888180,2,Driver,,False,,M,AIR BAG NOT DEPLOYED,G,OCCUPANT LAP SHOULDER HARNESS USED,,,,W,,,B,PROCEEDING STRAIGHT,A,HAD NOT BEEN DRINKING,,,M,MALE,,C,CA,O,OTHER,,,2000.0,BUIC,,,,,,,,,,,,,,
12596581,3888180,1,Driver,True,False,,M,AIR BAG NOT DEPLOYED,G,OCCUPANT LAP SHOULDER HARNESS USED,,,,S,,,B,PROCEEDING STRAIGHT,A,HAD NOT BEEN DRINKING,,,F,FEMALE,,C,CA,H,HISPANIC,,,2015.0,HYUN,,,,,,,,,,,,,,
12596572,3888176,2,Driver,,False,,,,G,OCCUPANT LAP SHOULDER HARNESS USED,,NONE APPARENT,,S,,,E,MAKING LEFT TURN,A,HAD NOT BEEN DRINKING,,,F,FEMALE,,C,CA,W,WHITE,,,2013.0,FORD,,,,,,,,,,,,,,
12596571,3888176,1,Driver,True,False,,,,,,,NONE APPARENT,,S,,,B,PROCEEDING STRAIGHT,G,IMPAIRMENT_NOT_KNOWN,,,,,,,,,,,,1999.0,HOND,,,,,,,,,,,,,,
12596550,3888164,2,Driver,,False,,,,,,,,,S,,,B,PROCEEDING STRAIGHT,,,,,M,MALE,,C,CA,W,WHITE,,,2000.0,BMWX,,,,,,,,,,,,,,
12596549,3888164,1,Driver,True,False,,,,,,,,,E,,,B,PROCEEDING STRAIGHT,,,,,F,FEMALE,,,CA,O,OTHER,,,2010.0,TOYO,,,,,,,,,,,,,,
12596541,3888160,3,Driver,,False,,,,,,,,,N,,,A,STOPPED,C,HBD-NOT UNDER INFLUENCE,,,M,MALE,,,,H,HISPANIC,,,1996.0,NISS,,,,,,,,,,,,,,
12596540,3888160,2,Driver,True,False,,,,,,,,,N,,,A,STOPPED,C,HBD-NOT UNDER INFLUENCE,,,F,FEMALE,,C,CA,A,ASIAN,,,2012.0,TOYO,,,,,,,,,,,,,,
12596539,3888160,1,Driver,,False,,,,,,,,,N,,,B,PROCEEDING STRAIGHT,C,HBD-NOT UNDER INFLUENCE,,,M,MALE,,,,A,ASIAN,,,1995.0,TOYO,,,,,,,,,,,,,,
12596527,3888152,2,Driver,,False,,,,G,OCCUPANT LAP SHOULDER HARNESS USED,,,,S,,,,,,,,,M,MALE,,U,,H,HISPANIC,,,1995.0,GMCX,,,,,,,,,,,,,,
12596526,3888152,1,Driver,,False,,,,G,OCCUPANT LAP SHOULDER HARNESS USED,,,,,,,,,,,,,F,FEMALE,,C,CA,H,HISPANIC,,,2008.0,CHRY,,,,,,,,,,,,,,
12596235,3888005,2,Driver,,False,,,,,,,NONE APPARENT,,N,,,,,,,,,F,FEMALE,,,CA,W,WHITE,,,2007.0,MERB,,,,,,,,,,,,,,
12596234,3888005,1,Driver,True,False,,,,,,,INATTENTION,OTHER,N,,,,,,,,,F,FEMALE,,,CA,A,ASIAN,,,2009.0,TOYO,,,,,,,,,,,,,,
12596229,3888002,3,Driver,,False,,,,,,,NONE APPARENT,,E,,,A,STOPPED,A,HAD NOT BEEN DRINKING,,,F,FEMALE,,C,CA,A,ASIAN,,,2007.0,LEXU,,,,,,,,,,,,,,
12596228,3888002,2,Driver,,False,,,,,,,NONE APPARENT,,E,,,A,STOPPED,A,HAD NOT BEEN DRINKING,,,M,MALE,,C,CA,W,WHITE,,,2016.0,JEEP,,,,,,,,,,,,,,
12596227,3888002,1,Driver,True,False,,L,AIR BAG DEPLOYED,G,OCCUPANT LAP SHOULDER HARNESS USED,,NONE APPARENT,,E,,,B,PROCEEDING STRAIGHT,A,HAD NOT BEEN DRINKING,,,F,FEMALE,,C,CA,H,HISPANIC,,,2010.0,AUDI,,,,,,,,,,,,,,
12596223,3887999,2,Driver,,False,,,,,,,,,W,,,,,,,,,F,FEMALE,,,CA,W,WHITE,,,1997.0,NISS,,,,,,,,,,,,,,
12596222,3887999,1,Driver,True,False,,,,,,,,,S,,,,,,,,,M,MALE,,,CA,H,HISPANIC,,,,CHEV,,,,,,,,,,,,,,
12596210,3887993,2,Driver,,False,,,,G,OCCUPANT LAP SHOULDER HARNESS USED,,,,E,,,B,PROCEEDING STRAIGHT,A,HAD NOT BEEN DRINKING,,,M,MALE,,C,CA,W,WHITE,,,2006.0,HOND,,,,,,,,,,,,,,
12596209,3887993,1,Driver,True,False,,L,AIR BAG DEPLOYED,G,OCCUPANT LAP SHOULDER HARNESS USED,,VC SECTION VIOLATED - 22107,,W,,,E,MAKING LEFT TURN,A,HAD NOT BEEN DRINKING,,,F,FEMALE,,C,CA,,,,,2008.0,HOND,,,,,,,,,,,,,,
12596114,3887946,3,Driver,,False,,M,AIR BAG NOT DEPLOYED,G,OCCUPANT LAP SHOULDER HARNESS USED,,,,N,,,A,STOPPED,A,HAD NOT BEEN DRINKING,,,M,MALE,,C,CA,A,ASIAN,,,2013.0,NISS,,,,,,,,,,,,,,
12596113,3887946,2,Driver,,False,,M,AIR BAG NOT DEPLOYED,G,OCCUPANT LAP SHOULDER HARNESS USED,,,,N,,,A,STOPPED,A,HAD NOT BEEN DRINKING,,,M,MALE,,C,CA,A,ASIAN,,,2007.0,TOYO,,,,,,,,,,,,,,
12596112,3887946,1,Driver,True,False,,M,AIR BAG NOT DEPLOYED,G,OCCUPANT LAP SHOULDER HARNESS USED,,,,N,,,B,PROCEEDING STRAIGHT,A,HAD NOT BEEN DRINKING,,,F,FEMALE,,C,CA,W,WHITE,,,2014.0,JEEP,,,,,,,,,,,,,,
12595982,3887880,3,Driver,,False,,M,AIR BAG NOT DEPLOYED,G,OCCUPANT LAP SHOULDER HARNESS USED,,,,E,,,A,STOPPED,A,HAD NOT BEEN DRINKING,,,M,MALE,,C,CA,A,ASIAN,,,2000.0,CHEV,,,,,,,,,,,,,,
12595981,3887880,2,Driver,,False,,M,AIR BAG NOT DEPLOYED,G,OCCUPANT LAP SHOULDER HARNESS USED,,,,E,,,A,STOPPED,A,HAD NOT BEEN DRINKING,,,M,MALE,,C,CA,H,HISPANIC,,,2016.0,CHEV,,,,,,,,,,,,,,
12595980,3887880,1,Driver,True,False,,M,AIR BAG NOT DEPLOYED,G,OCCUPANT LAP SHOULDER HARNESS USED,,VC SECTION VIOLATED - 14601 1,,E,,,B,PROCEEDING STRAIGHT,A,HAD NOT BEEN DRINKING,,,M,MALE,,C,CA,A,ASIAN,,,2003.0,SATU,,,,,,,,,,,,,,
12595974,3887876,3,Driver,,False,,M,AIR BAG NOT DEPLOYED,G,OCCUPANT LAP SHOULDER HARNESS USED,,NONE APPARENT,,S,,,A,STOPPED,A,HAD NOT BEEN DRINKING,,,M,MALE,,C,CA,H,HISPANIC,,,2001.0,FORD,,,,,,,,,,,,,,
12595973,3887876,2,Driver,,False,,L,AIR BAG DEPLOYED,G,OCCUPANT LAP SHOULDER HARNESS USED,,NONE APPARENT,,S,,,A,STOPPED,A,HAD NOT BEEN DRINKING,,,F,FEMALE,,C,CA,H,HISPANIC,,,2016.0,TOYO,,,,,,,,,,,,,,
12595972,3887876,1,Driver,True,False,,M,AIR BAG NOT DEPLOYED,G,OCCUPANT LAP SHOULDER HARNESS USED,,NONE APPARENT,,S,,,B,PROCEEDING STRAIGHT,A,HAD NOT BEEN DRINKING,,,M,MALE,,C,CA,H,HISPANIC,,,2009.0,CHEV,,,,,,,,,,,,,,
12595953,3887867,2,Driver,,False,,M,AIR BAG NOT DEPLOYED,B,OCCUPANT UNKNOWN,,,,N,,,,,,,,,F,FEMALE,,C,CA,A,ASIAN,,,2008.0,LEXU,,,,,,,,,,,,,,
12595952,3887867,1,Bicyclist,True,False,,,,,,,,,W,,,,,,,,,M,MALE,,,,A,ASIAN,4.0,Bicycle,,,,,,,,,,,,,,,,
12595947,3887864,2,Driver,,False,,P,NOT REQUIRED,C,OCCUPANT LAP BELT USED,,,,W,,,B,PROCEEDING STRAIGHT,A,HAD NOT BEEN DRINKING,,,M,MALE,,C,CA,H,HISPANIC,,,1971.0,OLDS,,,,,,,,,,,,,,
12595946,3887864,1,Driver,True,False,,L,AIR BAG DEPLOYED,,,,,,E,,,E,MAKING LEFT TURN,A,HAD NOT BEEN DRINKING,,,F,FEMALE,,C,CA,H,HISPANIC,,,2004.0,TOYO,,,,,,,,,,,,,,
12595939,3887860,1,Driver,True,False,,L,AIR BAG DEPLOYED,B,OCCUPANT UNKNOWN,,,,W,,,B,PROCEEDING STRAIGHT,B,HBD-UNDER INFLUENCE,,,M,MALE,,C,CA,W,WHITE,,,1998.0,MITS,,,,,,,,,,,,,,
12595932,3887856,3,ParkedVehicle,,False,,,,,,,,,S,,,O,PARKED,H,NOT APPLICABLE,,,,,,,,,,,,1997.0,TOYO,,,,,,,,,,,,,,
12595931,3887856,2,Driver,,False,,L,AIR BAG DEPLOYED,G,OCCUPANT LAP SHOULDER HARNESS USED,,,,N,,,B,PROCEEDING STRAIGHT,A,HAD NOT BEEN DRINKING,,,M,MALE,,C,CA,W,WHITE,,,2005.0,GMCX,,,,,,,,,,,,,,
12595930,3887856,1,Driver,True,False,,L,AIR BAG DEPLOYED,G,OCCUPANT LAP SHOULDER HARNESS USED,,,,W,,,B,PROCEEDING STRAIGHT,A,HAD NOT BEEN DRINKING,,,M,MALE,,C,CA,,,,,1999.0,ISUZ,,,,,,,,,,,,,,
12595879,3887829,3,Driver,,False,,,,G,OCCUPANT LAP SHOULDER HARNESS USED,,,,N,,,A,STOPPED,A,HAD NOT BEEN DRINKING,,,M,MALE,,C,CA,A,ASIAN,,,2000.0,DODG,,,,,,,,,,,,,,
12595878,3887829,2,Driver,,False,,,,G,OCCUPANT LAP SHOULDER HARNESS USED,,,,N,,,A,STOPPED,A,HAD NOT BEEN DRINKING,,,M,MALE,,C,CA,O,OTHER,,,2009.0,TOYO,,,,,,,,,,,,,,
12595877,3887829,1,Driver,True,False,,,,G,OCCUPANT LAP SHOULDER HARNESS USED,,INATTENTION,OTHER,N,,,B,PROCEEDING STRAIGHT,A,HAD NOT BEEN DRINKING,,,F,FEMALE,,C,CA,,,,,2013.0,FORD,,,,,,,,,,,,,,
12595850,3887814,2,Driver,,False,,L,AIR BAG DEPLOYED,G,OCCUPANT LAP SHOULDER HARNESS USED,,NONE APPARENT,,E,,,B,PROCEEDING STRAIGHT,A,HAD NOT BEEN DRINKING,,,M,MALE,,C,CA,W,WHITE,,,1996.0,GMCX,,,,,,,,,,,,,,
12595849,3887814,1,Driver,True,False,,L,AIR BAG DEPLOYED,G,OCCUPANT LAP SHOULDER HARNESS USED,,INATTENTION,OTHER,N,,,E,MAKING LEFT TURN,A,HAD NOT BEEN DRINKING,,,M,MALE,,C,CA,W,WHITE,,,2014.0,VOLK,,,,,,,,,,,,,,
12613324,3896387,3,Driver,,False,,M,AIR BAG NOT DEPLOYED,G,OCCUPANT LAP SHOULDER HARNESS USED,,NONE APPARENT,,N,,,A,STOPPED,A,HAD NOT BEEN DRINKING,,,M,MALE,,C,CA,H,HISPANIC,,,2001.0,GMCX,,,,,,,,,,,,,,
12613323,3896387,2,Driver,,False,,L,AIR BAG DEPLOYED,G,OCCUPANT LAP SHOULDER HARNESS USED,,NONE APPARENT,,E,,,B,PROCEEDING STRAIGHT,A,HAD NOT BEEN DRINKING,,,F,FEMALE,,C,CA,,,,,2007.0,TOYO,,,,,,,,,,,,,,
12613322,3896387,1,Driver,True,False,,L,AIR BAG DEPLOYED,G,OCCUPANT LAP SHOULDER HARNESS USED,,NONE APPARENT,,S,,,B,PROCEEDING STRAIGHT,A,HAD NOT BEEN DRINKING,,,F,FEMALE,,C,CA,A,ASIAN,,,2007.0,TOYO,,,,,,,,,,,,,,
12613309,3896380,1,Driver,True,False,,,,,,,,,N,,,B,PROCEEDING STRAIGHT,I,SLEEPY/FATIGUED,,,F,FEMALE,,,CA,W,WHITE,,,1992.0,FORD,,,,,,,,,,,,,,
12613308,3896379,2,Driver,,False,,M,AIR BAG NOT DEPLOYED,G,OCCUPANT LAP SHOULDER HARNESS USED,CELL PHONE NOT IN USE,,,E,,,B,PROCEEDING STRAIGHT,H,NOT APPLICABLE,,,M,MALE,,C,CA,A,ASIAN,,,2012.0,TOYO,,,,,,,,,,,,,,
12613307,3896379,1,Driver,True,False,,M,AIR BAG NOT DEPLOYED,G,OCCUPANT LAP SHOULDER HARNESS USED,CELL PHONE NOT IN USE,,,N,,,D,MAKING RIGHT TURN,H,NOT APPLICABLE,,,M,MALE,,,,,,,,2005.0,TOYO,,,,,,,,,,,,,,
12613295,3896373,2,Driver,,False,,M,AIR BAG NOT DEPLOYED,G,OCCUPANT LAP SHOULDER HARNESS USED,,NONE APPARENT,,S,,,B,PROCEEDING STRAIGHT,A,HAD NOT BEEN DRINKING,,,F,FEMALE,,C,CA,H,HISPANIC,,,2006.0,TOYO,,,,,,,,,,,,,,
12613294,3896373,1,Driver,True,False,,L,AIR BAG DEPLOYED,G,OCCUPANT LAP SHOULDER HARNESS USED,,NONE APPARENT,,S,,,L,ENTERING TRAFFICD,A,HAD NOT BEEN DRINKING,,,F,FEMALE,,C,CA,,,,,2007.0,HOND,,,,,,,,,,,,,,
12613291,3896371,2,Driver,,False,,L,AIR BAG DEPLOYED,G,OCCUPANT LAP SHOULDER HARNESS USED,,NONE APPARENT,,E,,,B,PROCEEDING STRAIGHT,A,HAD NOT BEEN DRINKING,,,F,FEMALE,,C,CA,W,WHITE,,,2008.0,TOYO,,,,,,,,,,,,,,
12613290,3896371,1,Driver,True,False,,L,AIR BAG DEPLOYED,G,OCCUPANT LAP SHOULDER HARNESS USED,,NONE APPARENT,,W,,,E,MAKING LEFT TURN,A,HAD NOT BEEN DRINKING,,,M,MALE,,C,CA,O,OTHER,,,2005.0,VOLK,,,,,,,,,,,,,,