PartyId,CollisionId,PartyNumber,PartyType,IsAtFault,IsOnDutyEmergencyVehicle,IsHitAndRun,AirbagCode,AirbagDescription,SafetyEquipmentCode,SafetyEquipmentDescription,Special Information,Other Associate Factor,Inattention,DirectionOfTravel,StreetOrHighwayName,SpeedLimit,MovementPrecCollCode,MovementPrecCollDescription,SobrietyDrugPhysicalCode1,SobrietyDrugPhysicalDescription1,SobrietyDrugPhysicalCode2,SobrietyDrugPhysicalDescription2,GenderCode,GenderDescription,StatedAge,DriverLicenseClass,DriverLicenseStateCode,RaceCode,RaceDesc,Vehicle1TypeId, Vehicle1TypeDesc, Vehicle1Year,Vehicle1Make,Vehicle1Model,Vehicle1Color,V1IsVehicleTowed,Vehicle2TypeId, Vehicle2TypeDesc, Vehicle2Year,Vehicle2Make,Vehicle2Model,Vehicle2Color,V2IsVehicleTowed,Lane,ThruLanes,TotalLanes,IsDREConducted
12685455,3931635,1,Driver,True,False,,L,AIR BAG DEPLOYED,G,OCCUPANT LAP SHOULDER HARNESS USED,,RUNAWAY VEHICLE,,N,,,B,PROCEEDING STRAIGHT,A,HAD NOT BEEN DRINKING,,,M,MALE,,F,NV,W,WHITE,,,2010.0,TOYO,,,,,,,,,,,,,,
12685411,3931611,2,Pedestrian,,False,,,,,,,,,W,,,R,OTHER,G,IMPAIRMENT_NOT_KNOWN,,,M,MALE,,,,H,HISPANIC,60.0,Pedestrian,,,,,,,,,,,,,,,,
12685410,3931611,1,Driver,True,False,,M,AIR BAG NOT DEPLOYED,B,OCCUPANT UNKNOWN,,,,S,,,B,PROCEEDING STRAIGHT,B,HBD-UNDER INFLUENCE,,,M,MALE,,C,CA,W,WHITE,,,1998.0,VOLK,,,,,,,,,,,,,,
12684888,3931355,3,ParkedVehicle,,False,,,,,,,,,,,,O,PARKED,H,NOT APPLICABLE,,,,,,,,,,,,,DODG,,,,,,,,,,,,,,
12684887,3931355,2,ParkedVehicle,,False,,,,,,,,,,,,O,PARKED,H,NOT APPLICABLE,,,,,,,,,,,,,OTDM,,,,,,,,,,,,,,
12684886,3931355,1,Driver,True,False,,P,NOT REQUIRED,W,MOTOR BICYCLE DRIVER WITH HELMET,,NONE APPARENT,,W,,,B,PROCEEDING STRAIGHT,A,HAD NOT BEEN DRINKING,,,M,MALE,,C,CA,,,,,2007.0,HOND,,,,,,,,,,,,,,
12684830,3931328,2,Driver,,False,,L,AIR BAG DEPLOYED,G,OCCUPANT LAP SHOULDER HARNESS USED,CELL PHONE NOT IN USE,,,E,,,B,PROCEEDING STRAIGHT,A,HAD NOT BEEN DRINKING,,,M,MALE,,C,CA,,,,,2006.0,HOND,,,,,,,,,,,,,,
12684829,3931328,1,Driver,True,False,,L,AIR BAG DEPLOYED,G,OCCUPANT LAP SHOULDER HARNESS USED,CELL PHONE NOT IN USE,,,N,,,E,MAKING LEFT TURN,A,HAD NOT BEEN DRINKING,,,F,FEMALE,,C,CA,,,,,2012.0,LEXU,,,,,,,,,,,,,,
12684822,3931324,2,Driver,,False,,L,AIR BAG DEPLOYED,G,OCCUPANT LAP SHOULDER HARNESS USED,,,,N,,,B,PROCEEDING STRAIGHT,A,HAD NOT BEEN DRINKING,,,M,MALE,,C,CA,B,BLACK,,,2008.0,HOND,,,,,,,,,,,,,,
12684821,3931324,1,Other,,False,,,,,,,,,,,,,,,,,,,,,,,,,,,,,,,,,,,,,,,,,,
12684802,3931313,2,Driver,,False,,M,AIR BAG NOT DEPLOYED,G,OCCUPANT LAP SHOULDER HARNESS USED,,NONE APPARENT,,W,,,B,PROCEEDING STRAIGHT,A,HAD NOT BEEN DRINKING,,,M,MALE,,C,CA,A,ASIAN,,,2009.0,TOYO,,,,,,,,,,,,,,
12684801,3931313,1,Pedestrian,True,False,,,,,,,INATTENTION,OTHER,S,,,,,A,HAD NOT BEEN DRINKING,,,F,FEMALE,,,,A,ASIAN,60.0,Pedestrian,,,,,,,,,,,,,,,,
12684795,3931309,2,Pedestrian,,False,,,,,,,NONE APPARENT,,S,,,B,PROCEEDING STRAIGHT,A,HAD NOT BEEN DRINKING,,,F,FEMALE,,,,H,HISPANIC,60.0,Pedestrian,,,,,,,,,,,,,,,,
12684794,3931309,1,Driver,True,False,,M,AIR BAG NOT DEPLOYED,G,OCCUPANT LAP SHOULDER HARNESS USED,,NONE APPARENT,,W,,,E,MAKING LEFT TURN,A,HAD NOT BEEN DRINKING,,,M,MALE,,C,CA,H,HISPANIC,,,2015.0,CHRY,,,,,,,,,,,,,,
12684785,3931304,2,Driver,,False,,M,AIR BAG NOT DEPLOYED,G,OCCUPANT LAP SHOULDER HARNESS USED,,OTHER,,S,,,A,STOPPED,A,HAD NOT BEEN DRINKING,,,F,FEMALE,,C,CA,H,HISPANIC,,,1999.0,CHEV,,,,,,,,,,,,,,
12684784,3931304,1,Driver,True,False,,L,AIR BAG DEPLOYED,G,OCCUPANT LAP SHOULDER HARNESS USED,,,,S,,,B,PROCEEDING STRAIGHT,A,HAD NOT BEEN DRINKING,,,F,FEMALE,,C,CA,H,HISPANIC,,,2013.0,NISS,,,,,,,,,,,,,,
12684777,3931300,2,Driver,,False,,M,AIR BAG NOT DEPLOYED,G,OCCUPANT LAP SHOULDER HARNESS USED,,NONE APPARENT,,N,,,B,PROCEEDING STRAIGHT,A,HAD NOT BEEN DRINKING,,,M,MALE,,C,CA,A,ASIAN,,,2011.0,TOYO,,,,,,,,,,,,,,
12684776,3931300,1,Driver,True,False,,M,AIR BAG NOT DEPLOYED,G,OCCUPANT LAP SHOULDER HARNESS USED,,NONE APPARENT,,W,,,B,PROCEEDING STRAIGHT,A,HAD NOT BEEN DRINKING,,,M,MALE,,C,CA,H,HISPANIC,,,1998.0,HOND,,,,,,,,,,,,,,
12684769,3931296,2,Driver,,False,,,,,,,NONE APPARENT,,S,,,A,STOPPED,A,HAD NOT BEEN DRINKING,,,M,MALE,,C,CA,W,WHITE,,,2001.0,FORD,,,,,,,,,,,,,,
12684768,3931296,1,Driver,True,False,,,,,,,VC SECTION VIOLATED - 12500 A / NONE APPARENT,,S,,,B,PROCEEDING STRAIGHT,A,HAD NOT BEEN DRINKING,,,F,FEMALE,,,CA,H,HISPANIC,,,1999.0,CADI,,,,,,,,,,,,,,
12684759,3931291,2,Driver,,False,,M,AIR BAG NOT DEPLOYED,G,OCCUPANT LAP SHOULDER HARNESS USED,,,,E,,,A,STOPPED,A,HAD NOT BEEN DRINKING,,,F,FEMALE,,C,CA,B,BLACK,,,2012.0,FORD,,,,,,,,,,,,,,
12684758,3931291,1,Driver,True,False,,M,AIR BAG NOT DEPLOYED,G,OCCUPANT LAP SHOULDER HARNESS USED,,,,E,,,B,PROCEEDING STRAIGHT,A,HAD NOT BEEN DRINKING,,,M,MALE,,C,CA,H,HISPANIC,,,2013.0,DODG,,,,,,,,,,,,,,
12684753,3931288,1,Driver,True,False,,L,AIR BAG DEPLOYED,G,OCCUPANT LAP SHOULDER HARNESS USED,,INATTENTION,OTHER,E,,,B,PROCEEDING STRAIGHT,A,HAD NOT BEEN DRINKING,,,F,FEMALE,,C,CA,W,WHITE,,,2003.0,TOYO,,,,,,,,,,,,,,
12684750,3931286,2,Driver,,False,,L,AIR BAG DEPLOYED,G,OCCUPANT LAP SHOULDER HARNESS USED,,NONE APPARENT,,W,,,B,PROCEEDING STRAIGHT,A,HAD NOT BEEN DRINKING,,,F,FEMALE,,,CA,W,WHITE,,,2000.0,HOND,,,,,,,,,,,,,,
12684749,3931286,1,Driver,True,False,,M,AIR BAG NOT DEPLOYED,G,OCCUPANT LAP SHOULDER HARNESS USED,,INATTENTION,OTHER,N,,,B,PROCEEDING STRAIGHT,A,HAD NOT BEEN DRINKING,,,F,FEMALE,,,CA,H,HISPANIC,,,2016.0,KIAX,,,,,,,,,,,,,,
12684737,3931279,2,Driver,,False,,L,AIR BAG DEPLOYED,G,OCCUPANT LAP SHOULDER HARNESS USED,,NONE APPARENT,,W,,,B,PROCEEDING STRAIGHT,A,HAD NOT BEEN DRINKING,,,M,MALE,,C,CA,,,,,2014.0,HOND,,,,,,,,,,,,,,
12684736,3931279,1,Driver,True,False,,L,AIR BAG DEPLOYED,G,OCCUPANT LAP SHOULDER HARNESS USED,,NONE APPARENT,,S,,,B,PROCEEDING STRAIGHT,A,HAD NOT BEEN DRINKING,,,M,MALE,,C,CA,A,ASIAN,,,2004.0,MERB,,,,,,,,,,,,,,
12684729,3931275,1,Driver,True,False,,L,AIR BAG DEPLOYED,G,OCCUPANT LAP SHOULDER HARNESS USED,,,,E,,,B,PROCEEDING STRAIGHT,A,HAD NOT BEEN DRINKING,,,M,MALE,,C,CA,,,,,1997.0,NISS,,,,,,,,,,,,,,
12684556,3931187,2,Driver,,False,,L,AIR BAG DEPLOYED,B,OCCUPANT UNKNOWN,,NONE APPARENT,,E,,,B,PROCEEDING STRAIGHT,A,HAD NOT BEEN DRINKING,,,F,FEMALE,,C,CA,O,OTHER,,,2014.0,HOND,,,,,,,,,,,,,,
12684555,3931187,1,Driver,True,False,,L,AIR BAG DEPLOYED,B,OCCUPANT UNKNOWN,,NONE APPARENT,,W,,,E,MAKING LEFT TURN,A,HAD NOT BEEN DRINKING,,,M,MALE,,C,CA,W,WHITE,7.0,SportUtilityVehicle,2001.0,NISS,,,,,,,,,,,,,,
12684554,3931188,2,Driver,,False,,M,AIR BAG NOT DEPLOYED,G,OCCUPANT LAP SHOULDER HARNESS USED,,ENTERING OR LEAVING RAMP,,E,,,B,PROCEEDING STRAIGHT,A,HAD NOT BEEN DRINKING,,,F,FEMALE,,C,CA,A,ASIAN,,,2008.0,CHEV,,,,,,,,,,,,,,
12684553,3931188,1,Driver,True,False,,L,AIR BAG DEPLOYED,G,OCCUPANT LAP SHOULDER HARNESS USED,,INATTENTION,OTHER,S,,,B,PROCEEDING STRAIGHT,A,HAD NOT BEEN DRINKING,,,F,FEMALE,,C,CA,H,HISPANIC,,,2011.0,NISS,,,,,,,,,,,,,,
12684552,3931186,2,Driver,,False,,M,AIR BAG NOT DEPLOYED,G,OCCUPANT LAP SHOULDER HARNESS USED,,,,S,,,A,STOPPED,A,HAD NOT BEEN DRINKING,,,F,FEMALE,,C,CA,W,WHITE,1.0,PassengerCarStationWagonJeep,2008.0,MAZD,,,,,,,,,,,,,,
12684551,3931186,1,Driver,True,False,,M,AIR BAG NOT DEPLOYED,G,OCCUPANT LAP SHOULDER HARNESS USED,,INATTENTION,OTHER,S,,,B,PROCEEDING STRAIGHT,A,HAD NOT BEEN DRINKING,,,M,MALE,,C,CA,,,7.0,SportUtilityVehicle,2007.0,FORD,,,,,,,,,,,,,,
12684548,3931184,2,Driver,,False,,M,AIR BAG NOT DEPLOYED,G,OCCUPANT LAP SHOULDER HARNESS USED,,NONE APPARENT,,W,,,H,SLOWING/STOPPING,A,HAD NOT BEEN DRINKING,,,F,FEMALE,,C,CA,A,ASIAN,,,2014.0,HOND,,,,,,,,,,,,,,
12684546,3931184,1,Driver,True,False,,M,AIR BAG NOT DEPLOYED,G,OCCUPANT LAP SHOULDER HARNESS USED,,NONE APPARENT,,W,,,B,PROCEEDING STRAIGHT,A,HAD NOT BEEN DRINKING,,,F,FEMALE,,C,CA,B,BLACK,,,2011.0,DODG,,,,,,,,,,,,,,
12684544,3931182,2,Driver,,False,,L,AIR BAG DEPLOYED,G,OCCUPANT LAP SHOULDER HARNESS USED,,NONE APPARENT,,E,,,A,STOPPED,A,HAD NOT BEEN DRINKING,,,F,FEMALE,,C,CA,,,1.0,PassengerCarStationWagonJeep,1995.0,HOND,,,,,,,,,,,,,,
12684543,3931182,1,Driver,True,False,,L,AIR BAG DEPLOYED,G,OCCUPANT LAP SHOULDER HARNESS USED,,NONE APPARENT,,S,,,B,PROCEEDING STRAIGHT,A,HAD NOT BEEN DRINKING,,,M,MALE,,C,CA,,,1.0,PassengerCarStationWagonJeep,2008.0,BMWX,,,,,,,,,,,,,,
12684538,3931179,4,Driver,,False,,M,AIR BAG NOT DEPLOYED,G,OCCUPANT LAP SHOULDER HARNESS USED,CELL PHONE NOT IN USE,NONE APPARENT,,S,,,A,STOPPED,A,HAD NOT BEEN DRINKING,,,U,UNKNOWN,,C,CA,A,ASIAN,1.0,PassengerCarStationWagonJeep,2016.0,FORD,,,,,,,,,,,,,,
12684537,3931179,3,Driver,,False,,M,AIR BAG NOT DEPLOYED,G,OCCUPANT LAP SHOULDER HARNESS USED,CELL PHONE NOT IN USE,NONE APPARENT,,S,,,A,STOPPED,A,HAD NOT BEEN DRINKING,,,F,FEMALE,,C,CA,O,OTHER,1.0,PassengerCarStationWagonJeep,2013.0,NISS,,,,,,,,,,,,,,
12684536,3931179,2,Driver,,False,,M,AIR BAG NOT DEPLOYED,G,OCCUPANT LAP SHOULDER HARNESS USED,CELL PHONE NOT IN USE,NONE APPARENT,,S,,,A,STOPPED,A,HAD NOT BEEN DRINKING,,,F,FEMALE,,C,CA,O,OTHER,1.0,PassengerCarStationWagonJeep,2004.0,MAZD,,,,,,,,,,,,,,
12684535,3931179,1,Driver,True,False,,M,AIR BAG NOT DEPLOYED,G,OCCUPANT LAP SHOULDER HARNESS USED,CELL PHONE NOT IN USE,INATTENTION,OTHER,S,,,B,PROCEEDING STRAIGHT,A,HAD NOT BEEN DRINKING,,,M,MALE,,C,CA,W,WHITE,1.0,PassengerCarStationWagonJeep,2002.0,DODG,,,,,,,,,,,,,,
12684534,3931178,2,Driver,,False,,L,AIR BAG DEPLOYED,,,,NONE APPARENT,,S,,,B,PROCEEDING STRAIGHT,A,HAD NOT BEEN DRINKING,,,M,MALE,,C,CA,A,ASIAN,1.0,PassengerCarStationWagonJeep,2012.0,HOND,,,,,,,,,,,,,,
12684533,3931178,1,Driver,True,False,,L,AIR BAG DEPLOYED,C,OCCUPANT LAP BELT USED,,NONE APPARENT,,N,,,E,MAKING LEFT TURN,A,HAD NOT BEEN DRINKING,,,M,MALE,,C,CA,H,HISPANIC,22.0,PickupsAndPanels,1999.0,FORD,,,,,,,,,,,,,,
12684529,3931175,2,Driver,,False,,M,AIR BAG NOT DEPLOYED,G,OCCUPANT LAP SHOULDER HARNESS USED,,NONE APPARENT,,E,,,B,PROCEEDING STRAIGHT,A,HAD NOT BEEN DRINKING,,,F,FEMALE,,C,CA,O,OTHER,,,1999.0,MERB,,,,,,,,,,,,,,
12684528,3931175,1,Driver,True,False,,M,AIR BAG NOT DEPLOYED,G,OCCUPANT LAP SHOULDER HARNESS USED,,NONE APPARENT,,N,,,B,PROCEEDING STRAIGHT,A,HAD NOT BEEN DRINKING,,,M,MALE,,,,H,HISPANIC,1.0,PassengerCarStationWagonJeep,2001.0,TOYO,,,,,,,,,,,,,,
12684527,3931174,2,Driver,,False,,L,AIR BAG DEPLOYED,G,OCCUPANT LAP SHOULDER HARNESS USED,,,,S,,,B,PROCEEDING STRAIGHT,A,HAD NOT BEEN DRINKING,,,F,FEMALE,,C,CA,H,HISPANIC,1.0,PassengerCarStationWagonJeep,2010.0,NISS,,,,,,,,,,,,,,
12684526,3931174,1,Driver,,False,,M,AIR BAG NOT DEPLOYED,G,OCCUPANT LAP SHOULDER HARNESS USED,,,,W,,,B,PROCEEDING STRAIGHT,A,HAD NOT BEEN DRINKING,,,M,MALE,,C,CA,A,ASIAN,1.0,PassengerCarStationWagonJeep,2014.0,NISS,,,,,,,,,,,,,,
12684523,3931172,2,ParkedVehicle,,False,,,,,,CELL PHONE NOT IN USE,NONE APPARENT,,,,,O,PARKED,A,HAD NOT BEEN DRINKING,,,,,,,,,,1.0,PassengerCarStationWagonJeep,2004.0,HOND,,,,,,,,,,,,,,
12684522,3931172,1,Driver,True,False,,M,AIR BAG NOT DEPLOYED,G,OCCUPANT LAP SHOULDER HARNESS USED,CELL PHONE NOT IN USE,INATTENTION,OTHER,E,,,K,PARKING MANEUVER,A,HAD NOT BEEN DRINKING,,,M,MALE,,C,CA,,,12.0,NonCommercialBus,2013.0,FORD,,,,,,,,,,,,,,
12684521,3931171,2,Driver,,False,,M,AIR BAG NOT DEPLOYED,G,OCCUPANT LAP SHOULDER HARNESS USED,CELL PHONE NOT IN USE,NONE APPARENT,,S,,,B,PROCEEDING STRAIGHT,A,HAD NOT BEEN DRINKING,,,F,FEMALE,,C,CA,O,OTHER,1.0,PassengerCarStationWagonJeep,2014.0,VOLK,,,,,,,,,,,,,,
12684520,3931171,1,Driver,True,False,,M,AIR BAG NOT DEPLOYED,G,OCCUPANT LAP SHOULDER HARNESS USED,CELL PHONE NOT IN USE,NONE APPARENT,,E,,,B,PROCEEDING STRAIGHT,A,HAD NOT BEEN DRINKING,,,M,MALE,,C,CA,A,ASIAN,1.0,PassengerCarStationWagonJeep,2002.0,TOYO,,,,,,,,,,,,,,
12684519,3931170,3,Driver,,False,,,,,,,,,S,,,A,STOPPED,A,HAD NOT BEEN DRINKING,,,M,MALE,,C,CA,O,OTHER,1.0,PassengerCarStationWagonJeep,2007.0,MERB,,,,,,,,,,,,,,
12684518,3931170,2,Driver,,False,,,,,,,,,,,,B,PROCEEDING STRAIGHT,A,HAD NOT BEEN DRINKING,,,F,FEMALE,,C,CA,O,OTHER,1.0,PassengerCarStationWagonJeep,2013.0,TOYO,,,,,,,,,,,,,,
12684517,3931170,1,Driver,True,False,,,,,,,,,,,,B,PROCEEDING STRAIGHT,A,HAD NOT BEEN DRINKING,,,M,MALE,,C,CA,W,WHITE,1.0,PassengerCarStationWagonJeep,2013.0,HOND,,,,,,,,,,,,,,
12684514,3931168,1,Driver,True,False,,,,Y,MOTOR BICYCLE PASSENGER WITH HELMET,,INATTENTION,OTHER,W,,,C,RAN OFF ROAD,A,HAD NOT BEEN DRINKING,,,M,MALE,,C,CA,W,WHITE,1.0,PassengerCarStationWagonJeep,2004.0,LEXU,,,,,,,,,,,,,,
12684503,3931162,2,Driver,,False,,M,AIR BAG NOT DEPLOYED,G,OCCUPANT LAP SHOULDER HARNESS USED,,NONE APPARENT,,N,,,F,MAKING U TURN,A,HAD NOT BEEN DRINKING,,,F,FEMALE,,C,CA,H,HISPANIC,1.0,PassengerCarStationWagonJeep,2012.0,CHEV,,,,,,,,,,,,,,
12684502,3931162,1,Pedestrian,True,False,,,,,,,VC SECTION VIOLATED,,E,,,B,PROCEEDING STRAIGHT,B,HBD-UNDER INFLUENCE,,,F,FEMALE,,,,W,WHITE,60.0,Pedestrian,,,,,,,,,,,,,,,,
12684496,3931159,2,Driver,,False,,M,AIR BAG NOT DEPLOYED,G,OCCUPANT LAP SHOULDER HARNESS USED,,NONE APPARENT,,W,,,B,PROCEEDING STRAIGHT,A,HAD NOT BEEN DRINKING,,,F,FEMALE,,C,CA,,,7.0,SportUtilityVehicle,2009.0,VOLK,,,,,,,,,,,,,,
12684495,3931159,1,Driver,,False,,M,AIR BAG NOT DEPLOYED,G,OCCUPANT LAP SHOULDER HARNESS USED,,NONE APPARENT,,W,,,B,PROCEEDING STRAIGHT,A,HAD NOT BEEN DRINKING,,,F,FEMALE,,C,CA,,,22.0,PickupsAndPanels,,,,,,,,,,,,,,,,
12684490,3931155,2,ParkedVehicle,,False,,,,,,,,,W,,,O,PARKED,,,,,,,,,,,,1.0,PassengerCarStationWagonJeep,2006.0,DODG,,,,,,,,,,,,,,
12684489,3931155,1,Driver,,False,,L,AIR BAG DEPLOYED,G,OCCUPANT LAP SHOULDER HARNESS USED,,OTHER,,W,,,B,PROCEEDING STRAIGHT,A,HAD NOT BEEN DRINKING,,,F,FEMALE,,C,CA,W,WHITE,1.0,PassengerCarStationWagonJeep,2000.0,FORD,,,,,,,,,,,,,,
12684483,3931151,4,Driver,,False,,N,OTHER,Y,MOTOR BICYCLE PASSENGER WITH HELMET,,NONE APPARENT,,W,,,A,STOPPED,A,HAD NOT BEEN DRINKING,,,F,FEMALE,,C,CA,,,1.0,PassengerCarStationWagonJeep,2007.0,TOYO,,,,,,,,,,,,,,
12684482,3931151,3,Driver,,False,,N,OTHER,Y,MOTOR BICYCLE PASSENGER WITH HELMET,,NONE APPARENT,,W,,,A,STOPPED,A,HAD NOT BEEN DRINKING,,,M,MALE,,C,CA,,,1.0,PassengerCarStationWagonJeep,2015.0,HOND,,,,,,,,,,,,,,
12684481,3931151,2,Driver,,False,,N,OTHER,Y,MOTOR BICYCLE PASSENGER WITH HELMET,,NONE APPARENT,,W,,,A,STOPPED,A,HAD NOT BEEN DRINKING,,,M,MALE,,A,CA,H,HISPANIC,22.0,PickupsAndPanels,1997.0,TOYO,,,,,,,,,,,,,,
12684480,3931151,1,Driver,True,False,,,,Y,MOTOR BICYCLE PASSENGER WITH HELMET,,INATTENTION,OTHER,W,,,B,PROCEEDING STRAIGHT,A,HAD NOT BEEN DRINKING,,,M,MALE,,C,CA,H,HISPANIC,1.0,PassengerCarStationWagonJeep,2009.0,CHEV,,,,,,,,,,,,,,
12684475,3931148,2,Driver,,False,,M,AIR BAG NOT DEPLOYED,G,OCCUPANT LAP SHOULDER HARNESS USED,,,,E,,,B,PROCEEDING STRAIGHT,A,HAD NOT BEEN DRINKING,,,F,FEMALE,,C,CA,A,ASIAN,1.0,PassengerCarStationWagonJeep,2012.0,TOYO,,,,,,,,,,,,,,
12684474,3931148,1,Driver,True,False,,L,AIR BAG DEPLOYED,G,OCCUPANT LAP SHOULDER HARNESS USED,,INATTENTION,OTHER,S,,,B,PROCEEDING STRAIGHT,A,HAD NOT BEEN DRINKING,,,F,FEMALE,,C,CA,A,ASIAN,1.0,PassengerCarStationWagonJeep,2007.0,TOYO,,,,,,,,,,,,,,
12684473,3931147,2,Driver,,False,,L,AIR BAG DEPLOYED,G,OCCUPANT LAP SHOULDER HARNESS USED,,NONE APPARENT,,W,,,B,PROCEEDING STRAIGHT,A,HAD NOT BEEN DRINKING,,,F,FEMALE,,C,CA,H,HISPANIC,1.0,PassengerCarStationWagonJeep,2014.0,DODG,,,,,,,,,,,,,,
12684472,3931147,1,Driver,True,False,,L,AIR BAG DEPLOYED,G,OCCUPANT LAP SHOULDER HARNESS USED,,INATTENTION,OTHER,S,,,B,PROCEEDING STRAIGHT,A,HAD NOT BEEN DRINKING,,,M,MALE,,C,CA,O,OTHER,1.0,PassengerCarStationWagonJeep,2016.0,CHRY,,,,,,,,,,,,,,
12684467,3931144,2,ParkedVehicle,,False,,,,,,,,,,,,O,PARKED,,,,,,,,,,,,1.0,PassengerCarStationWagonJeep,2008.0,TOYO,,,,,,,,,,,,,,
12684466,3931144,1,Driver,True,False,,L,AIR BAG DEPLOYED,G,OCCUPANT LAP SHOULDER HARNESS USED,,,,W,,,B,PROCEEDING STRAIGHT,D,HBD-IMPAIRMENT UNKNOWN,,,M,MALE,,C,CA,W,WHITE,1.0,PassengerCarStationWagonJeep,1998.0,HOND,,,,,,,,,,,,,,
12684465,3931143,2,Driver,,False,,M,AIR BAG NOT DEPLOYED,G,OCCUPANT LAP SHOULDER HARNESS USED,,,,,,,B,PROCEEDING STRAIGHT,A,HAD NOT BEEN DRINKING,,,M,MALE,,C,CA,W,WHITE,7.0,SportUtilityVehicle,2015.0,TOYO,,,,,,,,,,,,,,
12684464,3931143,1,Driver,,False,,,,,,,,,,,,G,BACKING,,,,,M,MALE,,C,CA,A,ASIAN,1.0,PassengerCarStationWagonJeep,2007.0,LEXU,,,,,,,,,,,,,,
12684459,3931140,2,Pedestrian,,False,,,,,,,,,,,,,,,,,,M,MALE,,,,H,HISPANIC,60.0,Pedestrian,,,,,,,,,,,,,,,,
12684458,3931140,1,Driver,True,False,,M,AIR BAG NOT DEPLOYED,G,OCCUPANT LAP SHOULDER HARNESS USED,CELL PHONE NOT IN USE,NONE APPARENT,,S,,,D,MAKING RIGHT TURN,A,HAD NOT BEEN DRINKING,,,M,MALE,,C,CA,A,ASIAN,1.0,PassengerCarStationWagonJeep,2006.0,HOND,,,,,,,,,,,,,,
12684457,3931139,2,Driver,,False,,L,AIR BAG DEPLOYED,G,OCCUPANT LAP SHOULDER HARNESS USED,,,,S,,,B,PROCEEDING STRAIGHT,A,HAD NOT BEEN DRINKING,,,F,FEMALE,,C,CA,W,WHITE,7.0,SportUtilityVehicle,2011.0,HOND,,,,,,,,,,,,,,
12684456,3931139,1,Driver,True,False,,B,UNKNOWN,G,OCCUPANT LAP SHOULDER HARNESS USED,,,,W,,,E,MAKING LEFT TURN,A,HAD NOT BEEN DRINKING,,,F,FEMALE,,C,CA,W,WHITE,22.0,PickupsAndPanels,2005.0,CHEV,,,,,,,,,,,,,,
12684455,3931138,2,Driver,,False,,L,AIR BAG DEPLOYED,G,OCCUPANT LAP SHOULDER HARNESS USED,,,,N,,,B,PROCEEDING STRAIGHT,G,IMPAIRMENT_NOT_KNOWN,,,F,FEMALE,,C,CA,A,ASIAN,8.0,MiniVan,2014.0,TOYO,,,,,,,,,,,,,,
12684454,3931138,1,Driver,,False,,M,AIR BAG NOT DEPLOYED,G,OCCUPANT LAP SHOULDER HARNESS USED,,,,E,,,B,PROCEEDING STRAIGHT,G,IMPAIRMENT_NOT_KNOWN,,,M,MALE,,,CA,H,HISPANIC,22.0,PickupsAndPanels,,NISS,,,,,,,,,,,,,,
12684449,3931135,2,Other,,False,,,,,,,,,,,,,,H,NOT APPLICABLE,,,,,,,,,,1.0,PassengerCarStationWagonJeep,,,,,,,,,,,,,,,,
12684448,3931135,1,Driver,,False,,M,AIR BAG NOT DEPLOYED,G,OCCUPANT LAP SHOULDER HARNESS USED,,INATTENTION,OTHER,W,,,B,PROCEEDING STRAIGHT,A,HAD NOT BEEN DRINKING,,,M,MALE,,C,CA,B,BLACK,1.0,PassengerCarStationWagonJeep,1999.0,HOND,,,,,,,,,,,,,,
12684442,3931132,2,Driver,,False,,L,AIR BAG DEPLOYED,G,OCCUPANT LAP SHOULDER HARNESS USED,,,,E,,,B,PROCEEDING STRAIGHT,C,HBD-NOT UNDER INFLUENCE,,,M,MALE,,C,CA,W,WHITE,,,2014.0,JEEP,,,,,,,,,,,,,,
12684441,3931132,1,Bicyclist,True,False,,,,,,,,,E,,,J,CHANGING LANES,G,IMPAIRMENT_NOT_KNOWN,,,M,MALE,,,,H,HISPANIC,4.0,Bicycle,,,,,,,,,,,,,,,,
12684440,3931131,5,Driver,,False,,M,AIR BAG NOT DEPLOYED,C,OCCUPANT LAP BELT USED,,,,W,,,A,STOPPED,H,NOT APPLICABLE,,,M,MALE,,C,CA,A,ASIAN,,,2012.0,TOYO,,,,,,,,,,,,,,
12684439,3931131,4,Driver,,False,,M,AIR BAG NOT DEPLOYED,C,OCCUPANT LAP BELT USED,,,,W,,,A,STOPPED,H,NOT APPLICABLE,,,F,FEMALE,,C,CA,A,ASIAN,,,1997.0,TOYO,,,,,,,,,,,,,,
12684438,3931131,3,Driver,,False,,L,AIR BAG DEPLOYED,G,OCCUPANT LAP SHOULDER HARNESS USED,,,,W,,,A,STOPPED,A,HAD NOT BEEN DRINKING,,,M,MALE,,C,CA,W,WHITE,,,2013.0,FORD,,,,,,,,,,,,,,
12684437,3931131,2,Driver,,False,,L,AIR BAG DEPLOYED,G,OCCUPANT LAP SHOULDER HARNESS USED,,,,W,,,A,STOPPED,A,HAD NOT BEEN DRINKING,,,M,MALE,,C,CA,H,HISPANIC,,,1995.0,HOND,,,,,,,,,,,,,,
12684436,3931131,1,Driver,True,False,,P,NOT REQUIRED,C,OCCUPANT LAP BELT USED,,,,W,,,B,PROCEEDING STRAIGHT,A,HAD NOT BEEN DRINKING,,,M,MALE,,B,CA,W,WHITE,,,1998.0,OTBX,,,,,,,,,,,,,,
12684426,3931126,1,Driver,True,False,,,,,,,INATTENTION,OTHER,S,,,B,PROCEEDING STRAIGHT,A,HAD NOT BEEN DRINKING,,,M,MALE,,C,CA,A,ASIAN,,,2009.0,TOYO,,,,,,,,,,,,,,
12683241,3930556,3,ParkedVehicle,,False,,,,,,,,,S,,,,,,,,,,,,,,,,,,2014.0,DODG,,,,,,,,,,,,,,
12683240,3930556,2,Driver,,False,,M,AIR BAG NOT DEPLOYED,G,OCCUPANT LAP SHOULDER HARNESS USED,,,,W,,,B,PROCEEDING STRAIGHT,A,HAD NOT BEEN DRINKING,,,M,MALE,,C,CA,W,WHITE,,,2005.0,CHEV,,,,,,,,,,,,,,