PartyId,CollisionId,PartyNumber,PartyType,IsAtFault,IsOnDutyEmergencyVehicle,IsHitAndRun,AirbagCode,AirbagDescription,SafetyEquipmentCode,SafetyEquipmentDescription,Special Information,Other Associate Factor,Inattention,DirectionOfTravel,StreetOrHighwayName,SpeedLimit,MovementPrecCollCode,MovementPrecCollDescription,SobrietyDrugPhysicalCode1,SobrietyDrugPhysicalDescription1,SobrietyDrugPhysicalCode2,SobrietyDrugPhysicalDescription2,GenderCode,GenderDescription,StatedAge,DriverLicenseClass,DriverLicenseStateCode,RaceCode,RaceDesc,Vehicle1TypeId, Vehicle1TypeDesc, Vehicle1Year,Vehicle1Make,Vehicle1Model,Vehicle1Color,V1IsVehicleTowed,Vehicle2TypeId, Vehicle2TypeDesc, Vehicle2Year,Vehicle2Make,Vehicle2Model,Vehicle2Color,V2IsVehicleTowed,Lane,ThruLanes,TotalLanes,IsDREConducted
12699258,3938377,1,Driver,,False,,,,,,,NONE APPARENT,,,,,J,CHANGING LANES,G,IMPAIRMENT_NOT_KNOWN,,,M,MALE,,,CA,H,HISPANIC,22.0,PickupsAndPanels,1996.0,FORD,,,,,,,,,,,,,,
12699137,3938316,2,Other,,False,,,,,,,,,,,,,,,,,,,,,,,,,,,,,,,,,,,,,,,,,,
12699136,3938316,1,Driver,,False,,L,AIR BAG DEPLOYED,B,OCCUPANT UNKNOWN,,,,,,,B,PROCEEDING STRAIGHT,G,IMPAIRMENT_NOT_KNOWN,,,M,MALE,,,CA,H,HISPANIC,,,2000.0,CHEV,,,,,,,,,,,,,,
12696812,3937158,2,Driver,,False,,,,G,OCCUPANT LAP SHOULDER HARNESS USED,,,,N,,,B,PROCEEDING STRAIGHT,A,HAD NOT BEEN DRINKING,,,M,MALE,,C,CA,A,ASIAN,,,2010.0,TOYO,,,,,,,,,,,,,,
12696811,3937158,1,Driver,True,False,,M,AIR BAG NOT DEPLOYED,G,OCCUPANT LAP SHOULDER HARNESS USED,,,,W,,,B,PROCEEDING STRAIGHT,A,HAD NOT BEEN DRINKING,,,M,MALE,,C,CA,H,HISPANIC,,,2010.0,FORD,,,,,,,,,,,,,,
12696795,3937153,2,Driver,,False,,,,,,,,,S,,,R,OTHER,,,,,M,MALE,,C,CA,A,ASIAN,,,2016.0,DUCA,,,,,,,,,,,,,,
12696794,3937153,1,Driver,,False,,,,,,,,,,,,B,PROCEEDING STRAIGHT,,,,,,,,,,,,,,,,,,,,,,,,,,,,,
12696791,3937150,2,Driver,,False,,M,AIR BAG NOT DEPLOYED,G,OCCUPANT LAP SHOULDER HARNESS USED,,,,S,,,B,PROCEEDING STRAIGHT,A,HAD NOT BEEN DRINKING,,,M,MALE,,C,CA,A,ASIAN,,,2006.0,CHEV,,,,,,,,,,,,,,
12696790,3937150,1,Driver,True,False,,M,AIR BAG NOT DEPLOYED,G,OCCUPANT LAP SHOULDER HARNESS USED,,,,,,,G,BACKING,A,HAD NOT BEEN DRINKING,,,M,MALE,,A,CA,H,HISPANIC,,,2001.0,KENW,,,,,,,,,,,,,,
12696488,3937004,2,Driver,,False,,,,G,OCCUPANT LAP SHOULDER HARNESS USED,,,,E,,,A,STOPPED,A,HAD NOT BEEN DRINKING,,,M,MALE,,C,CA,H,HISPANIC,,,2010.0,ACUR,,,,,,,,,,,,,,
12696487,3937004,1,Driver,,False,,,,,,,,,W,,,E,MAKING LEFT TURN,G,IMPAIRMENT_NOT_KNOWN,,,M,MALE,,,,W,WHITE,22.0,PickupsAndPanels,2004.0,CHEV,,,,,,,,,,,,,,
12696245,3936879,2,Driver,,False,,M,AIR BAG NOT DEPLOYED,G,OCCUPANT LAP SHOULDER HARNESS USED,,,,W,,,B,PROCEEDING STRAIGHT,A,HAD NOT BEEN DRINKING,,,M,MALE,,C,CA,H,HISPANIC,,,1998.0,HOND,,,,,,,,,,,,,,
12696244,3936879,1,Driver,,False,,M,AIR BAG NOT DEPLOYED,G,OCCUPANT LAP SHOULDER HARNESS USED,,,,N,,,B,PROCEEDING STRAIGHT,A,HAD NOT BEEN DRINKING,,,F,FEMALE,,C,CA,A,ASIAN,,,2000.0,HOND,,,,,,,,,,,,,,
12696237,3936875,2,Driver,,False,,,,G,OCCUPANT LAP SHOULDER HARNESS USED,,NONE APPARENT,,S,,,A,STOPPED,A,HAD NOT BEEN DRINKING,,,M,MALE,,C,CA,H,HISPANIC,,,,,,,,,,,,,,,,,,
12696236,3936875,1,Driver,True,False,,,,G,OCCUPANT LAP SHOULDER HARNESS USED,,NONE APPARENT,,S,,,B,PROCEEDING STRAIGHT,A,HAD NOT BEEN DRINKING,,,M,MALE,,C,CA,H,HISPANIC,,,1989.0,BUIC,,,,,,,,,,,,,,
12696231,3936872,2,Bicyclist,,False,,,,,,,NONE APPARENT,,N,,,B,PROCEEDING STRAIGHT,A,HAD NOT BEEN DRINKING,,,M,MALE,,,,A,ASIAN,4.0,Bicycle,,,,,,,,,,,,,,,,
12696230,3936872,1,Driver,True,False,,M,AIR BAG NOT DEPLOYED,G,OCCUPANT LAP SHOULDER HARNESS USED,,NONE APPARENT,,S,,,E,MAKING LEFT TURN,A,HAD NOT BEEN DRINKING,,,M,MALE,,C,CA,A,ASIAN,,,2013.0,NISS,,,,,,,,,,,,,,
12696222,3936867,2,Driver,,False,,M,AIR BAG NOT DEPLOYED,G,OCCUPANT LAP SHOULDER HARNESS USED,,NONE APPARENT,,E,,,A,STOPPED,A,HAD NOT BEEN DRINKING,,,M,MALE,,,CA,O,OTHER,,,2013.0,HOND,,,,,,,,,,,,,,
12696221,3936867,1,Driver,True,False,,M,AIR BAG NOT DEPLOYED,G,OCCUPANT LAP SHOULDER HARNESS USED,,VC SECTION VIOLATED - 12500 A / NONE APPARENT,,E,,,B,PROCEEDING STRAIGHT,A,HAD NOT BEEN DRINKING,,,M,MALE,,,,H,HISPANIC,,,1997.0,TOYO,,,,,,,,,,,,,,
12696214,3936863,2,Driver,,False,,,,,,,NONE APPARENT,,S,,,B,PROCEEDING STRAIGHT,A,HAD NOT BEEN DRINKING,,,F,FEMALE,,C,CA,W,WHITE,,,1997.0,OLDS,,,,,,,,,,,,,,
12696213,3936863,1,Driver,True,False,,,,,,,INATTENTION,OTHER,E,,,E,MAKING LEFT TURN,A,HAD NOT BEEN DRINKING,,,M,MALE,,,CA,H,HISPANIC,,,1998.0,BUIC,,,,,,,,,,,,,,
12696208,3936860,2,Driver,,False,,M,AIR BAG NOT DEPLOYED,G,OCCUPANT LAP SHOULDER HARNESS USED,,NONE APPARENT,,N,,,B,PROCEEDING STRAIGHT,A,HAD NOT BEEN DRINKING,,,M,MALE,,C,CA,H,HISPANIC,,,1998.0,CHEV,,,,,,,,,,,,,,
12696207,3936860,1,Driver,True,False,,L,AIR BAG DEPLOYED,G,OCCUPANT LAP SHOULDER HARNESS USED,,NONE APPARENT,,E,,,B,PROCEEDING STRAIGHT,A,HAD NOT BEEN DRINKING,,,M,MALE,,C,CA,H,HISPANIC,,,2003.0,BMWX,,,,,,,,,,,,,,
12714969,3946075,2,Bicyclist,,False,,,,,,,,,,,,B,PROCEEDING STRAIGHT,G,IMPAIRMENT_NOT_KNOWN,,,F,FEMALE,,,,H,HISPANIC,4.0,Bicycle,,,,,,,,,,,,,,,,
12714968,3946075,1,Driver,True,False,,M,AIR BAG NOT DEPLOYED,G,OCCUPANT LAP SHOULDER HARNESS USED,,,,E,,,D,MAKING RIGHT TURN,A,HAD NOT BEEN DRINKING,,,M,MALE,,C,CA,A,ASIAN,,,2006.0,TOYO,,,,,,,,,,,,,,
12714147,3945682,2,Driver,,False,,,,,,,NONE APPARENT,,N,,,,,H,NOT APPLICABLE,,,F,FEMALE,,,,H,HISPANIC,,,,,,,,,,,,,,,,,,
12714146,3945682,1,ParkedVehicle,True,False,,,,,,CELL PHONE NOT IN USE,VC SECTION VIOLATED - 22107,,N,,,O,PARKED,A,HAD NOT BEEN DRINKING,,,,,,,,,,1.0,PassengerCarStationWagonJeep,2003.0,BMWX,,,,,,,,,,,,,,
12714068,3945641,1,Other,,False,,,,,,CELL PHONE NOT IN USE,,,,,,O,PARKED,G,IMPAIRMENT_NOT_KNOWN,,,,,,,,,,1.0,PassengerCarStationWagonJeep,,,,,,,,,,,,,,,,
12712376,3944817,2,Driver,,False,,,,,,,NONE APPARENT,,W,,,A,STOPPED,,,,,M,MALE,,C,CA,W,WHITE,,,2013.0,HYUN,,,,,,,,,,,,,,
12712375,3944817,1,Driver,True,False,,,,,,,INATTENTION,OTHER,N,,,B,PROCEEDING STRAIGHT,,,,,M,MALE,,C,CA,W,WHITE,,,2013.0,DODG,,,,,,,,,,,,,,
12712367,3944813,1,Driver,True,False,,,,,,,NONE APPARENT,,N,,,B,PROCEEDING STRAIGHT,G,IMPAIRMENT_NOT_KNOWN,,,,,,,,,,,,,,,,,,,,,,,,,,,
12725895,3951466,2,Driver,,False,,L,AIR BAG DEPLOYED,G,OCCUPANT LAP SHOULDER HARNESS USED,,,,,,,B,PROCEEDING STRAIGHT,A,HAD NOT BEEN DRINKING,,,M,MALE,,C,CA,A,ASIAN,1.0,PassengerCarStationWagonJeep,1995.0,HOND,,,,,,,,,,,,,,
12725894,3951466,1,Driver,True,False,,M,AIR BAG NOT DEPLOYED,G,OCCUPANT LAP SHOULDER HARNESS USED,,INATTENTION,OTHER,,,,B,PROCEEDING STRAIGHT,A,HAD NOT BEEN DRINKING,,,M,MALE,,C,CA,H,HISPANIC,22.0,PickupsAndPanels,2008.0,GMCX,,,,,,,,,,,,,,
12725887,3951462,2,Driver,,False,,M,AIR BAG NOT DEPLOYED,G,OCCUPANT LAP SHOULDER HARNESS USED,CELL PHONE NOT IN USE,,,S,,,B,PROCEEDING STRAIGHT,A,HAD NOT BEEN DRINKING,,,M,MALE,,C,CA,A,ASIAN,,,2009.0,NISS,,,,,,,,,,,,,,
12725886,3951462,1,Driver,True,False,,M,AIR BAG NOT DEPLOYED,G,OCCUPANT LAP SHOULDER HARNESS USED,CELL PHONE NOT IN USE,,,S,,,J,CHANGING LANES,A,HAD NOT BEEN DRINKING,,,F,FEMALE,,C,CA,W,WHITE,,,1995.0,CHEV,,,,,,,,,,,,,,
12725881,3951459,3,Driver,,False,,M,AIR BAG NOT DEPLOYED,G,OCCUPANT LAP SHOULDER HARNESS USED,,,,S,,,B,PROCEEDING STRAIGHT,A,HAD NOT BEEN DRINKING,,,F,FEMALE,,U,,H,HISPANIC,,,2004.0,TOYO,,,,,,,,,,,,,,
12725880,3951459,2,Driver,,False,,L,AIR BAG DEPLOYED,G,OCCUPANT LAP SHOULDER HARNESS USED,,,,S,,,B,PROCEEDING STRAIGHT,A,HAD NOT BEEN DRINKING,,,M,MALE,,C,CA,A,ASIAN,,,1998.0,NISS,,,,,,,,,,,,,,
12725879,3951459,1,Driver,True,False,,M,AIR BAG NOT DEPLOYED,G,OCCUPANT LAP SHOULDER HARNESS USED,,,,E,,,D,MAKING RIGHT TURN,A,HAD NOT BEEN DRINKING,,,F,FEMALE,,C,CA,,,,,2003.0,FORD,,,,,,,,,,,,,,
12725863,3951450,3,Driver,,False,,L,AIR BAG DEPLOYED,G,OCCUPANT LAP SHOULDER HARNESS USED,,,,S,,,B,PROCEEDING STRAIGHT,,,,,M,MALE,,C,CA,A,ASIAN,,,1999.0,TOYO,,,,,,,,,,,,,,
12725862,3951450,2,Driver,,False,,L,AIR BAG DEPLOYED,G,OCCUPANT LAP SHOULDER HARNESS USED,,,,S,,,B,PROCEEDING STRAIGHT,,,,,M,MALE,,C,CA,H,HISPANIC,,,1981.0,DATS,,,,,,,,,,,,,,
12725861,3951450,1,Driver,True,False,,L,AIR BAG DEPLOYED,S,CHILD IN VEHICLE USE UNKNOWN,,,,S,,,B,PROCEEDING STRAIGHT,,,,,M,MALE,,,CA,H,HISPANIC,,,2000.0,FORD,,,,,,,,,,,,,,
12725856,3951447,1,Driver,,False,,,,W,MOTOR BICYCLE DRIVER WITH HELMET,,NONE APPARENT,,E,,,B,PROCEEDING STRAIGHT,A,HAD NOT BEEN DRINKING,,,M,MALE,,M,CA,W,WHITE,,,2013.0,HARL,,,,,,,,,,,,,,
12725851,3951444,2,Driver,,False,,L,AIR BAG DEPLOYED,G,OCCUPANT LAP SHOULDER HARNESS USED,,,,W,,,B,PROCEEDING STRAIGHT,A,HAD NOT BEEN DRINKING,,,F,FEMALE,,C,CA,B,BLACK,1.0,PassengerCarStationWagonJeep,2003.0,HOND,,,,,,,,,,,,,,
12725850,3951444,1,Driver,True,False,,L,AIR BAG DEPLOYED,G,OCCUPANT LAP SHOULDER HARNESS USED,,,,E,,,B,PROCEEDING STRAIGHT,A,HAD NOT BEEN DRINKING,,,M,MALE,,C,CA,H,HISPANIC,1.0,PassengerCarStationWagonJeep,2015.0,CHEV,,,,,,,,,,,,,,
12725842,3951440,2,Driver,,False,,M,AIR BAG NOT DEPLOYED,G,OCCUPANT LAP SHOULDER HARNESS USED,CELL PHONE NOT IN USE,NONE APPARENT,,E,,,B,PROCEEDING STRAIGHT,A,HAD NOT BEEN DRINKING,,,F,FEMALE,,C,CA,A,ASIAN,,,2017.0,AUDI,,,,,,,,,,,,,,
12725841,3951440,1,Pedestrian,True,False,,,,,,CELL PHONE NOT IN USE,INATTENTION,OTHER,N,,,L,ENTERING TRAFFICD,B,HBD-UNDER INFLUENCE,,,M,MALE,,,,H,HISPANIC,60.0,Pedestrian,,,,,,,,,,,,,,,,
12725835,3951437,2,Driver,,False,,M,AIR BAG NOT DEPLOYED,G,OCCUPANT LAP SHOULDER HARNESS USED,,NONE APPARENT,,E,,,B,PROCEEDING STRAIGHT,A,HAD NOT BEEN DRINKING,,,M,MALE,,C,CA,H,HISPANIC,22.0,PickupsAndPanels,1990.0,TOYO,,,,,,,,,,,,,,
12725834,3951437,1,Driver,True,False,,M,AIR BAG NOT DEPLOYED,G,OCCUPANT LAP SHOULDER HARNESS USED,,NONE APPARENT,,N,,,D,MAKING RIGHT TURN,A,HAD NOT BEEN DRINKING,,,M,MALE,,C,CA,H,HISPANIC,1.0,PassengerCarStationWagonJeep,1994.0,NISS,,,,,,,,,,,,,,
12725829,3951434,2,Driver,,False,,M,AIR BAG NOT DEPLOYED,G,OCCUPANT LAP SHOULDER HARNESS USED,,NONE APPARENT,,E,,,E,MAKING LEFT TURN,A,HAD NOT BEEN DRINKING,,,F,FEMALE,,C,CA,W,WHITE,1.0,PassengerCarStationWagonJeep,2013.0,MAZD,,,,,,,,,,,,,,
12725828,3951434,1,Driver,True,False,,M,AIR BAG NOT DEPLOYED,G,OCCUPANT LAP SHOULDER HARNESS USED,,NONE APPARENT,,N,,,B,PROCEEDING STRAIGHT,A,HAD NOT BEEN DRINKING,,,M,MALE,,C,CA,A,ASIAN,1.0,PassengerCarStationWagonJeep,2013.0,NISS,,,,,,,,,,,,,,
12725813,3951429,2,Driver,,False,,L,AIR BAG DEPLOYED,G,OCCUPANT LAP SHOULDER HARNESS USED,CELL PHONE NOT IN USE,NONE APPARENT,,S,,,B,PROCEEDING STRAIGHT,A,HAD NOT BEEN DRINKING,,,M,MALE,,C,CA,W,WHITE,,,2005.0,HYUN,,,,,,,,,,,,,,
12725812,3951429,1,Driver,,False,,L,AIR BAG DEPLOYED,G,OCCUPANT LAP SHOULDER HARNESS USED,CELL PHONE NOT IN USE,NONE APPARENT,,E,,,B,PROCEEDING STRAIGHT,A,HAD NOT BEEN DRINKING,,,M,MALE,,C,CA,,,,,2010.0,FORD,,,,,,,,,,,,,,
12725805,3951427,2,Driver,,False,,L,AIR BAG DEPLOYED,G,OCCUPANT LAP SHOULDER HARNESS USED,,,,W,,,E,MAKING LEFT TURN,A,HAD NOT BEEN DRINKING,,,M,MALE,,C,CA,,,,,2010.0,MAZD,,,,,,,,,,,,,,
12725804,3951427,1,Driver,,False,,M,AIR BAG NOT DEPLOYED,G,OCCUPANT LAP SHOULDER HARNESS USED,,,,S,,,B,PROCEEDING STRAIGHT,A,HAD NOT BEEN DRINKING,,,F,FEMALE,,C,CA,H,HISPANIC,,,2005.0,NISS,,,,,,,,,,,,,,
12725803,3951424,1,Driver,True,False,,,,,,,STOP & GO TRAFFIC,,S,,,B,PROCEEDING STRAIGHT,A,HAD NOT BEEN DRINKING,,,F,FEMALE,,C,CA,H,HISPANIC,,,2001.0,TOYO,,,,,,,,,,,,,,
12725798,3951421,2,Driver,,False,,M,AIR BAG NOT DEPLOYED,G,OCCUPANT LAP SHOULDER HARNESS USED,,,,W,,,A,STOPPED,A,HAD NOT BEEN DRINKING,,,M,MALE,,C,CA,H,HISPANIC,,,2016.0,TOYO,,,,,,,,,,,,,,
12725797,3951421,1,Driver,True,False,,M,AIR BAG NOT DEPLOYED,G,OCCUPANT LAP SHOULDER HARNESS USED,,VC SECTION VIOLATED - 22100 A,,N,,,D,MAKING RIGHT TURN,A,HAD NOT BEEN DRINKING,,,M,MALE,,C,CA,H,HISPANIC,,,1976.0,CHEV,,,,,,,,,,,,,,
12725672,3951352,2,Pedestrian,,False,,,,,,,,,N,,,,,G,IMPAIRMENT_NOT_KNOWN,,,M,MALE,,,,H,HISPANIC,60.0,Pedestrian,,,,,,,,,,,,,,,,
12725671,3951352,1,Driver,True,False,,,,,,,VC SECTION VIOLATED - 20001,,,,,B,PROCEEDING STRAIGHT,G,IMPAIRMENT_NOT_KNOWN,,,,,,,,,,,,,GMCX,,,,,,,,,,,,,,
12725670,3951351,2,Driver,,False,,L,AIR BAG DEPLOYED,G,OCCUPANT LAP SHOULDER HARNESS USED,,NONE APPARENT,,E,,,,,,,,,M,MALE,,C,CA,B,BLACK,,,2007.0,TOYO,,,,,,,,,,,,,,
12725669,3951351,1,Driver,True,False,,L,AIR BAG DEPLOYED,G,OCCUPANT LAP SHOULDER HARNESS USED,,VC SECTION VIOLATED - 23153,,W,,,,,,,,,M,MALE,,C,CA,H,HISPANIC,,,1997.0,NISS,,,,,,,,,,,,,,
12725662,3951347,2,Driver,,False,,L,AIR BAG DEPLOYED,B,OCCUPANT UNKNOWN,,NONE APPARENT,,N,,,B,PROCEEDING STRAIGHT,G,IMPAIRMENT_NOT_KNOWN,,,F,FEMALE,,,CA,H,HISPANIC,,,2004.0,SUZU,,,,,,,,,,,,,,
12725661,3951347,1,Driver,True,False,,L,AIR BAG DEPLOYED,B,OCCUPANT UNKNOWN,,NONE APPARENT,,W,,,B,PROCEEDING STRAIGHT,G,IMPAIRMENT_NOT_KNOWN,,,M,MALE,,,,B,BLACK,,,1995.0,HOND,,,,,,,,,,,,,,
12725653,3951343,2,Driver,,False,,M,AIR BAG NOT DEPLOYED,G,OCCUPANT LAP SHOULDER HARNESS USED,,NONE APPARENT,,E,,,A,STOPPED,A,HAD NOT BEEN DRINKING,,,M,MALE,,B,CA,B,BLACK,,,,TOYO,,,,,,,,,,,,,,
12725652,3951343,1,Driver,True,False,,,,,,,INATTENTION,OTHER,,,,B,PROCEEDING STRAIGHT,G,IMPAIRMENT_NOT_KNOWN,,,M,MALE,,,,H,HISPANIC,,,2008.0,FORD,,,,,,,,,,,,,,
12725593,3951316,2,Driver,,False,,L,AIR BAG DEPLOYED,G,OCCUPANT LAP SHOULDER HARNESS USED,,,,,,,E,MAKING LEFT TURN,A,HAD NOT BEEN DRINKING,,,F,FEMALE,,C,CA,W,WHITE,,,2004.0,VOLV,,,,,,,,,,,,,,
12725592,3951316,1,Driver,True,False,,L,AIR BAG DEPLOYED,,,,,,,,,B,PROCEEDING STRAIGHT,G,IMPAIRMENT_NOT_KNOWN,,,M,MALE,,,,H,HISPANIC,,,1996.0,NISS,,,,,,,,,,,,,,
12725583,3951311,2,ParkedVehicle,,False,,,,,,,,,,,,O,PARKED,,,,,,,,,,,,1.0,PassengerCarStationWagonJeep,,NISS,,,,,,,,,,,,,,
12725582,3951311,1,Driver,True,False,,M,AIR BAG NOT DEPLOYED,G,OCCUPANT LAP SHOULDER HARNESS USED,,,,W,,,C,RAN OFF ROAD,,,,,M,MALE,,C,CA,H,HISPANIC,1.0,PassengerCarStationWagonJeep,2008.0,HOND,,,,,,,,,,,,,,
12725529,3951284,2,Pedestrian,,False,,,,,,,NONE APPARENT,,N,,,B,PROCEEDING STRAIGHT,G,IMPAIRMENT_NOT_KNOWN,,,F,FEMALE,,,,H,HISPANIC,60.0,Pedestrian,,,,,,,,,,,,,,,,
12725528,3951284,1,Driver,True,False,,,,,,,,,,,,E,MAKING LEFT TURN,G,IMPAIRMENT_NOT_KNOWN,,,,,,,,,,99.0,OtherUnknownHitAndRunDriver,,,,,,,,,,,,,,,,
12725507,3951274,3,Driver,,False,,M,AIR BAG NOT DEPLOYED,G,OCCUPANT LAP SHOULDER HARNESS USED,CELL PHONE NOT IN USE,NONE APPARENT,,S,,,B,PROCEEDING STRAIGHT,A,HAD NOT BEEN DRINKING,,,M,MALE,,C,CA,W,WHITE,,,2008.0,HYUN,,,,,,,,,,,,,,
12725506,3951274,2,Driver,,False,,M,AIR BAG NOT DEPLOYED,G,OCCUPANT LAP SHOULDER HARNESS USED,CELL PHONE HANDSFREE IN USE,NONE APPARENT,,S,,,B,PROCEEDING STRAIGHT,A,HAD NOT BEEN DRINKING,,,M,MALE,,C,CA,W,WHITE,,,2008.0,TOYO,,,,,,,,,,,,,,
12725505,3951274,1,Driver,True,False,,M,AIR BAG NOT DEPLOYED,G,OCCUPANT LAP SHOULDER HARNESS USED,,INATTENTION,OTHER,S,,,J,CHANGING LANES,A,HAD NOT BEEN DRINKING,,,M,MALE,,C,CA,B,BLACK,,,2008.0,NISS,,,,,,,,,,,,,,
12725500,3951271,2,Driver,,True,,,,,,,,,W,,,B,PROCEEDING STRAIGHT,A,HAD NOT BEEN DRINKING,,,M,MALE,,C,CA,,,48.0,PoliceCar,2015.0,FORD,,,,,,,,,,,,,,
12725499,3951271,1,Driver,True,False,,,,,,,INATTENTION,OTHER,N,,,E,MAKING LEFT TURN,A,HAD NOT BEEN DRINKING,,,F,FEMALE,,C,CA,A,ASIAN,,,1997.0,TOYO,,,,,,,,,,,,,,
12725498,3951270,2,Driver,,False,,,,,,,NONE APPARENT,,E,,,B,PROCEEDING STRAIGHT,A,HAD NOT BEEN DRINKING,,,M,MALE,,C,CA,W,WHITE,,,2013.0,SCIO,,,,,,,,,,,,,,
12725497,3951270,1,Pedestrian,True,False,,,,,,,NONE APPARENT,,S,,,R,OTHER,A,HAD NOT BEEN DRINKING,,,M,MALE,,,,A,ASIAN,60.0,Pedestrian,,,,,,,,,,,,,,,,
12725491,3951268,2,Driver,,False,,L,AIR BAG DEPLOYED,G,OCCUPANT LAP SHOULDER HARNESS USED,,VC SECTION VIOLATED - 23152 A,,N,,,B,PROCEEDING STRAIGHT,B,HBD-UNDER INFLUENCE,,,F,FEMALE,,,CA,,,,,2014.0,TOYO,,,,,,,,,,,,,,
12725490,3951268,1,Driver,,False,,M,AIR BAG NOT DEPLOYED,G,OCCUPANT LAP SHOULDER HARNESS USED,,VC SECTION VIOLATED - 21801 A,,W,,,E,MAKING LEFT TURN,A,HAD NOT BEEN DRINKING,,,F,FEMALE,,C,CA,O,OTHER,,,2008.0,LEXU,,,,,,,,,,,,,,
12725489,3951266,2,Driver,,False,,M,AIR BAG NOT DEPLOYED,G,OCCUPANT LAP SHOULDER HARNESS USED,,,,W,,,B,PROCEEDING STRAIGHT,A,HAD NOT BEEN DRINKING,,,F,FEMALE,,,,H,HISPANIC,,,2006.0,GMCX,,,,,,,,,,,,,,
12725488,3951266,1,Driver,True,False,,L,AIR BAG DEPLOYED,G,OCCUPANT LAP SHOULDER HARNESS USED,,,,E,,,E,MAKING LEFT TURN,A,HAD NOT BEEN DRINKING,,,F,FEMALE,,C,CA,A,ASIAN,,,2012.0,FORD,,,,,,,,,,,,,,
12725484,3951263,2,Pedestrian,,False,,,,,,,NONE APPARENT,,N,,,R,OTHER,A,HAD NOT BEEN DRINKING,,,F,FEMALE,,,,W,WHITE,60.0,Pedestrian,,,,,,,,,,,,,,,,
12725483,3951263,1,Driver,True,False,,,,,,,INATTENTION,OTHER,W,,,B,PROCEEDING STRAIGHT,A,HAD NOT BEEN DRINKING,,,F,FEMALE,,C,CA,H,HISPANIC,,,2005.0,MINI,,,,,,,,,,,,,,
12725480,3951261,3,Driver,,False,,M,AIR BAG NOT DEPLOYED,G,OCCUPANT LAP SHOULDER HARNESS USED,,,,E,,,A,STOPPED,A,HAD NOT BEEN DRINKING,,,M,MALE,,C,CA,W,WHITE,,,2004.0,FORD,,,,,,,,,,,,,,
12725479,3951261,2,Driver,,False,,L,AIR BAG DEPLOYED,G,OCCUPANT LAP SHOULDER HARNESS USED,,,,S,,,B,PROCEEDING STRAIGHT,A,HAD NOT BEEN DRINKING,,,M,MALE,,C,CA,A,ASIAN,,,,INFI,,,,,,,,,,,,,,
12725478,3951261,1,Driver,True,False,,M,AIR BAG NOT DEPLOYED,G,OCCUPANT LAP SHOULDER HARNESS USED,,VISION OBSCUREMENT,,W,,,B,PROCEEDING STRAIGHT,A,HAD NOT BEEN DRINKING,,,F,FEMALE,,C,CA,A,ASIAN,,,,TOYO,,,,,,,,,,,,,,
12725477,3951260,2,Driver,,False,,M,AIR BAG NOT DEPLOYED,G,OCCUPANT LAP SHOULDER HARNESS USED,,,,N,,,A,STOPPED,A,HAD NOT BEEN DRINKING,,,M,MALE,,C,CA,H,HISPANIC,,,2007.0,CHEV,,,,,,,,,,,,,,
12725476,3951260,1,Driver,True,False,,M,AIR BAG NOT DEPLOYED,G,OCCUPANT LAP SHOULDER HARNESS USED,,,,N,,,B,PROCEEDING STRAIGHT,A,HAD NOT BEEN DRINKING,,,M,MALE,,C,CA,H,HISPANIC,,,2003.0,VOLK,,,,,,,,,,,,,,
12725475,3951259,2,Driver,,False,,,,,,,NONE APPARENT,,E,,,B,PROCEEDING STRAIGHT,A,HAD NOT BEEN DRINKING,,,M,MALE,,C,CA,H,HISPANIC,,,1996.0,FORD,,,,,,,,,,,,,,
12725474,3951259,1,Driver,True,False,,,,,,,,,N,,,B,PROCEEDING STRAIGHT,G,IMPAIRMENT_NOT_KNOWN,,,M,MALE,,,,H,HISPANIC,,,1999.0,FORD,,,,,,,,,,,,,,
12725473,3951257,2,Driver,,False,,M,AIR BAG NOT DEPLOYED,G,OCCUPANT LAP SHOULDER HARNESS USED,,,,,,,O,PARKED,,,,,F,FEMALE,,C,CA,B,BLACK,,,2016.0,HYUN,,,,,,,,,,,,,,
12725472,3951257,1,Driver,True,False,,M,AIR BAG NOT DEPLOYED,G,OCCUPANT LAP SHOULDER HARNESS USED,,,,,,,G,BACKING,,,,,M,MALE,,B,CA,H,HISPANIC,,,1999.0,FORD,,,,,,,,,,,,,,
12725470,3951256,4,Driver,,False,,,,G,OCCUPANT LAP SHOULDER HARNESS USED,,,,S,,,A,STOPPED,A,HAD NOT BEEN DRINKING,,,U,UNKNOWN,,F,MA,,,,,2016.0,FORD,,,,,,,,,,,,,,
12725469,3951256,3,Driver,,False,,,,G,OCCUPANT LAP SHOULDER HARNESS USED,,,,S,,,H,SLOWING/STOPPING,A,HAD NOT BEEN DRINKING,,,M,MALE,,C,CA,,,,,2010.0,VOLK,,,,,,,,,,,,,,
12725468,3951256,2,Driver,,False,,,,G,OCCUPANT LAP SHOULDER HARNESS USED,,,,S,,,H,SLOWING/STOPPING,A,HAD NOT BEEN DRINKING,,,M,MALE,,C,CA,W,WHITE,,,2002.0,TOYO,,,,,,,,,,,,,,
12725467,3951256,1,Driver,True,False,,L,AIR BAG DEPLOYED,G,OCCUPANT LAP SHOULDER HARNESS USED,CELL PHONE HANDHELD IN USE,VC SECTION VIOLATED - 14601 A,,S,,,B,PROCEEDING STRAIGHT,A,HAD NOT BEEN DRINKING,,,M,MALE,,,CA,H,HISPANIC,,,2006.0,HOND,,,,,,,,,,,,,,
12725466,3951255,2,Driver,,False,,M,AIR BAG NOT DEPLOYED,,,,,,N,,,B,PROCEEDING STRAIGHT,A,HAD NOT BEEN DRINKING,,,M,MALE,,A,CA,H,HISPANIC,,,2010.0,GILL,,,,,,,,,,,,,,
12725465,3951255,1,Driver,True,False,,M,AIR BAG NOT DEPLOYED,G,OCCUPANT LAP SHOULDER HARNESS USED,,,,N,,,D,MAKING RIGHT TURN,A,HAD NOT BEEN DRINKING,,,F,FEMALE,,,CA,H,HISPANIC,,,1997.0,LEXU,,,,,,,,,,,,,,