PartyId,CollisionId,PartyNumber,PartyType,IsAtFault,IsOnDutyEmergencyVehicle,IsHitAndRun,AirbagCode,AirbagDescription,SafetyEquipmentCode,SafetyEquipmentDescription,Special Information,Other Associate Factor,Inattention,DirectionOfTravel,StreetOrHighwayName,SpeedLimit,MovementPrecCollCode,MovementPrecCollDescription,SobrietyDrugPhysicalCode1,SobrietyDrugPhysicalDescription1,SobrietyDrugPhysicalCode2,SobrietyDrugPhysicalDescription2,GenderCode,GenderDescription,StatedAge,DriverLicenseClass,DriverLicenseStateCode,RaceCode,RaceDesc,Vehicle1TypeId, Vehicle1TypeDesc, Vehicle1Year,Vehicle1Make,Vehicle1Model,Vehicle1Color,V1IsVehicleTowed,Vehicle2TypeId, Vehicle2TypeDesc, Vehicle2Year,Vehicle2Make,Vehicle2Model,Vehicle2Color,V2IsVehicleTowed,Lane,ThruLanes,TotalLanes,IsDREConducted
12838876,4007119,2,Driver,,False,,M,AIR BAG NOT DEPLOYED,B,OCCUPANT UNKNOWN,,,,E,,,B,PROCEEDING STRAIGHT,A,HAD NOT BEEN DRINKING,,,M,MALE,,C,CA,H,HISPANIC,,,2013.0,NISS,,,,,,,,,,,,,,
12838875,4007119,1,Pedestrian,True,False,,,,,,,,,S,,,L,ENTERING TRAFFICD,G,IMPAIRMENT_NOT_KNOWN,,,M,MALE,,,,H,HISPANIC,60.0,Pedestrian,,,,,,,,,,,,,,,,
12838858,4007111,2,Driver,,False,,L,AIR BAG DEPLOYED,G,OCCUPANT LAP SHOULDER HARNESS USED,CELL PHONE NOT IN USE,,,N,,,B,PROCEEDING STRAIGHT,A,HAD NOT BEEN DRINKING,,,F,FEMALE,,C,CA,A,ASIAN,,,2014.0,MAZD,,,,,,,,,,,,,,
12838857,4007111,1,Driver,True,False,,L,AIR BAG DEPLOYED,G,OCCUPANT LAP SHOULDER HARNESS USED,CELL PHONE NOT IN USE,,,W,,,B,PROCEEDING STRAIGHT,A,HAD NOT BEEN DRINKING,,,F,FEMALE,,C,CA,A,ASIAN,,,2011.0,TOYO,,,,,,,,,,,,,,
12838853,4007107,2,Driver,,False,,M,AIR BAG NOT DEPLOYED,G,OCCUPANT LAP SHOULDER HARNESS USED,,NONE APPARENT,,W,,,B,PROCEEDING STRAIGHT,A,HAD NOT BEEN DRINKING,,,F,FEMALE,,C,CA,H,HISPANIC,,,2001.0,HYUN,,,,,,,,,,,,,,
12838852,4007107,1,Driver,True,False,,M,AIR BAG NOT DEPLOYED,G,OCCUPANT LAP SHOULDER HARNESS USED,,NONE APPARENT,,W,,,D,MAKING RIGHT TURN,A,HAD NOT BEEN DRINKING,,,M,MALE,,C,CA,H,HISPANIC,,,2000.0,CHEV,,,,,,,,,,,,,,
12838744,4007052,2,Driver,,False,,,,,,,,,,,,B,PROCEEDING STRAIGHT,A,HAD NOT BEEN DRINKING,,,F,FEMALE,,C,CA,,,,,2012.0,MERB,,,,,,,,,,,,,,
12838743,4007052,1,Driver,,False,,,,,,,,,N,,,B,PROCEEDING STRAIGHT,G,IMPAIRMENT_NOT_KNOWN,,,,,,,,,,1.0,PassengerCarStationWagonJeep,,,,,,,,,,,,,,,,
12838526,4006938,2,ParkedVehicle,,False,,,,,,,,,,,,,,,,,,,,,,,,,,,2017.0,FREI,,,,,,,,,,,,,,
12838525,4006938,1,Driver,True,False,,L,AIR BAG DEPLOYED,G,OCCUPANT LAP SHOULDER HARNESS USED,CELL PHONE NOT IN USE,NONE APPARENT,,N,,,C,RAN OFF ROAD,G,IMPAIRMENT_NOT_KNOWN,,,M,MALE,,C,CA,H,HISPANIC,,,2013.0,NISS,,,,,,,,,,,,,,
12838523,4006935,2,Pedestrian,,False,,,,,,,NONE APPARENT,,,,,R,OTHER,A,HAD NOT BEEN DRINKING,,,M,MALE,,,,W,WHITE,60.0,Pedestrian,,,,,,,,,,,,,,,,
12838522,4006935,1,Driver,,False,,,,,,,INATTENTION,OTHER,N,,,B,PROCEEDING STRAIGHT,A,HAD NOT BEEN DRINKING,,,M,MALE,,C,CA,,,22.0,PickupsAndPanels,2016.0,FORD,,,,,,,,,,,,,,
12838129,4006751,2,Bicyclist,,False,,,,,,,,,N,,,B,PROCEEDING STRAIGHT,A,HAD NOT BEEN DRINKING,,,M,MALE,,,,H,HISPANIC,4.0,Bicycle,,,,,,,,,,,,,,,,
12838128,4006751,1,Driver,True,False,,M,AIR BAG NOT DEPLOYED,G,OCCUPANT LAP SHOULDER HARNESS USED,,,,W,,,B,PROCEEDING STRAIGHT,A,HAD NOT BEEN DRINKING,,,F,FEMALE,,,CA,H,HISPANIC,,,2005.0,HOND,,,,,,,,,,,,,,
12838078,4006724,1,Driver,True,False,,M,AIR BAG NOT DEPLOYED,G,OCCUPANT LAP SHOULDER HARNESS USED,,,,E,,,E,MAKING LEFT TURN,A,HAD NOT BEEN DRINKING,,,M,MALE,,C,CA,H,HISPANIC,,,1995.0,FORD,,,,,,,,,,,,,,
12838072,4006721,2,Driver,,False,,M,AIR BAG NOT DEPLOYED,G,OCCUPANT LAP SHOULDER HARNESS USED,,NONE APPARENT,,S,,,A,STOPPED,A,HAD NOT BEEN DRINKING,,,F,FEMALE,,C,CA,W,WHITE,,,2016.0,HOND,,,,,,,,,,,,,,
12838070,4006721,1,Driver,True,False,,M,AIR BAG NOT DEPLOYED,G,OCCUPANT LAP SHOULDER HARNESS USED,,NONE APPARENT,,S,,,B,PROCEEDING STRAIGHT,A,HAD NOT BEEN DRINKING,,,M,MALE,,C,CA,A,ASIAN,,,2011.0,TOYO,,,,,,,,,,,,,,
12857606,4016423,1,Driver,True,False,,N,OTHER,W,MOTOR BICYCLE DRIVER WITH HELMET,,NONE APPARENT,,W,,,D,MAKING RIGHT TURN,A,HAD NOT BEEN DRINKING,,,M,MALE,,C,CA,,,,,2009.0,HOND,,,,,,,,,,,,,,
12857605,4016421,2,Driver,,False,,,,,,,NONE APPARENT,,S,,,B,PROCEEDING STRAIGHT,A,HAD NOT BEEN DRINKING,,,F,FEMALE,,C,CA,H,HISPANIC,,,2004.0,TOYO,,,,,,,,,,,,,,
12857604,4016421,1,Driver,True,False,,,,,,,INATTENTION,OTHER,S,,,B,PROCEEDING STRAIGHT,A,HAD NOT BEEN DRINKING,,,M,MALE,,C,CA,,,,,2009.0,MITS,,,,,,,,,,,,,,
12857603,4016420,2,Driver,,False,,,,,,,,,W,,,B,PROCEEDING STRAIGHT,A,HAD NOT BEEN DRINKING,,,M,MALE,,C,CA,,,1.0,PassengerCarStationWagonJeep,1999.0,HOND,,,,,,,,,,,,,,
12857602,4016420,1,Driver,True,False,,,,,,,,,E,,,E,MAKING LEFT TURN,,,,,F,FEMALE,,,CA,H,HISPANIC,1.0,PassengerCarStationWagonJeep,2003.0,TOYO,,,,,,,,,,,,,,
12857601,4016418,2,Driver,,False,,L,AIR BAG DEPLOYED,,,,INATTENTION,OTHER,W,,,B,PROCEEDING STRAIGHT,A,HAD NOT BEEN DRINKING,,,F,FEMALE,,C,CA,,,1.0,PassengerCarStationWagonJeep,2009.0,TOYO,,,,,,,,,,,,,,
12857600,4016418,1,Driver,True,False,,M,AIR BAG NOT DEPLOYED,,,,VISION OBSCUREMENT,,S,,,B,PROCEEDING STRAIGHT,A,HAD NOT BEEN DRINKING,,,M,MALE,,C,CA,,,1.0,PassengerCarStationWagonJeep,2001.0,MITS,,,,,,,,,,,,,,
12857599,4016419,2,Driver,,False,,,,,,,NONE APPARENT,,E,,,B,PROCEEDING STRAIGHT,A,HAD NOT BEEN DRINKING,,,M,MALE,,C,CA,,,,,2015.0,TOYO,,,,,,,,,,,,,,
12857598,4016419,1,Pedestrian,True,False,,,,,,,NONE APPARENT,,N,,,R,OTHER,A,HAD NOT BEEN DRINKING,,,F,FEMALE,,,,W,WHITE,60.0,Pedestrian,,,,,,,,,,,,,,,,
12857595,4016416,2,Driver,,False,,,,,,,NONE APPARENT,,N,,,B,PROCEEDING STRAIGHT,A,HAD NOT BEEN DRINKING,,,F,FEMALE,,,CA,O,OTHER,1.0,PassengerCarStationWagonJeep,2013.0,FORD,,,,,,,,,,,,,,
12857594,4016416,1,Driver,,False,,,,,,,NONE APPARENT,,N,,,B,PROCEEDING STRAIGHT,A,HAD NOT BEEN DRINKING,,,M,MALE,,,CA,H,HISPANIC,1.0,PassengerCarStationWagonJeep,1994.0,HOND,,,,,,,,,,,,,,
12857593,4016415,3,ParkedVehicle,,False,,,,,,CELL PHONE NOT IN USE,,,N,,,O,PARKED,H,NOT APPLICABLE,,,,,,,,,,,,1972.0,INTE,,,,,,,,,,,,,,
12857592,4016415,2,Driver,,False,,L,AIR BAG DEPLOYED,G,OCCUPANT LAP SHOULDER HARNESS USED,CELL PHONE NOT IN USE,,,N,,,B,PROCEEDING STRAIGHT,A,HAD NOT BEEN DRINKING,,,F,FEMALE,,C,CA,W,WHITE,1.0,PassengerCarStationWagonJeep,2002.0,HOND,,,,,,,,,,,,,,
12857591,4016415,1,Driver,True,False,,M,AIR BAG NOT DEPLOYED,G,OCCUPANT LAP SHOULDER HARNESS USED,CELL PHONE NOT IN USE,,,N,,,J,CHANGING LANES,A,HAD NOT BEEN DRINKING,,,F,FEMALE,,C,CA,W,WHITE,1.0,PassengerCarStationWagonJeep,2003.0,HOND,,,,,,,,,,,,,,
12857590,4016414,2,Driver,,False,,M,AIR BAG NOT DEPLOYED,,,,VC SECTION VIOLATED - 22350 / NONE APPARENT,,S,,,B,PROCEEDING STRAIGHT,A,HAD NOT BEEN DRINKING,,,M,MALE,,D,CA,,,1.0,PassengerCarStationWagonJeep,2008.0,FORD,,,,,,,,,,,,,,
12857589,4016414,1,Driver,True,False,,M,AIR BAG NOT DEPLOYED,,,,NONE APPARENT,,S,,,E,MAKING LEFT TURN,A,HAD NOT BEEN DRINKING,,,F,FEMALE,,C,CA,W,WHITE,1.0,PassengerCarStationWagonJeep,2007.0,NISS,,,,,,,,,,,,,,
12857588,4016413,2,Driver,,False,,,,G,OCCUPANT LAP SHOULDER HARNESS USED,,,,S,,,B,PROCEEDING STRAIGHT,A,HAD NOT BEEN DRINKING,,,F,FEMALE,,C,CA,,,1.0,PassengerCarStationWagonJeep,2016.0,MERB,,,,,,,,,,,,,,
12857587,4016413,1,Driver,True,False,,,,G,OCCUPANT LAP SHOULDER HARNESS USED,,,,W,,,B,PROCEEDING STRAIGHT,A,HAD NOT BEEN DRINKING,,,M,MALE,,C,CA,A,ASIAN,1.0,PassengerCarStationWagonJeep,2016.0,VOLK,,,,,,,,,,,,,,
12857586,4016412,2,Pedestrian,,False,,,,,,,,,S,,,B,PROCEEDING STRAIGHT,A,HAD NOT BEEN DRINKING,,,F,FEMALE,,,,W,WHITE,60.0,Pedestrian,,,,,,,,,,,,,,,,
12857585,4016412,1,Driver,True,False,,M,AIR BAG NOT DEPLOYED,G,OCCUPANT LAP SHOULDER HARNESS USED,,,,E,,,R,OTHER,A,HAD NOT BEEN DRINKING,,,M,MALE,,C,CA,H,HISPANIC,1.0,PassengerCarStationWagonJeep,2015.0,NISS,,,,,,,,,,,,,,
12857584,4016411,3,Pedestrian,,False,,,,,,,NONE APPARENT,,W,,,B,PROCEEDING STRAIGHT,A,HAD NOT BEEN DRINKING,,,F,FEMALE,,,,,,60.0,Pedestrian,,,,,,,,,,,,,,,,
12857583,4016411,2,Driver,,False,,L,AIR BAG DEPLOYED,G,OCCUPANT LAP SHOULDER HARNESS USED,,VC SECTION VIOLATED - 22350,,S,,,B,PROCEEDING STRAIGHT,A,HAD NOT BEEN DRINKING,,,M,MALE,,C,CA,,,1.0,PassengerCarStationWagonJeep,2005.0,ACUR,,,,,,,,,,,,,,
12857582,4016411,1,Driver,True,False,,L,AIR BAG DEPLOYED,G,OCCUPANT LAP SHOULDER HARNESS USED,,NONE APPARENT,,W,,,B,PROCEEDING STRAIGHT,A,HAD NOT BEEN DRINKING,,,M,MALE,,C,CA,,,1.0,PassengerCarStationWagonJeep,2016.0,SUBA,,,,,,,,,,,,,,
12857581,4016410,2,Driver,,False,,,,,,,,,N,,,,,,,,,M,MALE,,C,CA,H,HISPANIC,,,1998.0,,,,,,,,,,,,,,,
12857580,4016410,1,Driver,True,False,,,,G,OCCUPANT LAP SHOULDER HARNESS USED,,,,N,,,,,,,,,F,FEMALE,,C,CA,A,ASIAN,1.0,PassengerCarStationWagonJeep,1998.0,HOND,,,,,,,,,,,,,,
12857577,4016408,2,Driver,,False,,,,,,,,,W,,,D,MAKING RIGHT TURN,A,HAD NOT BEEN DRINKING,,,M,MALE,,C,CA,O,OTHER,1.0,PassengerCarStationWagonJeep,2016.0,JAGU,,,,,,,,,,,,,,
12857576,4016408,1,Bicyclist,True,False,,,,,,,,,N,,,B,PROCEEDING STRAIGHT,A,HAD NOT BEEN DRINKING,,,M,MALE,,,,H,HISPANIC,4.0,Bicycle,,,,,,,,,,,,,,,,
12857565,4016401,2,Pedestrian,,False,,,,,,,,,N,,,B,PROCEEDING STRAIGHT,A,HAD NOT BEEN DRINKING,,,M,MALE,,,,,,60.0,Pedestrian,,,,,,,,,,,,,,,,
12857564,4016401,1,Driver,True,False,,M,AIR BAG NOT DEPLOYED,G,OCCUPANT LAP SHOULDER HARNESS USED,,,,E,,,,,A,HAD NOT BEEN DRINKING,,,F,FEMALE,,C,CA,W,WHITE,,,2015.0,TOYO,,,,,,,,,,,,,,
12857561,4016399,2,Pedestrian,,False,,,,,,,,,N,,,R,OTHER,A,HAD NOT BEEN DRINKING,,,M,MALE,,,,H,HISPANIC,60.0,Pedestrian,,,,,,,,,,,,,,,,
12857560,4016399,1,Driver,True,False,,,,G,OCCUPANT LAP SHOULDER HARNESS USED,,VISION OBSCUREMENT,,E,,,B,PROCEEDING STRAIGHT,A,HAD NOT BEEN DRINKING,,,M,MALE,,C,CA,A,ASIAN,1.0,PassengerCarStationWagonJeep,2009.0,NISS,,,,,,,,,,,,,,
12857559,4016398,2,Driver,,False,,M,AIR BAG NOT DEPLOYED,G,OCCUPANT LAP SHOULDER HARNESS USED,,NONE APPARENT,,S,,,,,A,HAD NOT BEEN DRINKING,,,M,MALE,,C,CA,W,WHITE,,,2008.0,FORD,,,,,,,,,,,,,,
12857558,4016398,1,Pedestrian,True,False,,,,,,,NONE APPARENT,,E,,,E,MAKING LEFT TURN,,,,,M,MALE,,,,W,WHITE,60.0,Pedestrian,,,,,,,,,,,,,,,,
12857557,4016397,2,Pedestrian,,False,,,,,,CELL PHONE NOT IN USE,NONE APPARENT,,N,,,B,PROCEEDING STRAIGHT,A,HAD NOT BEEN DRINKING,,,F,FEMALE,,,,W,WHITE,60.0,Pedestrian,,,,,,,,,,,,,,,,
12857556,4016397,1,Driver,True,False,,M,AIR BAG NOT DEPLOYED,G,OCCUPANT LAP SHOULDER HARNESS USED,CELL PHONE NOT IN USE,NONE APPARENT,,E,,,D,MAKING RIGHT TURN,A,HAD NOT BEEN DRINKING,,,F,FEMALE,,C,CA,A,ASIAN,1.0,PassengerCarStationWagonJeep,2004.0,HOND,,,,,,,,,,,,,,
12857555,4016396,2,Driver,,False,,,,,,CELL PHONE NOT IN USE,NONE APPARENT,,N,,,B,PROCEEDING STRAIGHT,A,HAD NOT BEEN DRINKING,,,F,FEMALE,,C,CA,A,ASIAN,1.0,PassengerCarStationWagonJeep,2000.0,TOYO,,,,,,,,,,,,,,
12857554,4016396,1,Driver,,False,,M,AIR BAG NOT DEPLOYED,G,OCCUPANT LAP SHOULDER HARNESS USED,CELL PHONE NOT IN USE,NONE APPARENT,,W,,,B,PROCEEDING STRAIGHT,A,HAD NOT BEEN DRINKING,,,F,FEMALE,,C,CA,A,ASIAN,1.0,PassengerCarStationWagonJeep,2005.0,FORD,,,,,,,,,,,,,,
12857553,4016395,2,Driver,,False,,M,AIR BAG NOT DEPLOYED,G,OCCUPANT LAP SHOULDER HARNESS USED,CELL PHONE NOT IN USE,NONE APPARENT,,W,,,B,PROCEEDING STRAIGHT,A,HAD NOT BEEN DRINKING,,,M,MALE,,M,CA,H,HISPANIC,,,2013.0,KAWA,,,,,,,,,,,,,,
12857552,4016395,1,Driver,True,False,,M,AIR BAG NOT DEPLOYED,G,OCCUPANT LAP SHOULDER HARNESS USED,CELL PHONE NOT IN USE,NONE APPARENT,,N,,,E,MAKING LEFT TURN,A,HAD NOT BEEN DRINKING,,,F,FEMALE,,C,CA,A,ASIAN,1.0,PassengerCarStationWagonJeep,2013.0,BMWX,,,,,,,,,,,,,,
12857549,4016393,2,Driver,,False,,L,AIR BAG DEPLOYED,G,OCCUPANT LAP SHOULDER HARNESS USED,,NONE APPARENT,,E,,,B,PROCEEDING STRAIGHT,A,HAD NOT BEEN DRINKING,,,M,MALE,,C,CA,H,HISPANIC,1.0,PassengerCarStationWagonJeep,2005.0,HOND,,,,,,,,,,,,,,
12857548,4016393,1,Driver,True,False,,L,AIR BAG DEPLOYED,G,OCCUPANT LAP SHOULDER HARNESS USED,,,,N,,,B,PROCEEDING STRAIGHT,G,IMPAIRMENT_NOT_KNOWN,,,F,FEMALE,,C,CA,H,HISPANIC,1.0,PassengerCarStationWagonJeep,2000.0,FORD,,,,,,,,,,,,,,
12857547,4016392,2,Pedestrian,,False,,,,,,,,,S,,,R,OTHER,A,HAD NOT BEEN DRINKING,,,F,FEMALE,,,,,,60.0,Pedestrian,,,,,,,,,,,,,,,,
12857546,4016392,1,Driver,True,False,,B,UNKNOWN,,,,,,,,,D,MAKING RIGHT TURN,D,HBD-IMPAIRMENT UNKNOWN,,,M,MALE,,C,CA,,,,,2007.0,TOYO,,,,,,,,,,,,,,
12857545,4016391,1,Driver,True,False,,,,G,OCCUPANT LAP SHOULDER HARNESS USED,,NONE APPARENT,,S,,,B,PROCEEDING STRAIGHT,A,HAD NOT BEEN DRINKING,,,M,MALE,,C,CA,H,HISPANIC,1.0,PassengerCarStationWagonJeep,2001.0,HOND,,,,,,,,,,,,,,
12857542,4016389,2,Bicyclist,,False,,,,,,,,,N,,,B,PROCEEDING STRAIGHT,A,HAD NOT BEEN DRINKING,,,M,MALE,,,,O,OTHER,4.0,Bicycle,,,,,,,,,,,,,,,,
12857541,4016389,1,Driver,True,False,,,,,,,,,S,,,E,MAKING LEFT TURN,G,IMPAIRMENT_NOT_KNOWN,,,,,,,,,,,,,,,,,,,,,,,,,,,
12857540,4016388,2,Driver,,False,,M,AIR BAG NOT DEPLOYED,G,OCCUPANT LAP SHOULDER HARNESS USED,,STOP & GO TRAFFIC,,N,,,B,PROCEEDING STRAIGHT,A,HAD NOT BEEN DRINKING,,,F,FEMALE,,C,CA,H,HISPANIC,1.0,PassengerCarStationWagonJeep,2015.0,LEXU,,,,,,,,,,,,,,
12857539,4016388,1,Driver,True,False,,M,AIR BAG NOT DEPLOYED,G,OCCUPANT LAP SHOULDER HARNESS USED,,STOP & GO TRAFFIC,,N,,,B,PROCEEDING STRAIGHT,A,HAD NOT BEEN DRINKING,,,F,FEMALE,,C,CA,,,1.0,PassengerCarStationWagonJeep,1998.0,TOYO,,,,,,,,,,,,,,
12857538,4016387,3,Driver,,False,,M,AIR BAG NOT DEPLOYED,G,OCCUPANT LAP SHOULDER HARNESS USED,,,,W,,,A,STOPPED,A,HAD NOT BEEN DRINKING,,,M,MALE,,C,CA,H,HISPANIC,1.0,PassengerCarStationWagonJeep,2007.0,AUDI,,,,,,,,,,,,,,
12857537,4016387,2,Driver,,False,,,,G,OCCUPANT LAP SHOULDER HARNESS USED,,,,W,,,A,STOPPED,A,HAD NOT BEEN DRINKING,,,M,MALE,,C,CA,H,HISPANIC,1.0,PassengerCarStationWagonJeep,2000.0,DODG,,,,,,,,,,,,,,
12857536,4016387,1,Driver,True,False,,,,G,OCCUPANT LAP SHOULDER HARNESS USED,,,,W,,,B,PROCEEDING STRAIGHT,A,HAD NOT BEEN DRINKING,,,F,FEMALE,,,CA,H,HISPANIC,1.0,PassengerCarStationWagonJeep,2005.0,BMWX,,,,,,,,,,,,,,
12857535,4016386,2,Pedestrian,,False,,,,,,,NONE APPARENT,,W,,,,,A,HAD NOT BEEN DRINKING,,,M,MALE,,,,W,WHITE,60.0,Pedestrian,,,,,,,,,,,,,,,,
12857534,4016386,1,Bicyclist,,False,,,,,,,INATTENTION,OTHER,E,,,B,PROCEEDING STRAIGHT,A,HAD NOT BEEN DRINKING,,,M,MALE,,,,B,BLACK,4.0,Bicycle,,,,,,,,,,,,,,,,
12857533,4016385,2,Driver,,False,,M,AIR BAG NOT DEPLOYED,,,,,,W,,,A,STOPPED,A,HAD NOT BEEN DRINKING,,,F,FEMALE,,C,CA,W,WHITE,1.0,PassengerCarStationWagonJeep,2006.0,BUIC,,,,,,,,,,,,,,
12857532,4016385,1,Driver,True,False,,M,AIR BAG NOT DEPLOYED,,,,,,W,,,H,SLOWING/STOPPING,A,HAD NOT BEEN DRINKING,,,M,MALE,,C,CA,W,WHITE,1.0,PassengerCarStationWagonJeep,1991.0,GMCX,,,,,,,,,,,,,,
12857531,4016384,2,Driver,,False,,,,,,,,,N,,,B,PROCEEDING STRAIGHT,A,HAD NOT BEEN DRINKING,,,M,MALE,,C,CA,H,HISPANIC,1.0,PassengerCarStationWagonJeep,2000.0,NISS,,,,,,,,,,,,,,
12857530,4016384,1,Bicyclist,True,False,,,,,,,,,W,,,B,PROCEEDING STRAIGHT,A,HAD NOT BEEN DRINKING,,,M,MALE,,,,H,HISPANIC,4.0,Bicycle,,,,,,,,,,,,,,,,
12857529,4016383,3,Driver,,False,,,,,,,,,,,,,,,,,,F,FEMALE,,C,CA,W,WHITE,1.0,PassengerCarStationWagonJeep,2014.0,ACUR,,,,,,,,,,,,,,
12857528,4016383,2,Driver,,False,,,,,,,,,W,,,B,PROCEEDING STRAIGHT,,,,,M,MALE,,C,CA,W,WHITE,1.0,PassengerCarStationWagonJeep,1998.0,TOYO,,,,,,,,,,,,,,
12857527,4016383,1,Driver,True,False,,,,,,,,,W,,,A,STOPPED,,,,,F,FEMALE,,C,CA,W,WHITE,1.0,PassengerCarStationWagonJeep,2013.0,DODG,,,,,,,,,,,,,,
12857526,4016382,2,Driver,,False,,M,AIR BAG NOT DEPLOYED,G,OCCUPANT LAP SHOULDER HARNESS USED,,NONE APPARENT,,S,,,B,PROCEEDING STRAIGHT,A,HAD NOT BEEN DRINKING,,,M,MALE,,C,CA,H,HISPANIC,1.0,PassengerCarStationWagonJeep,2002.0,GMCX,,,,,,,,,,,,,,
12857525,4016382,1,Driver,True,False,,M,AIR BAG NOT DEPLOYED,C,OCCUPANT LAP BELT USED,,NONE APPARENT,,N,,,B,PROCEEDING STRAIGHT,A,HAD NOT BEEN DRINKING,,,M,MALE,,C,CA,B,BLACK,1.0,PassengerCarStationWagonJeep,1988.0,FORD,,,,,,,,,,,,,,
12857524,4016381,1,Driver,True,False,,M,AIR BAG NOT DEPLOYED,G,OCCUPANT LAP SHOULDER HARNESS USED,,,,W,,,B,PROCEEDING STRAIGHT,A,HAD NOT BEEN DRINKING,,,F,FEMALE,,C,CA,,,1.0,PassengerCarStationWagonJeep,2001.0,BMWX,,,,,,,,,,,,,,
12857523,4016380,3,Driver,,False,,,,,,,UNINVOLVED VEHICLE,,,,,D,MAKING RIGHT TURN,D,HBD-IMPAIRMENT UNKNOWN,,,,,,,,,,99.0,OtherUnknownHitAndRunDriver,,,,,,,,,,,,,,,,
12857522,4016380,2,Driver,,False,,,,G,OCCUPANT LAP SHOULDER HARNESS USED,,,,W,,,A,STOPPED,A,HAD NOT BEEN DRINKING,,,F,FEMALE,,C,CA,,,1.0,PassengerCarStationWagonJeep,1995.0,HOND,,,,,,,,,,,,,,
12857521,4016380,1,Driver,True,False,,,,G,OCCUPANT LAP SHOULDER HARNESS USED,,,,W,,,B,PROCEEDING STRAIGHT,A,HAD NOT BEEN DRINKING,,,M,MALE,,C,CA,W,WHITE,,,2016.0,FORD,,,,,,,,,,,,,,
12857520,4016379,2,Driver,,False,,,,G,OCCUPANT LAP SHOULDER HARNESS USED,,,,S,,,E,MAKING LEFT TURN,,,,,M,MALE,,C,CA,H,HISPANIC,1.0,PassengerCarStationWagonJeep,2016.0,NISS,,,,,,,,,,,,,,
12857519,4016379,1,Driver,True,False,,,,G,OCCUPANT LAP SHOULDER HARNESS USED,,,,S,,,B,PROCEEDING STRAIGHT,,,,,F,FEMALE,,C,CA,B,BLACK,1.0,PassengerCarStationWagonJeep,2009.0,NISS,,,,,,,,,,,,,,
12857518,4016378,2,Pedestrian,,False,,,,,,,,,W,,,B,PROCEEDING STRAIGHT,A,HAD NOT BEEN DRINKING,,,F,FEMALE,,,,H,HISPANIC,60.0,Pedestrian,,,,,,,,,,,,,,,,
12857517,4016378,1,Driver,True,False,,M,AIR BAG NOT DEPLOYED,G,OCCUPANT LAP SHOULDER HARNESS USED,,,,S,,,,,G,IMPAIRMENT_NOT_KNOWN,,,F,FEMALE,,C,CA,H,HISPANIC,1.0,PassengerCarStationWagonJeep,2011.0,MITS,,,,,,,,,,,,,,
12857516,4016377,2,Driver,,False,,,,,,,NONE APPARENT,,N,,,E,MAKING LEFT TURN,A,HAD NOT BEEN DRINKING,,,M,MALE,,C,CA,W,WHITE,,,2010.0,FORD,,,,,,,,,,,,,,
12857515,4016377,1,Driver,True,False,,,,,,,NONE APPARENT,,E,,,B,PROCEEDING STRAIGHT,A,HAD NOT BEEN DRINKING,,,M,MALE,,C,CA,,,1.0,PassengerCarStationWagonJeep,2008.0,HOND,,,,,,,,,,,,,,
12857512,4016375,3,Pedestrian,,False,,,,,,,NONE APPARENT,,S,,,B,PROCEEDING STRAIGHT,A,HAD NOT BEEN DRINKING,,,F,FEMALE,,,,H,HISPANIC,60.0,Pedestrian,,,,,,,,,,,,,,,,
12857511,4016375,2,Pedestrian,,False,,,,,,,NONE APPARENT,,S,,,B,PROCEEDING STRAIGHT,A,HAD NOT BEEN DRINKING,,,M,MALE,,,,H,HISPANIC,60.0,Pedestrian,,,,,,,,,,,,,,,,
12857510,4016375,1,Driver,True,False,,,,G,OCCUPANT LAP SHOULDER HARNESS USED,,VISION OBSCUREMENT,,E,,,E,MAKING LEFT TURN,A,HAD NOT BEEN DRINKING,,,F,FEMALE,,C,CA,A,ASIAN,1.0,PassengerCarStationWagonJeep,2000.0,HOND,,,,,,,,,,,,,,
12857509,4016374,2,Pedestrian,,False,,,,,,,NONE APPARENT,,N,,,,,A,HAD NOT BEEN DRINKING,,,M,MALE,,,,W,WHITE,60.0,Pedestrian,,,,,,,,,,,,,,,,
12857508,4016374,1,Driver,True,False,,M,AIR BAG NOT DEPLOYED,G,OCCUPANT LAP SHOULDER HARNESS USED,,NONE APPARENT,,E,,,D,MAKING RIGHT TURN,A,HAD NOT BEEN DRINKING,,,M,MALE,,C,CA,W,WHITE,,,2016.0,FORD,,,,,,,,,,,,,,
12857499,4016370,2,Driver,,False,,L,AIR BAG DEPLOYED,G,OCCUPANT LAP SHOULDER HARNESS USED,,NONE APPARENT,,S,,,B,PROCEEDING STRAIGHT,C,HBD-NOT UNDER INFLUENCE,,,M,MALE,,,CA,W,WHITE,1.0,PassengerCarStationWagonJeep,2015.0,NISS,,,,,,,,,,,,,,
12857498,4016370,1,Driver,True,False,,M,AIR BAG NOT DEPLOYED,G,OCCUPANT LAP SHOULDER HARNESS USED,,NONE APPARENT,,S,,,D,MAKING RIGHT TURN,A,HAD NOT BEEN DRINKING,,,M,MALE,,C,CA,A,ASIAN,,,2007.0,HOND,,,,,,,,,,,,,,
12857495,4016368,2,Driver,,False,,,,,,,,,N,,,B,PROCEEDING STRAIGHT,A,HAD NOT BEEN DRINKING,,,F,FEMALE,,C,CA,A,ASIAN,1.0,PassengerCarStationWagonJeep,2012.0,TOYO,,,,,,,,,,,,,,
12857494,4016368,1,Driver,True,False,,L,AIR BAG DEPLOYED,G,OCCUPANT LAP SHOULDER HARNESS USED,,,,S,,,E,MAKING LEFT TURN,G,IMPAIRMENT_NOT_KNOWN,,,M,MALE,,,CA,H,HISPANIC,,,2003.0,BUIC,,,,,,,,,,,,,,